date,stock_id,foreign,trust,dealer,total,dealer_self,dealer_hedge
2015-01-05,2360,60000,-60000,10000,10000,11000,-1000
2015-01-06,2360,709418,-145000,34000,598418,14000,20000
2015-01-07,2360,-70000,-100000,7000,-163000,7000,0
2015-01-08,2360,82000,-101000,-4000,-23000,-19000,15000
2015-01-09,2360,324000,-334000,-15000,-25000,9000,-24000
2015-01-12,2360,-96000,-135000,50000,-181000,0,50000
2015-01-13,2360,68000,0,-49000,19000,-17000,-32000
2015-01-14,2360,122000,0,-4000,118000,-10000,6000
2015-01-15,2360,16000,-7000,-9000,0,-30000,21000
2015-01-16,2360,-358624,-100000,-19000,-477624,-9000,-10000
2015-01-19,2360,-385000,0,15000,-370000,18000,-3000
2015-01-20,2360,-152000,-62000,10000,-204000,-41000,51000
2015-01-21,2360,-80000,-28000,-70011,-178011,-47000,-23011
2015-01-22,2360,64000,2000,-36000,30000,-24000,-12000
2015-01-23,2360,-671000,-42000,27000,-686000,26000,1000
2015-01-26,2360,-1200000,0,15000,-1185000,21000,-6000
2015-01-27,2360,-1066000,-22000,-16000,-1104000,-25000,9000
2015-01-28,2360,-1164000,-313000,44000,-1433000,40000,4000
2015-01-29,2360,-668000,-4000,-6000,-678000,3000,-9000
2015-01-30,2360,-375980,-393000,5000,-763980,0,5000
2015-02-02,2360,-306000,-398000,-4000,-708000,0,-4000
2015-02-03,2360,-343000,-413000,4000,-752000,-5000,9000
2015-02-04,2360,-1000,-284000,-4000,-289000,0,-4000
2015-02-05,2360,-110000,-121000,-4000,-235000,-2000,-2000
2015-02-06,2360,233000,-173000,-2000,58000,0,-2000
2015-02-09,2360,21000,-98000,-20000,-97000,-20000,0
2015-02-10,2360,172000,-100000,-8000,64000,-5000,-3000
2015-02-11,2360,-1212551,-165000,-119000,-1496551,-109000,-10000
2015-02-12,2360,-197000,-88000,-14000,-299000,-20000,6000
2015-02-13,2360,-909000,-24000,-34000,-967000,-23000,-11000
2015-02-24,2360,-362000,58000,-9000,-313000,-13000,4000
2015-02-25,2360,183000,-100000,-28000,55000,-7000,-21000
2015-02-26,2360,2835,61000,-4000,59835,-1000,-3000
2015-03-02,2360,55000,60000,43000,158000,44000,-1000
2015-03-03,2360,750000,-296000,-5000,449000,0,-5000
2015-03-04,2360,42000,35000,-5000,72000,0,-5000
2015-03-05,2360,189000,-160000,-2000,27000,-2000,0
2015-03-06,2360,91000,-1000,-5000,85000,1000,-6000
2015-03-09,2360,-183000,0,19000,-164000,15000,4000
2015-03-10,2360,69000,-120000,-14000,-65000,-11000,-3000
2015-03-11,2360,-339000,5000,15000,-319000,15000,0
2015-03-12,2360,-124000,-194,20000,-104194,21000,-1000
2015-03-13,2360,-41000,0,-5000,-46000,5000,-10000
2015-03-16,2360,87340,-37000,11000,61340,5000,6000
2015-03-17,2360,836060,0,-4000,832060,0,-4000
2015-03-18,2360,280929,-113000,25000,192929,33000,-8000
2015-03-19,2360,265000,0,37000,302000,34000,3000
2015-03-20,2360,320900,0,22000,342900,-7000,29000
2015-03-23,2360,886000,0,-1000,885000,0,-1000
2015-03-24,2360,695900,-130000,0,565900,0,0
2015-03-25,2360,95000,-4000,-10175,80825,-11000,825
2015-03-26,2360,746000,-100000,-56000,590000,-46000,-10000
2015-03-27,2360,476000,-9000,1000,468000,1000,0
2015-03-30,2360,84000,0,0,84000,-1000,1000
2015-03-31,2360,320614,0,2000,322614,0,2000
2015-04-01,2360,656000,0,-9000,647000,-8000,-1000
2015-04-02,2360,380000,0,-1000,379000,0,-1000
2015-04-07,2360,106400,0,16000,122400,0,16000
2015-04-08,2360,161000,-14000,-4000,143000,0,-4000
2015-04-09,2360,76050,0,57000,133050,55000,2000
2015-04-10,2360,86000,0,-20000,66000,-13000,-7000
2015-04-13,2360,-450955,0,-25000,-475955,-30000,5000
2015-04-14,2360,162000,0,-3276,158724,0,-3276
2015-04-15,2360,-556000,1000,4000,-551000,4000,0
2015-04-16,2360,-510700,0,-3344,-514044,-3000,-344
2015-04-17,2360,51000,0,-4000,47000,1000,-5000
2015-04-20,2360,-171000,0,1000,-170000,1000,0
2015-04-21,2360,217000,0,-1000,216000,-1000,0
2015-04-22,2360,247000,0,0,247000,0,0
2015-04-23,2360,94000,-85000,0,9000,0,0
2015-04-24,2360,-281000,-63000,6000,-338000,6000,0
2015-04-27,2360,-56775,0,-5000,-61775,-5000,0
2015-04-28,2360,397000,-13000,7000,391000,7000,0
2015-04-29,2360,216000,-135000,13000,94000,13000,0
2015-04-30,2360,-236000,-78000,-2000,-316000,1000,-3000
2015-05-04,2360,-388000,-19000,-12000,-419000,41000,-53000
2015-05-05,2360,-377000,-13000,2000,-388000,3000,-1000
2015-05-06,2360,613000,-179000,-60000,374000,-59000,-1000
2015-05-07,2360,114000,-67000,-8000,39000,-8000,0
2015-05-08,2360,-382000,0,10000,-372000,10000,0
2015-05-11,2360,-68000,0,2000,-66000,2000,0
2015-05-12,2360,-117000,0,-3000,-120000,-3000,0
2015-05-13,2360,-235000,0,-7000,-242000,-9000,2000
2015-05-14,2360,110000,0,0,110000,0,0
2015-05-15,2360,-37000,0,-13000,-50000,-13000,0
2015-05-18,2360,141000,0,-1000,140000,-1000,0
2015-05-19,2360,43000,0,-1000,42000,0,-1000
2015-05-20,2360,-414000,0,19000,-395000,21000,-2000
2015-05-21,2360,-186000,0,-6000,-192000,-6000,0
2015-05-22,2360,56000,0,-7000,49000,-7000,0
2015-05-25,2360,-93000,0,0,-93000,0,0
2015-05-26,2360,-75000,-22000,0,-97000,0,0
2015-05-27,2360,-866774,0,63000,-803774,63000,0
2015-05-28,2360,42000,0,-38000,4000,-38000,0
2015-05-29,2360,-453000,0,0,-453000,0,0
2015-06-01,2360,-359625,-33000,0,-392625,0,0
2015-06-02,2360,-215000,0,-2000,-217000,-2000,0
2015-06-03,2360,-266000,0,0,-266000,0,0
2015-06-04,2360,162000,-35467,12000,138533,12000,0
2015-06-05,2360,209000,0,4000,213000,4000,0
2015-06-08,2360,189000,0,0,189000,0,0
2015-06-09,2360,37000,0,0,37000,0,0
2015-06-10,2360,-294000,0,1000,-293000,1000,0
2015-06-11,2360,-110000,0,23000,-87000,19000,4000
2015-06-12,2360,-65478,0,0,-65478,0,0
2015-06-15,2360,-90000,0,71000,-19000,71000,0
2015-06-16,2360,-116000,0,43000,-73000,43000,0
2015-06-17,2360,78000,0,-1000,77000,-1000,0
2015-06-18,2360,236000,-1000,0,235000,0,0
2015-06-22,2360,447200,-2000,7000,452200,7000,0
2015-06-23,2360,151000,0,1000,152000,1000,0
2015-06-24,2360,567000,0,2000,569000,1000,1000
2015-06-25,2360,242000,0,3000,245000,-2000,5000
2015-06-26,2360,208000,0,-5000,203000,-5000,0
2015-06-29,2360,258000,0,-43000,215000,-43000,0
2015-06-30,2360,64000,0,-9000,55000,-7000,-2000
2015-07-01,2360,213000,0,-1000,212000,-1000,0
2015-07-02,2360,76000,0,-1000,75000,0,-1000
2015-07-03,2360,198000,0,-1000,197000,0,-1000
2015-07-06,2360,212000,0,0,212000,0,0
2015-07-07,2360,-44475,0,51000,6525,50000,1000
2015-07-08,2360,-125000,0,92000,-33000,92000,0
2015-07-09,2360,22000,0,14000,36000,13000,1000
2015-07-13,2360,64000,0,-10000,54000,-9000,-1000
2015-07-14,2360,26000,0,-14000,12000,-13000,-1000
2015-07-15,2360,11000,2000,70000,83000,71000,-1000
2015-07-16,2360,93614,-10000,-6000,77614,-6000,0
2015-07-17,2360,-28000,5000,0,-23000,0,0
2015-07-20,2360,-24000,0,2000,-22000,2000,0
2015-07-21,2360,192175,0,6000,198175,6000,0
2015-07-22,2360,-153000,0,-2000,-155000,-2000,0
2015-07-23,2360,-21000,0,0,-21000,0,0
2015-07-24,2360,113000,0,0,113000,0,0
2015-07-27,2360,13000,0,31000,44000,19000,12000
2015-07-28,2360,-18000,3000,33000,18000,21000,12000
2015-07-29,2360,-90000,0,0,-90000,0,0
2015-07-30,2360,66000,0,-5000,61000,-2000,-3000
2015-07-31,2360,251000,0,-15000,236000,-6000,-9000
2015-08-03,2360,-268000,0,-27000,-295000,-19000,-8000
2015-08-04,2360,39000,0,20000,59000,11000,9000
2015-08-05,2360,40000,0,13000,53000,4000,9000
2015-08-06,2360,-63000,0,3000,-60000,3000,0
2015-08-07,2360,-274000,0,-13000,-287000,-12000,-1000
2015-08-10,2360,-160000,-50000,-5000,-215000,-2000,-3000
2015-08-11,2360,-156000,0,-4000,-160000,8000,-12000
2015-08-12,2360,137000,0,25000,162000,20000,5000
2015-08-13,2360,4000,0,1000,5000,1000,0
2015-08-14,2360,14000,0,-1000,13000,0,-1000
2015-08-17,2360,9000,0,2000,11000,0,2000
2015-08-18,2360,12000,0,-24000,-12000,-24000,0
2015-08-19,2360,-76000,0,3000,-73000,7000,-4000
2015-08-20,2360,-72000,0,-18000,-90000,-17000,-1000
2015-08-21,2360,59500,0,-8000,51500,-5000,-3000
2015-08-24,2360,-162865,0,4000,-158865,6000,-2000
2015-08-25,2360,55000,210,-7000,48210,-5000,-2000
2015-08-26,2360,918010,0,1000,919010,1000,0
2015-08-27,2360,-118000,0,-2000,-120000,-2000,0
2015-08-28,2360,97000,1000,-3000,95000,-3000,0
2015-08-31,2360,86000,-1000,-2000,83000,-2000,0
2015-09-01,2360,57000,-2000,0,55000,0,0
2015-09-02,2360,76000,0,-6000,70000,-6000,0
2015-09-03,2360,-72360,0,-1000,-73360,-1000,0
2015-09-04,2360,28000,0,0,28000,0,0
2015-09-07,2360,464000,-80000,-3000,381000,-3000,0
2015-09-08,2360,-52000,-30000,0,-82000,0,0
2015-09-09,2360,-23000,-3000,-6000,-32000,-6000,0
2015-09-10,2360,52000,0,0,52000,0,0
2015-09-11,2360,-53000,0,0,-53000,0,0
2015-09-14,2360,-1000,0,0,-1000,0,0
2015-09-15,2360,34000,0,0,34000,0,0
2015-09-16,2360,-49135,0,0,-49135,0,0
2015-09-17,2360,1000,0,0,1000,0,0
2015-09-18,2360,409776,0,-1000,408776,-1000,0
2015-09-21,2360,-63000,4000,2000,-57000,2000,0
2015-09-22,2360,-12000,372,-2000,-13628,-2000,0
2015-09-23,2360,3000,0,0,3000,0,0
2015-09-24,2360,14784,0,-1000,13784,0,-1000
2015-09-25,2360,34000,0,0,34000,0,0
2015-09-30,2360,-1193,0,5000,3807,5000,0
2015-10-01,2360,65525,0,0,65525,0,0
2015-10-02,2360,-51000,2000,0,-49000,0,0
2015-10-05,2360,-199000,0,0,-199000,0,0
2015-10-06,2360,99000,0,3000,102000,3000,0
2015-10-07,2360,191000,0,-3000,188000,-3000,0
2015-10-08,2360,-190000,0,0,-190000,0,0
2015-10-12,2360,168000,0,-2000,166000,-2000,0
2015-10-13,2360,-43000,195000,-5000,147000,-5000,0
2015-10-14,2360,42000,0,1000,43000,1000,0
2015-10-15,2360,221000,104000,0,325000,0,0
2015-10-16,2360,233691,0,-1000,232691,-1000,0
2015-10-19,2360,-190691,0,0,-190691,0,0
2015-10-20,2360,-102329,0,0,-102329,0,0
2015-10-21,2360,62000,0,0,62000,0,0
2015-10-22,2360,-472000,175000,0,-297000,0,0
2015-10-23,2360,-77000,0,18000,-59000,18000,0
2015-10-26,2360,172842,0,0,172842,0,0
2015-10-27,2360,-18000,0,0,-18000,0,0
2015-10-28,2360,-120000,0,0,-120000,0,0
2015-10-29,2360,-92002,0,0,-92002,0,0
2015-10-30,2360,-120000,0,0,-120000,0,0
2015-11-02,2360,-156000,0,0,-156000,0,0
2015-11-03,2360,-83000,0,0,-83000,0,0
2015-11-04,2360,-401000,1000,0,-400000,0,0
2015-11-05,2360,-268000,0,0,-268000,0,0
2015-11-06,2360,-151000,0,0,-151000,0,0
2015-11-09,2360,410000,0,-8000,402000,-8000,0
2015-11-10,2360,-257000,0,0,-257000,0,0
2015-11-11,2360,-368000,0,50000,-318000,50000,0
2015-11-12,2360,-43000,0,0,-43000,0,0
2015-11-13,2360,-41000,0,0,-41000,0,0
2015-11-16,2360,-115000,0,2000,-113000,2000,0
2015-11-17,2360,-65000,0,0,-65000,0,0
2015-11-18,2360,-55000,0,1000,-54000,1000,0
2015-11-19,2360,-255404,0,0,-255404,0,0
2015-11-20,2360,-91000,0,0,-91000,0,0
2015-11-23,2360,-140000,0,0,-140000,0,0
2015-11-24,2360,29000,0,0,29000,0,0
2015-11-25,2360,-27000,0,0,-27000,0,0
2015-11-26,2360,-33000,0,0,-33000,0,0
2015-11-27,2360,57000,0,7000,64000,7000,0
2015-11-30,2360,7956,0,-2000,5956,-2000,0
2015-12-01,2360,31036,0,0,31036,0,0
2015-12-02,2360,-176000,0,-16000,-192000,-16000,0
2015-12-03,2360,-234000,0,53000,-181000,53000,0
2015-12-04,2360,1258000,0,-74000,1184000,-74000,0
2015-12-07,2360,224000,0,-3000,221000,-3000,0
2015-12-08,2360,-619000,100000,0,-519000,0,0
2015-12-09,2360,-303000,0,7000,-296000,7000,0
2015-12-10,2360,50000,0,-7000,43000,-7000,0
2015-12-11,2360,-6000,0,1000,-5000,1000,0
2015-12-14,2360,42723,106864,44000,193587,42000,2000
2015-12-15,2360,-42000,0,32000,-10000,32000,0
2015-12-16,2360,-504000,12000,-36000,-528000,-36000,0
2015-12-17,2360,331000,100000,7000,438000,7000,0
2015-12-18,2360,-593000,0,0,-593000,0,0
2015-12-21,2360,-78000,100000,5000,27000,5000,0
2015-12-22,2360,-507669,0,0,-507669,0,0
2015-12-23,2360,-88000,0,0,-88000,0,0
2015-12-24,2360,-234000,4000,0,-230000,0,0
2015-12-25,2360,-36000,37000,7000,8000,7000,0
2015-12-28,2360,22000,16000,0,38000,0,0
2015-12-29,2360,21000,17000,0,38000,0,0
2015-12-30,2360,56002,0,0,56002,0,0
2015-12-31,2360,-17000,0,0,-17000,0,0
2016-01-04,2360,-198000,17000,0,-181000,0,0
2016-01-05,2360,-95000,0,0,-95000,0,0
2016-01-06,2360,238598,0,0,238598,0,0
2016-01-07,2360,-153000,0,1000,-152000,1000,0
2016-01-08,2360,-2000,0,3000,1000,3000,0
2016-01-11,2360,109000,0,0,109000,0,0
2016-01-12,2360,94000,0,-21000,73000,-21000,0
2016-01-13,2360,-107000,0,-5000,-112000,-5000,0
2016-01-14,2360,15000,-8000,-7000,0,-7000,0
2016-01-15,2360,47257,-3000,-11000,33257,-11000,0
2016-01-18,2360,11000,0,-1000,10000,-1000,0
2016-01-19,2360,-26148,-1000,0,-27148,0,0
2016-01-20,2360,14000,-3000,-2000,9000,-2000,0
2016-01-21,2360,30000,97000,-20000,107000,-20000,0
2016-01-22,2360,-116000,0,0,-116000,0,0
2016-01-25,2360,-175000,0,0,-175000,0,0
2016-01-26,2360,30000,0,-1000,29000,-1000,0
2016-01-27,2360,32000,0,0,32000,0,0
2016-01-28,2360,-8000,30000,0,22000,0,0
2016-01-29,2360,306759,17000,-1000,322759,-1000,0
2016-01-30,2360,0,6000,0,6000,0,0
2016-02-01,2360,-20000,45000,18000,43000,18000,0
2016-02-02,2360,-122000,0,0,-122000,0,0
2016-02-03,2360,-164446,50000,0,-114446,0,0
2016-02-15,2360,-362000,71,10000,-351929,10000,0
2016-02-16,2360,398000,0,9000,407000,9000,0
2016-02-17,2360,-44000,0,4000,-40000,4000,0
2016-02-18,2360,-110000,0,0,-110000,0,0
2016-02-19,2360,-85000,0,0,-85000,0,0
2016-02-22,2360,-350000,0,0,-350000,0,0
2016-02-23,2360,-427000,0,10000,-417000,10000,0
2016-02-24,2360,-6000,150000,-8000,136000,-8000,0
2016-02-25,2360,460000,38000,-2000,496000,-2000,0
2016-02-26,2360,321000,20000,0,341000,0,0
2016-03-01,2360,628000,50000,12000,690000,12000,0
2016-03-02,2360,416000,59000,-2000,473000,-2000,0
2016-03-03,2360,218000,0,-1000,217000,-1000,0
2016-03-04,2360,111000,-87000,-15000,9000,-15000,0
2016-03-07,2360,61000,0,0,61000,0,0
2016-03-08,2360,13000,10000,0,23000,0,0
2016-03-09,2360,-54000,0,0,-54000,0,0
2016-03-10,2360,-29000,0,0,-29000,0,0
2016-03-11,2360,11000,0,9000,20000,9000,0
2016-03-14,2360,4000,0,-2000,2000,-2000,0
2016-03-15,2360,-26000,0,0,-26000,0,0
2016-03-16,2360,-62000,0,8000,-54000,8000,0
2016-03-17,2360,-150000,0,1000,-149000,1000,0
2016-03-18,2360,-20000,0,-2000,-22000,-2000,0
2016-03-21,2360,-153000,0,12000,-141000,12000,0
2016-03-22,2360,-39000,0,-3000,-42000,-3000,0
2016-03-23,2360,-203000,0,-5000,-208000,-5000,0
2016-03-24,2360,10241,-104000,-12000,-105759,-12000,0
2016-03-25,2360,-178000,-140000,-99000,-417000,-99000,0
2016-03-28,2360,156000,-100000,-30000,26000,-30000,0
2016-03-29,2360,7000,0,-3000,4000,-3000,0
2016-03-30,2360,-168000,-100000,0,-268000,0,0
2016-03-31,2360,-62000,0,-10000,-72000,-10000,0
2016-04-01,2360,-21000,-10000,-14000,-45000,-14000,0
2016-04-06,2360,-196000,0,-38000,-234000,-38000,0
2016-04-07,2360,-76000,0,-62000,-138000,-62000,0
2016-04-08,2360,-22000,-20000,-25000,-67000,-25000,0
2016-04-11,2360,-208000,0,-42600,-250600,-42600,0
2016-04-12,2360,147000,0,-1000,146000,-1000,0
2016-04-13,2360,-546000,0,2000,-544000,2000,0
2016-04-14,2360,-480000,0,6000,-474000,10000,-4000
2016-04-15,2360,5000,-2000,0,3000,0,0
2016-04-18,2360,-186000,0,0,-186000,0,0
2016-04-19,2360,-112000,0,4000,-108000,4000,0
2016-04-20,2360,-151000,0,10000,-141000,0,10000
2016-04-21,2360,-122000,-20000,0,-142000,0,0
2016-04-22,2360,-181000,0,0,-181000,-10000,10000
2016-04-25,2360,-166000,0,-2000,-168000,-2000,0
2016-04-26,2360,74000,0,-1000,73000,-1000,0
2016-04-27,2360,-116000,-83000,0,-199000,0,0
2016-04-28,2360,-59000,-57000,-1000,-117000,-1000,0
2016-04-29,2360,588000,0,-14000,574000,-2000,-12000
2016-05-03,2360,376000,0,0,376000,0,0
2016-05-04,2360,-55000,0,0,-55000,0,0
2016-05-05,2360,291000,0,0,291000,0,0
2016-05-06,2360,224279,142000,0,366279,0,0
2016-05-09,2360,-137000,100000,0,-37000,0,0
2016-05-10,2360,440700,-170,10000,450530,9000,1000
2016-05-11,2360,166000,0,-1000,165000,0,-1000
2016-05-12,2360,111000,0,10000,121000,10000,0
2016-05-13,2360,161000,0,-3000,158000,-3000,0
2016-05-16,2360,131321,0,1000,132321,1000,0
2016-05-17,2360,254000,0,20000,274000,20000,0
2016-05-18,2360,566485,0,2000,568485,2000,0
2016-05-19,2360,722000,0,19000,741000,19000,0
2016-05-20,2360,5372,0,-1000,4372,-1000,0
2016-05-23,2360,272296,0,6000,278296,6000,0
2016-05-24,2360,198000,0,6000,204000,6000,0
2016-05-25,2360,140000,0,8000,148000,8000,0
2016-05-26,2360,643586,0,8000,651586,8000,0
2016-05-27,2360,66000,0,7000,73000,7000,0
2016-05-30,2360,121000,0,0,121000,0,0
2016-05-31,2360,118000,0,10000,128000,10000,0
2016-06-01,2360,-36283,0,15000,-21283,15000,0
2016-06-02,2360,130000,0,-1000,129000,-1000,0
2016-06-03,2360,78000,0,0,78000,0,0
2016-06-06,2360,927000,0,0,927000,0,0
2016-06-07,2360,192000,50000,9000,251000,9000,0
2016-06-08,2360,14000,0,-24000,-10000,-24000,0
2016-06-13,2360,573000,-144000,-77000,352000,-77000,0
2016-06-14,2360,226000,0,-51900,174100,-51900,0
2016-06-15,2360,57000,0,-42000,15000,-42000,0
2016-06-16,2360,732000,0,-40000,692000,-40000,0
2016-06-17,2360,-152000,1000,-55000,-206000,-55000,0
2016-06-20,2360,-55800,120000,9000,73200,6000,3000
2016-06-21,2360,69000,0,-29000,40000,-29000,0
2016-06-22,2360,-71000,0,-16000,-87000,-16000,0
2016-06-23,2360,29000,0,-2000,27000,0,-2000
2016-06-24,2360,-42000,-2000,-23000,-67000,-22000,-1000
2016-06-27,2360,-15200,-3000,-6000,-24200,-6000,0
2016-06-28,2360,-107700,1000,-19000,-125700,-19000,0
2016-06-29,2360,64000,0,-10000,54000,-10000,0
2016-06-30,2360,-99556,0,-4000,-103556,-1000,-3000
2016-07-01,2360,-37000,0,-15000,-52000,-13000,-2000
2016-07-04,2360,-33000,0,-28000,-61000,-28000,0
2016-07-05,2360,-90000,0,-3000,-93000,-3000,0
2016-07-06,2360,-24000,0,-4000,-28000,-1000,-3000
2016-07-07,2360,22000,0,-20000,2000,-20000,0
2016-07-11,2360,262000,0,0,262000,0,0
2016-07-12,2360,118000,30000,-10000,138000,-10000,0
2016-07-13,2360,72000,0,0,72000,0,0
2016-07-14,2360,154000,0,0,154000,0,0
2016-07-15,2360,-72000,0,0,-72000,0,0
2016-07-18,2360,-25000,20000,0,-5000,0,0
2016-07-19,2360,238000,24000,-3000,259000,-3000,0
2016-07-20,2360,178000,-1000,10000,187000,0,10000
2016-07-21,2360,140000,22000,-3000,159000,-3000,0
2016-07-22,2360,136000,-89000,-50000,-3000,-70000,20000
2016-07-25,2360,44000,-55000,-3000,-14000,-3000,0
2016-07-26,2360,11000,10000,1000,22000,1000,0
2016-07-27,2360,-94000,0,0,-94000,0,0
2016-07-28,2360,18000,5000,1000,24000,1000,0
2016-07-29,2360,204000,172679,-3000,373679,-3000,0
2016-08-01,2360,1296000,105000,-11000,1390000,-6000,-5000
2016-08-02,2360,1025000,-10000,241000,1256000,257000,-16000
2016-08-03,2360,1128543,29000,147000,1304543,147000,0
2016-08-04,2360,774000,39000,130000,943000,130000,0
2016-08-05,2360,952000,218000,113000,1283000,95000,18000
2016-08-08,2360,488000,-11000,486000,963000,470000,16000
2016-08-09,2360,293000,-10000,-48000,235000,-12000,-36000
2016-08-10,2360,656784,0,84000,740784,84000,0
2016-08-11,2360,216000,55000,40000,311000,40000,0
2016-08-12,2360,206000,-10000,18000,214000,18000,0
2016-08-15,2360,273000,-10000,2000,265000,3000,-1000
2016-08-16,2360,57557,-1000,12000,68557,32000,-20000
2016-08-17,2360,75982,-20000,-118000,-62018,-118000,0
2016-08-18,2360,276000,-10000,-71000,195000,-71000,0
2016-08-19,2360,54018,0,45400,99418,45400,0
2016-08-22,2360,91000,-10000,113981,194981,113981,0
2016-08-23,2360,444000,0,55000,499000,55000,0
2016-08-24,2360,169000,-1000,-105000,63000,-105000,0
2016-08-25,2360,180000,2000,-35000,147000,-17000,-18000
2016-08-26,2360,-63000,-10000,1000,-72000,1000,0
2016-08-29,2360,157000,0,-91000,66000,-91000,0
2016-08-30,2360,13000,0,-52000,-39000,-52000,0
2016-08-31,2360,88000,0,-84000,4000,-72000,-12000
2016-09-01,2360,-505000,-7000,-130000,-642000,-130000,0
2016-09-02,2360,557000,-25000,-279000,253000,-279000,0
2016-09-05,2360,-423000,-99000,49000,-473000,49000,0
2016-09-06,2360,62000,-10000,-37000,15000,-37000,0
2016-09-07,2360,74000,0,-5000,69000,-5000,0
2016-09-08,2360,476000,20000,0,496000,0,0
2016-09-09,2360,126000,120000,6000,252000,6000,0
2016-09-10,2360,0,0,-5000,-5000,-5000,0
2016-09-12,2360,287000,0,-121000,166000,-121000,0
2016-09-13,2360,164000,0,-21000,143000,-21000,0
2016-09-14,2360,183000,1000,-23000,161000,-23000,0
2016-09-19,2360,281700,0,12000,293700,2000,10000
2016-09-20,2360,57000,0,-167000,-110000,-167000,0
2016-09-21,2360,203000,0,-60000,143000,-90000,30000
2016-09-22,2360,61000,0,-11000,50000,-6000,-5000
2016-09-23,2360,-289000,9000,-50000,-330000,-43000,-7000
2016-09-26,2360,-448000,15000,0,-433000,0,0
2016-09-29,2360,807048,280000,-288000,799048,-288000,0
2016-09-30,2360,-87000,-1952,0,-88952,0,0
2016-10-03,2360,10000,50000,2000,62000,2000,0
2016-10-04,2360,56930,-73000,0,-16070,0,0
2016-10-05,2360,474000,0,0,474000,0,0
2016-10-06,2360,396000,13000,0,409000,0,0
2016-10-07,2360,385000,1000,11000,397000,11000,0
2016-10-11,2360,70000,60000,6000,136000,6000,0
2016-10-12,2360,0,0,17000,17000,17000,0
2016-10-13,2360,-58000,0,0,-58000,0,0
2016-10-14,2360,-110000,22000,-88000,-176000,-88000,0
2016-10-17,2360,208000,-25000,-14000,169000,-14000,0
2016-10-18,2360,-41000,10000,-1000,-32000,-1000,0
2016-10-19,2360,280000,0,7000,287000,-3000,10000
2016-10-20,2360,296400,41000,0,337400,0,0
2016-10-21,2360,-81000,57000,-3000,-27000,-3000,0
2016-10-24,2360,314000,-106000,0,208000,0,0
2016-10-25,2360,-429127,-104000,15000,-518127,16000,-1000
2016-10-26,2360,-955000,-160000,-9000,-1124000,-9000,0
2016-10-27,2360,130000,-304000,1000,-173000,1000,0
2016-10-28,2360,-25000,0,-24000,-49000,-24000,0
2016-10-31,2360,119000,-11000,0,108000,0,0
2016-11-01,2360,5432,0,0,5432,0,0
2016-11-02,2360,139000,271,9000,148271,9000,0
2016-11-03,2360,166000,-156000,5000,15000,5000,0
2016-11-04,2360,35000,-99000,1000,-63000,1000,0
2016-11-07,2360,119000,-35000,3000,87000,3000,0
2016-11-08,2360,-92000,-86000,-6000,-184000,-6000,0
2016-11-09,2360,-185000,-87000,-16000,-288000,-16000,0
2016-11-10,2360,102000,-24000,-5000,73000,-5000,0
2016-11-11,2360,-38000,-35000,-3000,-76000,-3000,0
2016-11-14,2360,-64000,-42000,1000,-105000,2000,-1000
2016-11-15,2360,18000,0,-1000,17000,-1000,0
2016-11-16,2360,-235000,0,-4000,-239000,-4000,0
2016-11-17,2360,2000,-118000,-6000,-122000,-6000,0
2016-11-18,2360,-20000,0,33000,13000,33000,0
2016-11-21,2360,-80483,0,-10000,-90483,-10000,0
2016-11-22,2360,256653,-230000,7000,33653,7000,0
2016-11-23,2360,111000,0,0,111000,0,0
2016-11-24,2360,22000,0,0,22000,0,0
2016-11-25,2360,9000,0,0,9000,0,0
2016-11-28,2360,220000,0,0,220000,0,0
2016-11-29,2360,-29000,-11000,-10000,-50000,0,-10000
2016-11-30,2360,249000,0,32000,281000,32000,0
2016-12-01,2360,-98175,10000,10000,-78175,10000,0
2016-12-02,2360,-155000,0,4000,-151000,4000,0
2016-12-05,2360,-45000,0,3000,-42000,3000,0
2016-12-06,2360,-88000,0,14000,-74000,14000,0
2016-12-07,2360,28000,0,21000,49000,21000,0
2016-12-08,2360,-97000,0,-2000,-99000,-2000,0
2016-12-09,2360,-234283,0,20738,-213545,21000,-262
2016-12-12,2360,-231000,0,5000,-226000,5000,0
2016-12-13,2360,-132000,0,-10000,-142000,-10000,0
2016-12-14,2360,-33800,0,0,-33800,0,0
2016-12-15,2360,-69000,0,1000,-68000,1000,0
2016-12-16,2360,-370014,0,7000,-363014,7000,0
2016-12-19,2360,-111000,0,-8000,-119000,-8000,0
2016-12-20,2360,-114000,0,8000,-106000,8000,0
2016-12-21,2360,-257000,179000,40000,-38000,0,40000
2016-12-22,2360,-30000,0,-40000,-70000,-40000,0
2016-12-23,2360,-80850,0,1000,-79850,1000,0
2016-12-26,2360,-145000,0,-5000,-150000,-5000,0
2016-12-27,2360,-161000,0,-2000,-163000,-2000,0
2016-12-28,2360,-114000,0,0,-114000,0,0
2016-12-29,2360,-32000,0,0,-32000,0,0
2016-12-30,2360,-274000,0,0,-274000,0,0
2017-01-03,2360,-226000,0,0,-226000,0,0
2017-01-04,2360,-100000,10000,19000,-71000,19000,0
2017-01-05,2360,-140000,0,205000,65000,205000,0
2017-01-06,2360,501274,16000,104000,621274,116000,-12000
2017-01-09,2360,-171000,122000,68000,19000,68000,0
2017-01-10,2360,630000,10000,126000,766000,126000,0
2017-01-11,2360,329000,180000,-8000,501000,0,-8000
2017-01-12,2360,-83000,60000,-17000,-40000,0,-17000
2017-01-13,2360,-315000,50000,0,-265000,0,0
2017-01-16,2360,-4000,10000,-2000,4000,-2000,0
2017-01-17,2360,-15000,100000,1000,86000,1000,0
2017-01-18,2360,-269833,-54000,-87000,-410833,-87000,0
2017-01-19,2360,72514,0,-5000,67514,-5000,0
2017-01-20,2360,52000,0,0,52000,0,0
2017-01-23,2360,-28000,140,-1000,-28860,0,-1000
2017-01-24,2360,-41000,37000,0,-4000,0,0
2017-02-02,2360,667405,15000,80000,762405,80000,0
2017-02-03,2360,42000,25000,52000,119000,51000,1000
2017-02-06,2360,-128280,0,0,-128280,0,0
2017-02-07,2360,233000,0,49000,282000,49000,0
2017-02-08,2360,505000,0,35000,540000,35000,0
2017-02-09,2360,-9000,15000,51000,57000,51000,0
2017-02-10,2360,14000,-10000,137000,141000,137000,0
2017-02-13,2360,68000,90000,77000,235000,87000,-10000
2017-02-14,2360,-647000,90000,100000,-457000,100000,0
2017-02-15,2360,-203000,0,-11000,-214000,-11000,0
2017-02-16,2360,-309000,45000,-53000,-317000,-64000,11000
2017-02-17,2360,21786,0,60000,81786,20000,40000
2017-02-18,2360,-125000,0,-37000,-162000,-37000,0
2017-02-20,2360,-306000,50000,-71000,-327000,-65000,-6000
2017-02-21,2360,-590000,0,72845,-517155,50845,22000
2017-02-22,2360,2106000,525000,-303000,2328000,-244000,-59000
2017-02-23,2360,280999,157000,226000,663999,237000,-11000
2017-02-24,2360,-90000,-99000,30000,-159000,30000,0
2017-03-01,2360,837000,0,-50000,787000,-50000,0
2017-03-02,2360,842000,107000,-81000,868000,-91000,10000
2017-03-03,2360,450000,800000,-21000,1229000,-21000,0
2017-03-06,2360,629000,52000,84310,765310,69310,15000
2017-03-07,2360,151432,72000,94000,317432,89000,5000
2017-03-08,2360,-143000,586000,-40000,403000,-40000,0
2017-03-09,2360,44000,383000,69000,496000,69000,0
2017-03-10,2360,269000,10000,142000,421000,142000,0
2017-03-13,2360,-39000,0,-24000,-63000,-24000,0
2017-03-14,2360,260000,66000,-35000,291000,-35000,0
2017-03-15,2360,713000,18000,-5000,726000,-95000,90000
2017-03-16,2360,950000,137000,30000,1117000,30000,0
2017-03-17,2360,379000,80000,-76000,383000,-76000,0
2017-03-20,2360,-88000,206000,-42000,76000,-52000,10000
2017-03-21,2360,500774,-5000,-38000,457774,-38000,0
2017-03-22,2360,-154177,-62000,-56000,-272177,-56000,0
2017-03-23,2360,873175,-55000,-465000,353175,-484000,19000
2017-03-24,2360,771000,0,-273000,498000,-273000,0
2017-03-27,2360,82000,0,-54000,28000,-54000,0
2017-03-28,2360,-488000,304000,-106000,-290000,-106000,0
2017-03-29,2360,288000,0,-48000,240000,-48000,0
2017-03-30,2360,-170000,28000,-26000,-168000,-26000,0
2017-03-31,2360,164000,-180000,-2000,-18000,-2000,0
2017-04-05,2360,-3480,28000,-10000,14520,-10000,0
2017-04-06,2360,-78000,0,-7000,-85000,-6000,-1000
2017-04-07,2360,-264000,0,-42000,-306000,-42000,0
2017-04-10,2360,42000,-10000,-22000,10000,-35000,13000
2017-04-11,2360,282000,45000,-42000,285000,-42000,0
2017-04-12,2360,-217000,0,-5000,-222000,-5000,0
2017-04-13,2360,-44000,38000,-8000,-14000,-8000,0
2017-04-14,2360,-1000,-2000,-3000,-6000,1000,-4000
2017-04-17,2360,476400,0,-96000,380400,-93000,-3000
2017-04-18,2360,29000,105000,2000,136000,0,2000
2017-04-19,2360,840000,0,-36000,804000,8000,-44000
2017-04-20,2360,393000,-45000,-5000,343000,-10000,5000
2017-04-21,2360,386421,23000,13000,422421,-1000,14000
2017-04-24,2360,163000,0,-22000,141000,0,-22000
2017-04-25,2360,823000,-96,1000,823904,0,1000
2017-04-26,2360,419000,360000,-56000,723000,-62000,6000
2017-04-27,2360,-41000,-40000,18000,-63000,-64000,82000
2017-04-28,2360,-24010,-210000,-26000,-260010,0,-26000
2017-05-02,2360,22000,-83000,-84000,-145000,9000,-93000
2017-05-03,2360,95000,-78000,-16000,1000,-16000,0
2017-05-04,2360,323000,-25000,-61000,237000,-52000,-9000
2017-05-05,2360,101000,-191000,-4000,-94000,0,-4000
2017-05-08,2360,100699,-66000,-12000,22699,-17000,5000
2017-05-09,2360,326000,-30000,-23000,273000,-7000,-16000
2017-05-10,2360,1096000,30000,26000,1152000,-75000,101000
2017-05-11,2360,518000,0,-62000,456000,17000,-79000
2017-05-12,2360,11000,0,15000,26000,15000,0
2017-05-15,2360,85000,73000,8000,166000,-10000,18000
2017-05-16,2360,681834,0,-50000,631834,-16000,-34000
2017-05-17,2360,658000,-81000,-24000,553000,-35000,11000
2017-05-18,2360,-360000,0,-10000,-370000,9000,-19000
2017-05-19,2360,381000,-30000,-3000,348000,-11000,8000
2017-05-22,2360,411000,0,-5000,406000,-24000,19000
2017-05-23,2360,215000,-20000,-5000,190000,0,-5000
2017-05-24,2360,42000,0,-1000,41000,3000,-4000
2017-05-25,2360,116000,0,-5000,111000,1000,-6000
2017-05-26,2360,9513,0,-7000,2513,-4000,-3000
2017-05-31,2360,81000,0,-13000,68000,-10000,-3000
2017-06-01,2360,46000,-30000,33000,49000,14000,19000
2017-06-02,2360,65000,0,-2000,63000,4000,-6000
2017-06-03,2360,0,150000,-6000,144000,-1000,-5000
2017-06-05,2360,12000,-63000,15000,-36000,5000,10000
2017-06-06,2360,303000,-8000,82000,377000,-1000,83000
2017-06-07,2360,304907,0,-64000,240907,-20000,-44000
2017-06-08,2360,169800,0,48000,217800,0,48000
2017-06-09,2360,555000,-83000,-23000,449000,-1000,-22000
2017-06-12,2360,-219000,-138000,-12000,-369000,0,-12000
2017-06-13,2360,102572,0,9000,111572,0,9000
2017-06-14,2360,152000,0,-39119,112881,-40119,1000
2017-06-15,2360,148048,0,-25000,123048,-13000,-12000
2017-06-16,2360,36000,0,7000,43000,0,7000
2017-06-19,2360,377421,0,-36000,341421,-79000,43000
2017-06-20,2360,-58000,1000,-53000,-110000,-13000,-40000
2017-06-21,2360,790311,-80000,6000,716311,-111000,117000
2017-06-22,2360,541911,0,45000,586911,-30000,75000
2017-06-23,2360,308000,0,-65000,243000,0,-65000
2017-06-26,2360,273000,0,21000,294000,24000,-3000
2017-06-27,2360,388000,-100000,111000,399000,25000,86000
2017-06-28,2360,115763,-13000,-49000,53763,-12000,-37000
2017-06-29,2360,229000,0,4000,233000,0,4000
2017-06-30,2360,44586,-25000,26000,45586,0,26000
2017-07-03,2360,-39000,0,4000,-35000,13000,-9000
2017-07-04,2360,514396,-500000,8000,22396,1000,7000
2017-07-05,2360,-195000,-25000,22000,-198000,22000,0
2017-07-06,2360,-5000,-99000,-8000,-112000,0,-8000
2017-07-07,2360,4889,0,-28000,-23111,-6000,-22000
2017-07-10,2360,-37230,0,-10000,-47230,-14000,4000
2017-07-11,2360,218141,-31000,10000,197141,1000,9000
2017-07-12,2360,28000,0,6000,34000,-15000,21000
2017-07-13,2360,243498,-100000,-17000,126498,-5000,-12000
2017-07-14,2360,502402,0,-24000,478402,-37000,13000
2017-07-17,2360,32000,39,-9000,23039,0,-9000
2017-07-18,2360,511000,-10000,9000,510000,-49000,58000
2017-07-19,2360,80000,0,-59000,21000,-10000,-49000
2017-07-20,2360,185000,0,143000,328000,57000,86000
2017-07-21,2360,185483,0,374000,559483,101000,273000
2017-07-24,2360,194000,79000,-252000,21000,-74000,-178000
2017-07-25,2360,538900,-27000,-87000,424900,-20000,-67000
2017-07-26,2360,260000,-240000,-82000,-62000,-20000,-62000
2017-07-27,2360,28000,0,-55000,-27000,-2000,-53000
2017-07-28,2360,-41595,-27000,9000,-59595,0,9000
2017-07-31,2360,-105000,0,-15000,-120000,-1000,-14000
2017-08-01,2360,-607000,-40000,54000,-593000,7000,47000
2017-08-02,2360,-613000,-200000,18000,-795000,33000,-15000
2017-08-03,2360,219000,-179000,64000,104000,-7000,71000
2017-08-04,2360,-72000,-18000,-69000,-159000,3000,-72000
2017-08-07,2360,9000,-182000,47000,-126000,-5000,52000
2017-08-08,2360,42000,0,-88000,-46000,-2000,-86000
2017-08-09,2360,193000,0,-5000,188000,-29000,24000
2017-08-10,2360,712000,0,1000,713000,-17000,18000
2017-08-11,2360,-237000,-30000,-9000,-276000,34000,-43000
2017-08-14,2360,214000,0,-36000,178000,-73000,37000
2017-08-15,2360,593000,0,-78000,515000,-57000,-21000
2017-08-16,2360,576000,0,-30000,546000,-89000,59000
2017-08-17,2360,-103000,0,-103000,-206000,-2000,-101000
2017-08-18,2360,-10000,0,-29000,-39000,6000,-35000
2017-08-21,2360,-18000,0,-18000,-36000,-5000,-13000
2017-08-22,2360,77600,6000,76000,159600,-19000,95000
2017-08-23,2360,84000,-3000,-103000,-22000,-35000,-68000
2017-08-24,2360,235000,31000,-3000,263000,-80000,77000
2017-08-25,2360,385000,0,-98000,287000,-30000,-68000
2017-08-28,2360,126000,0,-5000,121000,6000,-11000
2017-08-29,2360,152000,0,-48000,104000,-28000,-20000
2017-08-30,2360,686000,117000,72000,875000,-121000,193000
2017-08-31,2360,-251000,-6000,-21000,-278000,27000,-48000
2017-09-01,2360,275000,0,-15000,260000,-8000,-7000
2017-09-04,2360,274000,-73000,95000,296000,21000,74000
2017-09-05,2360,-300000,0,5920,-294080,20000,-14080
2017-09-06,2360,454800,0,-75000,379800,-84000,9000
2017-09-07,2360,134000,0,-70000,64000,-24000,-46000
2017-09-08,2360,17000,-1000,59000,75000,-2000,61000
2017-09-11,2360,62000,16000,-57000,21000,-12000,-45000
2017-09-12,2360,103000,13000,-9000,107000,-2000,-7000
2017-09-13,2360,-48000,0,-24000,-72000,-16000,-8000
2017-09-14,2360,-378000,0,175000,-203000,49000,126000
2017-09-15,2360,-30000,0,-183000,-213000,-4000,-179000
2017-09-18,2360,78000,0,11000,89000,18000,-7000
2017-09-19,2360,152000,0,15000,167000,0,15000
2017-09-20,2360,1460000,31000,106000,1597000,13000,93000
2017-09-21,2360,239000,0,-103000,136000,48000,-151000
2017-09-22,2360,806954,13000,10000,829954,29000,-19000
2017-09-25,2360,102304,0,31000,133304,40000,-9000
2017-09-26,2360,344000,0,41000,385000,3000,38000
2017-09-27,2360,-52450,-60000,-55000,-167450,-33000,-22000
2017-09-28,2360,-70000,36000,129000,95000,128000,1000
2017-09-29,2360,187186,-60000,-34000,93186,2000,-36000
2017-09-30,2360,0,0,60000,60000,7000,53000
2017-10-02,2360,460000,0,-23000,437000,-1000,-22000
2017-10-03,2360,201000,9985,81000,291985,98000,-17000
2017-10-05,2360,397000,6000,-12000,391000,0,-12000
2017-10-06,2360,1216000,82000,-199000,1099000,-234000,35000
2017-10-11,2360,17255,4000,-1000,20255,-24000,23000
2017-10-12,2360,244800,35000,172000,451800,172000,0
2017-10-13,2360,-380000,-25000,82000,-323000,86000,-4000
2017-10-16,2360,208191,0,40000,248191,33000,7000
2017-10-17,2360,-22280,-438000,93000,-367280,118000,-25000
2017-10-18,2360,-103252,0,-29000,-132252,17000,-46000
2017-10-19,2360,-415748,-446000,342000,-519748,216000,126000
2017-10-20,2360,158267,94000,-88000,164267,13000,-101000
2017-10-23,2360,-248000,-21000,26000,-243000,25000,1000
2017-10-24,2360,262000,-187000,425000,500000,254000,171000
2017-10-25,2360,-361000,-104000,-76000,-541000,34000,-110000
2017-10-26,2360,215000,-279000,194000,130000,-63000,257000
2017-10-27,2360,-56000,-55000,-166000,-277000,50000,-216000
2017-10-30,2360,579178,0,-64000,515178,-88000,24000
2017-10-31,2360,230287,185000,309000,724287,168000,141000
2017-11-01,2360,-987000,101000,-40000,-926000,57000,-97000
2017-11-02,2360,754886,0,-145000,609886,-168000,23000
2017-11-03,2360,-141000,10000,-26000,-157000,-68000,42000
2017-11-06,2360,-321000,45000,-210000,-486000,-62000,-148000
2017-11-07,2360,397570,-302000,-48000,47570,-45000,-3000
2017-11-08,2360,-118000,0,-5000,-123000,16000,-21000
2017-11-09,2360,955300,-2000,-114000,839300,-138000,24000
2017-11-10,2360,-96000,-163000,-83000,-342000,-8000,-75000
2017-11-13,2360,-315500,204000,15000,-96500,8000,7000
2017-11-14,2360,78000,0,-71000,7000,-59000,-12000
2017-11-15,2360,294000,10000,-25000,279000,-30000,5000
2017-11-16,2360,157058,0,-4000,153058,-90000,86000
2017-11-17,2360,23750,0,-31000,-7250,33000,-64000
2017-11-20,2360,370000,135000,153000,658000,33000,120000
2017-11-21,2360,-322790,63000,11000,-248790,-22000,33000
2017-11-22,2360,110000,8000,-192000,-74000,-50000,-142000
2017-11-23,2360,-771000,25000,76000,-670000,46000,30000
2017-11-24,2360,179000,20000,-91000,108000,-67000,-24000
2017-11-27,2360,-321000,0,26000,-295000,-212000,238000
2017-11-28,2360,-198466,-5000,149000,-54466,-24000,173000
2017-11-29,2360,341750,389000,56000,786750,-89000,145000
2017-11-30,2360,-773765,82000,-121000,-812765,-51000,-70000
2017-12-01,2360,-133000,23000,-64000,-174000,-52000,-12000
2017-12-04,2360,828000,-62000,-57000,709000,3000,-60000
2017-12-05,2360,895500,-278000,-425000,192500,-124000,-301000
2017-12-06,2360,-123600,-442000,-15000,-580600,-19000,4000
2017-12-07,2360,-1109000,264000,-87000,-932000,-8000,-79000
2017-12-08,2360,-571000,125000,-15000,-461000,-3000,-12000
2017-12-11,2360,-94462,-432000,134000,-392462,80000,54000
2017-12-12,2360,-156500,0,-30000,-186500,-5000,-25000
2017-12-13,2360,520832,46000,153000,719832,22000,131000
2017-12-14,2360,-482790,-127000,69000,-540790,99000,-30000
2017-12-15,2360,-120000,-36000,-38000,-194000,36000,-74000
2017-12-18,2360,-58000,14000,-20000,-64000,1000,-21000
2017-12-19,2360,-111466,129000,82000,99534,1000,81000
2017-12-20,2360,-345400,-75000,54000,-366400,28000,26000
2017-12-21,2360,278384,-62000,-56000,160384,0,-56000
2017-12-22,2360,-290000,223000,-4000,-71000,-2000,-2000
2017-12-25,2360,93000,-75000,19000,37000,-9000,28000
2017-12-26,2360,718000,5375,-146000,577375,-69000,-77000
2017-12-27,2360,-125000,16000,-12000,-121000,-15000,3000
2017-12-28,2360,-426000,383000,132000,89000,90000,42000
2017-12-29,2360,183000,56000,130000,369000,101000,29000
2018-01-02,2360,-58050,10000,-160000,-208050,-38000,-122000
2018-01-03,2360,759000,88000,273000,1120000,160000,113000
2018-01-04,2360,-60000,26000,-9000,-43000,59000,-68000
2018-01-05,2360,481600,-72000,47000,456600,20000,27000
2018-01-08,2360,113000,182000,-31000,264000,-5000,-26000
2018-01-09,2360,296115,-149000,-143000,4115,-112000,-31000
2018-01-10,2360,854000,-23000,-94000,737000,-99000,5000
2018-01-11,2360,1335170,-39000,126000,1422170,83000,43000
2018-01-12,2360,-2166000,637000,415000,-1114000,265000,150000
2018-01-15,2360,17000,-41000,-48000,-72000,40000,-88000
2018-01-16,2360,-121145,182000,-18000,42855,-32000,14000
2018-01-17,2360,555500,78000,-29000,604500,-17000,-12000
2018-01-18,2360,-4300,225000,58000,278700,59000,-1000
2018-01-19,2360,167000,11000,-47000,131000,5000,-52000
2018-01-22,2360,-423000,-2000,54000,-371000,67000,-13000
2018-01-23,2360,284000,0,210000,494000,91000,119000
2018-01-24,2360,196000,-317000,-130000,-251000,-43000,-87000
2018-01-25,2360,692143,-100000,13000,605143,-83000,96000
2018-01-26,2360,-351000,-16000,-55000,-422000,21000,-76000
2018-01-29,2360,27328,20000,-17000,30328,-29000,12000
2018-01-30,2360,394000,-84000,305000,615000,289000,16000
2018-01-31,2360,496377,-183000,-66000,247377,-79000,13000
2018-02-01,2360,650000,84000,-72000,662000,-70000,-2000
2018-02-02,2360,711675,1000,135000,847675,27000,108000
2018-02-05,2360,-32700,39000,-196000,-189700,-89000,-107000
2018-02-06,2360,36000,0,-445000,-409000,-411000,-34000
2018-02-07,2360,-2064285,72000,2000,-1990285,24000,-22000
2018-02-08,2360,-18000,-465000,-76000,-559000,-16000,-60000
2018-02-09,2360,-259481,95000,-47000,-211481,-29000,-18000
2018-02-12,2360,-390500,-466000,-35000,-891500,-22000,-13000
2018-02-21,2360,951000,0,14000,965000,-10000,24000
2018-02-22,2360,-33178,3000,41000,10822,15000,26000
2018-02-23,2360,1610000,0,-107000,1503000,-108000,1000
2018-02-26,2360,-1638646,-231000,-36000,-1905646,37000,-73000
2018-02-27,2360,252000,-79000,4000,177000,12000,-8000
2018-03-01,2360,28982,-15000,29000,42982,-11000,40000
2018-03-02,2360,-213393,0,-33000,-246393,-7000,-26000
2018-03-05,2360,-199000,0,-55000,-254000,0,-55000
2018-03-06,2360,-66687,25000,21000,-20687,1000,20000
2018-03-07,2360,236000,0,43000,279000,14000,29000
2018-03-08,2360,1467000,116000,210000,1793000,87000,123000
2018-03-09,2360,-1875452,-58000,146000,-1787452,243000,-97000
2018-03-12,2360,-147000,0,51000,-96000,44000,7000
2018-03-13,2360,-35193,-80000,4000,-111193,1000,3000
2018-03-14,2360,-330821,7000,-16000,-339821,0,-16000
2018-03-15,2360,311000,0,19000,330000,17000,2000
2018-03-16,2360,436898,3000,-63000,376898,-31000,-32000
2018-03-19,2360,395000,-11000,-2000,382000,5000,-7000
2018-03-20,2360,914423,-2000,85000,997423,-44000,129000
2018-03-21,2360,2705000,-18000,-57000,2630000,-88000,31000
2018-03-22,2360,1000,212000,-194000,19000,-43000,-151000
2018-03-23,2360,-55982,278000,24000,246018,-38000,62000
2018-03-26,2360,-569965,21000,-16000,-564965,6000,-22000
2018-03-27,2360,228000,-255410,61000,33590,34000,27000
2018-03-28,2360,-169000,0,-95000,-264000,-22000,-73000
2018-03-29,2360,9872,400000,23000,432872,-66000,89000
2018-03-30,2360,-946640,70000,-450000,-1326640,-344000,-106000
2018-03-31,2360,-27000,55000,88000,116000,84000,4000
2018-04-02,2360,316549,0,67000,383549,45000,22000
2018-04-03,2360,102286,0,-41000,61286,-6000,-35000
2018-04-09,2360,295068,0,49000,344068,-3000,52000
2018-04-10,2360,-341000,-25000,-28000,-394000,39000,-67000
2018-04-11,2360,333949,-37000,1000,297949,0,1000
2018-04-12,2360,368000,-100000,55000,323000,24000,31000
2018-04-13,2360,312000,-160000,-6000,146000,-40000,34000
2018-04-16,2360,213500,44000,-67000,190500,-32000,-35000
2018-04-17,2360,68389,1000,-2000,67389,10000,-12000
2018-04-18,2360,205478,-2000,-24000,179478,-39000,15000
2018-04-19,2360,-340457,-45000,46000,-339457,51000,-5000
2018-04-20,2360,305000,-280000,-51000,-26000,-8000,-43000
2018-04-23,2360,313070,-238000,-73000,2070,-47000,-26000
2018-04-24,2360,1158638,-885000,-85000,188638,-70000,-15000
2018-04-25,2360,290000,-1000,-32000,257000,-42000,10000
2018-04-26,2360,-955175,-165000,0,-1120175,15000,-15000
2018-04-27,2360,-383000,236000,83000,-64000,62000,21000
2018-04-30,2360,-1352874,-96000,6000,-1442874,14000,-8000
2018-05-02,2360,1343473,-375000,134000,1102473,78000,56000
2018-05-03,2360,-582000,4000,51000,-527000,77000,-26000
2018-05-04,2360,-444594,0,-42000,-486594,-8000,-34000
2018-05-07,2360,-73122,0,104000,30878,60000,44000
2018-05-08,2360,-560000,4000,-55000,-611000,-28000,-27000
2018-05-09,2360,931000,0,2000,933000,-28000,30000
2018-05-10,2360,392345,4000,-61000,335345,-8000,-53000
2018-05-11,2360,286000,-100000,25000,211000,6000,19000
2018-05-14,2360,450722,176000,33000,659722,-11000,44000
2018-05-15,2360,-268800,135000,-69000,-202800,-27000,-42000
2018-05-16,2360,423369,61000,-66000,418369,-151000,85000
2018-05-17,2360,66000,6000,-25000,47000,6000,-31000
2018-05-18,2360,-102000,-16000,15000,-103000,14000,1000
2018-05-21,2360,450000,-22000,-14000,414000,-1000,-13000
2018-05-22,2360,-180760,-30000,-32000,-242760,2000,-34000
2018-05-23,2360,13000,27217,3000,43217,-5000,8000
2018-05-24,2360,-131000,-40000,-9000,-180000,0,-9000
2018-05-25,2360,-471000,-43000,10000,-504000,9000,1000
2018-05-28,2360,-517000,67000,8000,-442000,0,8000
2018-05-29,2360,-1078000,-12000,-14000,-1104000,-3000,-11000
2018-05-30,2360,-722664,-58000,139000,-641664,127000,12000
2018-05-31,2360,-475652,-4000,-11000,-490652,16000,-27000
2018-06-01,2360,459540,0,-21000,438540,-27000,6000
2018-06-04,2360,-264000,512000,62000,310000,18000,44000
2018-06-05,2360,-558000,133000,132000,-293000,101000,31000
2018-06-06,2360,-1698100,-2000,88000,-1612100,107000,-19000
2018-06-07,2360,-52841,-126000,-39000,-217841,6000,-45000
2018-06-08,2360,-79000,4000,41000,-34000,27000,14000
2018-06-11,2360,1394850,0,73000,1467850,-2000,75000
2018-06-12,2360,107000,0,-2000,105000,14000,-16000
2018-06-13,2360,1254978,-74000,-85000,1095978,-68000,-17000
2018-06-14,2360,529422,-159000,-50000,320422,-2000,-48000
2018-06-15,2360,-40187,106000,11000,76813,5000,6000
2018-06-19,2360,295600,-68000,13000,240600,-8000,21000
2018-06-20,2360,77000,-3201,28000,101799,23000,5000
2018-06-21,2360,251000,0,-33000,218000,1000,-34000
2018-06-22,2360,-10284,6000,-13000,-17284,-1000,-12000
2018-06-25,2360,404000,-23000,-12000,369000,-2000,-10000
2018-06-26,2360,231000,-65000,-21000,145000,-29000,8000
2018-06-27,2360,84437,-14000,-29000,41437,-20000,-9000
2018-06-28,2360,-145756,0,9000,-136756,0,9000
2018-06-29,2360,201000,-24000,-10000,167000,-3000,-7000
2018-07-02,2360,70000,-1000,32000,101000,9000,23000
2018-07-03,2360,-28988,1000,-4000,-31988,2000,-6000
2018-07-04,2360,-131000,-70000,16000,-185000,16000,0
2018-07-05,2360,35585,-139000,-78000,-181415,-8000,-70000
2018-07-06,2360,-132912,-91000,19000,-204912,-20000,39000
2018-07-09,2360,-53000,-10000,1000,-62000,1000,0
2018-07-10,2360,299000,0,301000,600000,42000,259000
2018-07-11,2360,237000,30000,13000,280000,-11000,24000
2018-07-12,2360,314000,0,238000,552000,104000,134000
2018-07-13,2360,417860,6000,-64000,359860,-99000,35000
2018-07-16,2360,429000,65000,133000,627000,70000,63000
2018-07-17,2360,193000,121000,-77000,237000,5000,-82000
2018-07-18,2360,-302000,100000,77000,-125000,83000,-6000
2018-07-19,2360,-68696,0,-41000,-109696,-11000,-30000
2018-07-20,2360,-157000,0,-14000,-171000,-23000,9000
2018-07-23,2360,964463,-138000,-170000,656463,-58000,-112000
2018-07-24,2360,236288,-217000,33000,52288,-4000,37000
2018-07-25,2360,275900,138000,242000,655900,58000,184000
2018-07-26,2360,244296,0,147000,391296,134000,13000
2018-07-27,2360,93706,9000,-41000,61706,48000,-89000
2018-07-30,2360,-398292,0,-167000,-565292,-136000,-31000
2018-07-31,2360,180000,-20000,21000,181000,-19000,40000
2018-08-01,2360,920400,702000,406000,2028400,268000,138000
2018-08-02,2360,221595,420000,356000,997595,334000,22000
2018-08-03,2360,-1540632,205000,94000,-1241632,159000,-65000
2018-08-06,2360,790292,-87890,-91000,611402,-141000,50000
2018-08-07,2360,-158200,0,74000,-84200,108000,-34000
2018-08-08,2360,1153600,-80000,181000,1254600,-25000,206000
2018-08-09,2360,735971,10000,234000,979971,362000,-128000
2018-08-10,2360,-869600,-19000,58000,-830600,203000,-145000
2018-08-13,2360,346000,0,-233000,113000,-146000,-87000
2018-08-14,2360,-131000,0,-200000,-331000,-83000,-117000
2018-08-15,2360,-99100,-70000,-75000,-244100,-69000,-6000
2018-08-16,2360,372330,300000,-166000,506330,-184000,18000
2018-08-17,2360,-319721,-31000,-60000,-410721,8000,-68000
2018-08-20,2360,-213000,0,-169000,-382000,-138000,-31000
2018-08-21,2360,389133,36000,-89000,336133,-155000,66000
2018-08-22,2360,-195400,0,-67000,-262400,-42000,-25000
2018-08-23,2360,-82086,158000,-35000,40914,-54000,19000
2018-08-24,2360,-818100,-296000,-178000,-1292100,-35000,-143000
2018-08-27,2360,475000,-11000,-71000,393000,-95000,24000
2018-08-28,2360,672439,0,19000,691439,-33000,52000
2018-08-29,2360,360445,-196000,-53000,111445,-21000,-32000
2018-08-30,2360,159742,-50000,-22000,87742,-15000,-7000
2018-08-31,2360,-49682,-50000,31000,-68682,27000,4000
2018-09-03,2360,7988,-25000,-50000,-67012,-12000,-38000
2018-09-04,2360,-465457,-62000,18000,-509457,3000,15000
2018-09-05,2360,-730929,-138000,85000,-783929,-2000,87000
2018-09-06,2360,-83920,-186000,13000,-256920,-30000,43000
2018-09-07,2360,430000,-421974,-460000,-451974,-254000,-206000
2018-09-10,2360,-72732,-16000,-313128,-401860,-265128,-48000
2018-09-11,2360,426604,-249000,-117000,60604,-157000,40000
2018-09-12,2360,-318300,-43000,-30000,-391300,40000,-70000
2018-09-13,2360,78445,-8000,-8000,62445,-2000,-6000
2018-09-14,2360,-146300,2000,-9000,-153300,-8000,-1000
2018-09-17,2360,17500,0,-12000,5500,-4000,-8000
2018-09-18,2360,107341,-7000,42000,142341,4000,38000
2018-09-19,2360,-419096,-210000,-13000,-642096,7000,-20000
2018-09-20,2360,159995,3000,63000,225995,-4000,67000
2018-09-21,2360,177419,-11000,-94000,72419,-19000,-75000
2018-09-25,2360,91431,0,-4000,87431,-8000,4000
2018-09-26,2360,-112000,0,-31000,-143000,-2000,-29000
2018-09-27,2360,61302,-11000,-36000,14302,6000,-42000
2018-09-28,2360,-404820,0,5000,-399820,0,5000
2018-10-01,2360,-221415,-225000,-26000,-472415,-37000,11000
2018-10-02,2360,-490529,0,-35000,-525529,-10000,-25000
2018-10-03,2360,157000,-115000,-219000,-177000,-202000,-17000
2018-10-04,2360,-656000,-430000,50000,-1036000,60000,-10000
2018-10-05,2360,1716600,-385797,-276000,1054803,-269000,-7000
2018-10-08,2360,-262618,0,41000,-221618,19000,22000
2018-10-09,2360,-1059810,-260000,-18000,-1337810,3000,-21000
2018-10-11,2360,2520000,1000,-17000,2504000,-138000,121000
2018-10-12,2360,-1806293,-18000,-97000,-1921293,-41000,-56000
2018-10-15,2360,302000,0,164000,466000,-7000,171000
2018-10-16,2360,-846302,1000,-10000,-855302,6000,-16000
2018-10-17,2360,-56300,-108000,21000,-143300,22000,-1000
2018-10-18,2360,-2203371,-30000,-213000,-2446371,-33000,-180000
2018-10-19,2360,-545339,0,-48000,-593339,0,-48000
2018-10-22,2360,157000,0,43000,200000,0,43000
2018-10-23,2360,-384000,-399000,-100000,-883000,3000,-103000
2018-10-24,2360,-970573,0,221000,-749573,-10000,231000
2018-10-25,2360,742900,-700000,-163000,-120100,0,-163000
2018-10-26,2360,-97100,1000,6000,-90100,8000,-2000
2018-10-29,2360,-800100,0,68000,-732100,-1000,69000
2018-10-30,2360,-1329589,0,159000,-1170589,96000,63000
2018-10-31,2360,94935,26000,46000,166935,41000,5000
2018-11-01,2360,146400,0,169000,315400,-49000,218000
2018-11-02,2360,539731,280921,-4000,816652,-15000,11000
2018-11-05,2360,359000,5000,-104000,260000,-54000,-50000
2018-11-06,2360,299097,0,-85000,214097,3000,-88000
2018-11-07,2360,-102600,24000,67000,-11600,-19000,86000
2018-11-08,2360,-135500,177000,-55000,-13500,-11000,-44000
2018-11-09,2360,-154900,0,-170000,-324900,-70000,-100000
2018-11-12,2360,260000,10000,19000,289000,-47000,66000
2018-11-13,2360,-1586000,-67000,-53000,-1706000,-11000,-42000
2018-11-14,2360,-461000,5000,-34000,-490000,3000,-37000
2018-11-15,2360,-291000,-66000,5000,-352000,0,5000
2018-11-16,2360,-414547,-81000,-17000,-512547,-13000,-4000
2018-11-19,2360,-118000,-100000,140000,-78000,72000,68000
2018-11-20,2360,-287000,-199000,141000,-345000,30000,111000
2018-11-21,2360,-423121,-73000,-10000,-506121,69000,-79000
2018-11-22,2360,-403000,14000,-23000,-412000,-34000,11000
2018-11-23,2360,-468000,0,-34000,-502000,-29000,-5000
2018-11-26,2360,-69800,0,13000,-56800,-5000,18000
2018-11-27,2360,308000,78000,88000,474000,29000,59000
2018-11-28,2360,385549,97000,58000,540549,50000,8000
2018-11-29,2360,122000,69000,-97000,94000,9000,-106000
2018-11-30,2360,-706000,-25000,201000,-530000,198000,3000
2018-12-03,2360,484014,74000,-83000,475014,-193000,110000
2018-12-04,2360,-250626,1000,-4000,-253626,-49000,45000
2018-12-05,2360,-235000,-100000,-146000,-481000,-2000,-144000
2018-12-06,2360,-125000,-61000,-153000,-339000,-67000,-86000
2018-12-07,2360,289000,-117000,105000,277000,30000,75000
2018-12-10,2360,37000,-205000,-82000,-250000,-46000,-36000
2018-12-11,2360,-288786,-266000,13000,-541786,14000,-1000
2018-12-12,2360,64786,-438000,4000,-369214,33000,-29000
2018-12-13,2360,-1017048,-353000,-39000,-1409048,-34000,-5000
2018-12-14,2360,-115000,-146111,80000,-181111,-59000,139000
2018-12-17,2360,-257500,0,116000,-141500,102000,14000
2018-12-18,2360,47000,0,-45000,2000,0,-45000
2018-12-19,2360,-775000,0,-18000,-793000,23000,-41000
2018-12-20,2360,-21000,-262000,3000,-280000,-5000,8000
2018-12-21,2360,-1822929,-1000,-38000,-1861929,25000,-63000
2018-12-22,2360,33000,1000,24000,58000,-5000,29000
2018-12-24,2360,-116000,0,20000,-96000,3000,17000
2018-12-25,2360,25750,0,-15000,10750,-14000,-1000
2018-12-26,2360,74120,-130,-43000,30990,-42000,-1000
2018-12-27,2360,-63550,0,13000,-50550,5000,8000
2018-12-28,2360,242511,0,40000,282511,12000,28000
2019-01-02,2360,8859,0,-27000,-18141,-7000,-20000
2019-01-03,2360,-155141,0,-16000,-171141,-14000,-2000
2019-01-04,2360,-144000,1000,29000,-114000,19000,10000
2019-01-07,2360,1039000,0,96000,1135000,27000,69000
2019-01-08,2360,-29731,0,-21000,-50731,1000,-22000
2019-01-09,2360,-85755,0,-43000,-128755,-44000,1000
2019-01-10,2360,291519,-141000,22000,172519,26000,-4000
2019-01-11,2360,684000,-88000,27000,623000,13000,14000
2019-01-14,2360,630000,0,1000,631000,2000,-1000
2019-01-15,2360,653000,25000,81000,759000,50000,31000
2019-01-16,2360,-119431,0,-61000,-180431,-19000,-42000
2019-01-17,2360,578000,-149000,-7000,422000,0,-7000
2019-01-18,2360,201891,0,16000,217891,-6000,22000
2019-01-21,2360,78660,0,123000,201660,55000,68000
2019-01-22,2360,9000,0,-72000,-63000,14000,-86000
2019-01-23,2360,577000,-132000,5000,450000,0,5000
2019-01-24,2360,15000,0,46000,61000,-2000,48000
2019-01-25,2360,617100,54000,72000,743100,99000,-27000
2019-01-28,2360,-290000,-25000,-112000,-427000,-44000,-68000
2019-01-29,2360,-146900,0,3000,-143900,-15000,18000
2019-01-30,2360,-318086,0,-46000,-364086,-49000,3000
2019-02-11,2360,452944,0,-28000,424944,-46000,18000
2019-02-12,2360,-1196799,0,181000,-1015799,18000,163000
2019-02-13,2360,-151000,1035000,-18000,866000,-20000,2000
2019-02-14,2360,639585,17000,-126000,530585,-3000,-123000
2019-02-15,2360,576000,0,-11000,565000,0,-11000
2019-02-18,2360,-520000,0,41000,-479000,55000,-14000
2019-02-19,2360,1254000,203000,436000,1893000,64000,372000
2019-02-20,2360,300688,138000,-275000,163688,-38000,-237000
2019-02-21,2360,457000,0,-36000,421000,-15000,-21000
2019-02-22,2360,-1436200,-77000,-180000,-1693200,-57000,-123000
2019-02-25,2360,132968,-35000,57000,154968,-27000,84000
2019-02-26,2360,81600,101000,-32000,150600,6000,-38000
2019-02-27,2360,0,46000,-15000,31000,1000,-16000
2019-03-04,2360,305364,0,100000,405364,19000,81000
2019-03-05,2360,202925,20000,-61000,161925,1000,-62000
2019-03-06,2360,14880,0,-48000,-33120,-27000,-21000
2019-03-07,2360,204000,0,-49000,155000,-20000,-29000
2019-03-08,2360,253400,20000,16000,289400,-1000,17000
2019-03-11,2360,30000,0,-6000,24000,-2000,-4000
2019-03-12,2360,432000,0,55000,487000,49000,6000
2019-03-13,2360,829000,121000,20000,970000,1000,19000
2019-03-14,2360,1478000,0,203000,1681000,128000,75000
2019-03-15,2360,1061500,0,3000,1064500,55000,-52000
2019-03-18,2360,1606000,-380000,21000,1247000,-1000,22000
2019-03-19,2360,-92227,-53000,58000,-87227,9000,49000
2019-03-20,2360,661000,15000,-35000,641000,-35000,0
2019-03-21,2360,1956955,8000,52000,2016955,-1000,53000
2019-03-22,2360,1317000,0,-124000,1193000,4000,-128000
2019-03-25,2360,96416,0,-49000,47416,-26000,-23000
2019-03-26,2360,131100,0,-5000,126100,-20000,15000
2019-03-27,2360,-349000,0,-2000,-351000,-5000,3000
2019-03-28,2360,-136560,66000,-25000,-95560,3000,-28000
2019-03-29,2360,129223,0,-17000,112223,-20000,3000
2019-04-01,2360,162000,53392,13000,228392,-8000,21000
2019-04-02,2360,-31682,49000,-11000,6318,-10000,-1000
2019-04-03,2360,11120,0,-4000,7120,7000,-11000
2019-04-08,2360,120000,0,-8000,112000,-5000,-3000
2019-04-09,2360,-644000,1000,15000,-628000,-1000,16000
2019-04-10,2360,-128600,0,6000,-122600,34000,-28000
2019-04-11,2360,-87049,-38000,4000,-121049,-2000,6000
2019-04-12,2360,-169514,28000,-4000,-145514,0,-4000
2019-04-15,2360,-114000,72000,24000,-18000,19000,5000
2019-04-16,2360,64350,36000,112000,212350,-3000,115000
2019-04-17,2360,290000,0,-81000,209000,2000,-83000
2019-04-18,2360,194000,69000,20000,283000,24000,-4000
2019-04-19,2360,587000,60000,52000,699000,24000,28000
2019-04-22,2360,133000,7858,-20000,120858,4000,-24000
2019-04-23,2360,207000,0,-9000,198000,-2000,-7000
2019-04-24,2360,118000,0,-42000,76000,-40000,-2000
2019-04-25,2360,46554,0,-1000,45554,0,-1000
2019-04-26,2360,266900,0,14000,280900,-7000,21000
2019-04-29,2360,212424,0,-20000,192424,1000,-21000
2019-04-30,2360,85000,0,-12000,73000,-16000,4000
2019-05-02,2360,2283000,79000,117000,2479000,80000,37000
2019-05-03,2360,-117275,2000,17000,-98275,67000,-50000
2019-05-06,2360,-318000,0,26000,-292000,38000,-12000
2019-05-07,2360,-279000,8000,6000,-265000,1000,5000
2019-05-08,2360,-342942,2000,28000,-312942,29000,-1000
2019-05-09,2360,-198800,0,-41000,-239800,-25000,-16000
2019-05-10,2360,130528,0,0,130528,0,0
2019-05-13,2360,-286000,-70000,-5000,-361000,4000,-9000
2019-05-14,2360,-445748,0,47000,-398748,49000,-2000
2019-05-15,2360,-904000,-250000,-157000,-1311000,-168000,11000
2019-05-16,2360,223000,-372000,-23000,-172000,-16000,-7000
2019-05-17,2360,-177000,-289000,-65000,-531000,-28000,-37000
2019-05-20,2360,-768000,0,43000,-725000,44000,-1000
2019-05-21,2360,-770200,15000,17000,-738200,10000,7000
2019-05-22,2360,-88861,0,1000,-87861,3000,-2000
2019-05-23,2360,-447390,0,21000,-426390,26000,-5000
2019-05-24,2360,47000,73000,19000,139000,-18000,37000
2019-05-27,2360,98900,0,-27000,71900,-2000,-25000
2019-05-28,2360,-211000,-126000,22000,-315000,14000,8000
2019-05-29,2360,91000,-8000,-5000,78000,-6000,1000
2019-05-30,2360,-184776,6000,19000,-159776,25000,-6000
2019-05-31,2360,291710,12000,-12000,291710,-13000,1000
2019-06-03,2360,312000,0,6000,318000,-13000,19000
2019-06-04,2360,233900,0,-18000,215900,-11000,-7000
2019-06-05,2360,130200,0,-11000,119200,-8000,-3000
2019-06-06,2360,56000,0,3000,59000,6000,-3000
2019-06-10,2360,326000,35000,1000,362000,-1000,2000
2019-06-11,2360,225465,0,-35000,190465,-16000,-19000
2019-06-12,2360,473000,1827,384,475211,3384,-3000
2019-06-13,2360,407653,225809,9616,643078,-2384,12000
2019-06-14,2360,-3000,0,-13000,-16000,-2000,-11000
2019-06-17,2360,-11220,802,18000,7582,15000,3000
2019-06-18,2360,-114225,1000,-3000,-116225,0,-3000
2019-06-19,2360,564000,30000,107000,701000,102000,5000
2019-06-20,2360,324375,0,16156,340531,20156,-4000
2019-06-21,2360,294761,0,13844,308605,12844,1000
2019-06-24,2360,54474,-753,0,53721,1000,-1000
2019-06-25,2360,43000,0,-4000,39000,-2000,-2000
2019-06-26,2360,34000,2000,-9000,27000,-11000,2000
2019-06-27,2360,-110665,0,3000,-107665,0,3000
2019-06-28,2360,-191840,0,8000,-183840,10000,-2000
2019-07-01,2360,482816,50000,21000,553816,15000,6000
2019-07-02,2360,80000,0,-10000,70000,-4000,-6000
2019-07-03,2360,-440000,0,-19000,-459000,-22000,3000
2019-07-04,2360,-119000,0,-1000,-120000,0,-1000
2019-07-05,2360,-92000,2090,-2000,-91910,-2000,0
2019-07-08,2360,76000,0,3000,79000,9000,-6000
2019-07-09,2360,-20000,124000,-11000,93000,-11000,0
2019-07-10,2360,11000,267000,43000,321000,34000,9000
2019-07-11,2360,-280064,319000,27000,65936,23000,4000
2019-07-12,2360,-415596,305000,44000,-66596,10000,34000
2019-07-15,2360,-244092,181000,-49000,-112092,-13000,-36000
2019-07-16,2360,-167000,68910,0,-98090,2000,-2000
2019-07-17,2360,-247732,0,48000,-199732,50000,-2000
2019-07-18,2360,52600,0,-18000,34600,-17000,-1000
2019-07-19,2360,63000,0,8000,71000,6000,2000
2019-07-22,2360,162000,0,1000,163000,0,1000
2019-07-23,2360,552000,50000,42000,644000,2000,40000
2019-07-24,2360,236000,0,-50000,186000,-71000,21000
2019-07-25,2360,-90000,70000,253000,233000,191000,62000
2019-07-26,2360,966000,192000,-91000,1067000,-59000,-32000
2019-07-29,2360,-31000,69000,-28000,10000,19000,-47000
2019-07-30,2360,-252000,49000,-33000,-236000,-14000,-19000
2019-07-31,2360,-463000,0,-138000,-601000,-139000,1000
2019-08-01,2360,-22000,-375000,-6000,-403000,1000,-7000
2019-08-02,2360,-88000,0,-45000,-133000,-46000,1000
2019-08-05,2360,-684000,-55000,-60000,-799000,-35000,-25000
2019-08-06,2360,-335550,-258000,4000,-589550,-6000,10000
2019-08-07,2360,-412000,449000,89000,126000,40000,49000
2019-08-08,2360,28000,595000,42639,665639,70639,-28000
2019-08-12,2360,264000,200000,-71343,392657,-65343,-6000
2019-08-13,2360,346000,-52145,-25190,268665,-24190,-1000
2019-08-14,2360,568000,30000,1325,599325,8325,-7000
2019-08-15,2360,800000,-55000,-42000,703000,-33000,-9000
2019-08-16,2360,-615000,0,2569,-612431,1569,1000
2019-08-19,2360,259000,10000,25000,294000,12000,13000
2019-08-20,2360,-163000,7000,27000,-129000,35000,-8000
2019-08-21,2360,97000,11000,24000,132000,15000,9000
2019-08-22,2360,135000,0,25000,160000,23000,2000
2019-08-23,2360,285395,-432000,-47000,-193605,-41000,-6000
2019-08-26,2360,-337836,-394000,-43000,-774836,-41000,-2000
2019-08-27,2360,461260,-243000,65000,283260,62000,3000
2019-08-28,2360,-4000,-297000,-48000,-349000,-46000,-2000
2019-08-29,2360,183000,74000,-8000,249000,-9000,1000
2019-08-30,2360,888709,886000,-23000,1751709,-63000,40000
2019-09-02,2360,-93459,626000,44000,576541,10000,34000
2019-09-03,2360,-381000,295000,-24000,-110000,-1000,-23000
2019-09-04,2360,-73000,225000,29000,181000,32000,-3000
2019-09-05,2360,-141863,150000,3000,11137,11000,-8000
2019-09-06,2360,-225000,145000,44000,-36000,4000,40000
2019-09-09,2360,-90000,0,-13000,-103000,0,-13000
2019-09-10,2360,-12000,0,-18000,-30000,0,-18000
2019-09-11,2360,-183000,128000,-27000,-82000,-32000,5000
2019-09-12,2360,-143790,115000,-5000,-33790,0,-5000
2019-09-16,2360,-285145,177166,-16000,-123979,-13000,-3000
2019-09-17,2360,-237000,67000,1000,-169000,0,1000
2019-09-18,2360,95391,5000,-14000,86391,-32000,18000
2019-09-19,2360,-405000,289000,35000,-81000,-5000,40000
2019-09-20,2360,-125000,-1000,-26000,-152000,0,-26000
2019-09-23,2360,-136600,282000,276000,421400,42000,234000
2019-09-24,2360,-224000,150000,-214000,-288000,-18000,-196000
2019-09-25,2360,-896800,236000,-32000,-692800,-10000,-22000
2019-09-26,2360,-303000,109000,-8000,-202000,1000,-9000
2019-09-27,2360,-232000,-210000,-18000,-460000,7000,-25000
2019-10-01,2360,222000,103000,3000,328000,-9000,12000
2019-10-02,2360,97000,0,9319,106319,0,9319
2019-10-03,2360,53000,-36000,-6000,11000,-4000,-2000
2019-10-04,2360,-71000,7000,1000,-63000,1000,0
2019-10-07,2360,76000,0,1000,77000,0,1000
2019-10-08,2360,-255927,270,16000,-239657,18000,-2000
2019-10-09,2360,-808000,123026,5000,-679974,6000,-1000
2019-10-14,2360,-77000,-39000,-50000,-166000,-37000,-13000
2019-10-15,2360,-39000,0,-7000,-46000,0,-7000
2019-10-16,2360,789830,-133676,-111000,545154,-172000,61000
2019-10-17,2360,80000,-149169,3000,-66169,14000,-11000
2019-10-18,2360,238304,25027,4000,267331,19000,-15000
2019-10-21,2360,-601000,20016,41000,-539984,47000,-6000
2019-10-22,2360,-220000,-194996,-2000,-416996,0,-2000
2019-10-23,2360,-378166,-46000,-35000,-459166,-29000,-6000
2019-10-24,2360,-639711,-23000,-12000,-674711,-31000,19000
2019-10-25,2360,145000,161786,35000,341786,52000,-17000
2019-10-28,2360,744000,466000,101000,1311000,3000,98000
2019-10-29,2360,-122000,-435000,-79000,-636000,-12000,-67000
2019-10-30,2360,549000,-116000,1000,434000,-26000,27000
2019-10-31,2360,330000,-169000,-37000,124000,-25000,-12000
2019-11-01,2360,-3837555,-318000,54000,-4101555,61000,-7000
2019-11-04,2360,-2745300,-217000,-49000,-3011300,7000,-56000
2019-11-05,2360,-296000,-238000,54000,-480000,0,54000
2019-11-06,2360,-730000,138000,-2000,-594000,-6000,4000
2019-11-07,2360,-836000,-11000,-53000,-900000,-28000,-25000
2019-11-08,2360,-783000,-5000,-20000,-808000,4000,-24000
2019-11-11,2360,-783000,0,-29000,-812000,-12000,-17000
2019-11-12,2360,-272000,0,3000,-269000,1000,2000
2019-11-13,2360,-38117,0,11000,-27117,10000,1000
2019-11-14,2360,-120000,0,-4000,-124000,-2000,-2000
2019-11-15,2360,-1574549,34000,-31000,-1571549,1000,-32000
2019-11-18,2360,-955317,-64000,0,-1019317,-10000,10000
2019-11-19,2360,-285000,-100000,82000,-303000,66000,16000
2019-11-20,2360,140000,-31000,-73000,36000,-70000,-3000
2019-11-21,2360,1096000,135000,59000,1290000,-9000,68000
2019-11-22,2360,469000,2000,-45000,426000,0,-45000
2019-11-25,2360,211602,0,-6000,205602,2000,-8000
2019-11-26,2360,108000,0,29000,137000,28000,1000
2019-11-27,2360,580400,10000,-3000,587400,-3000,0
2019-11-28,2360,861364,105000,-6000,960364,-19000,13000
2019-11-29,2360,-177606,-142000,-33000,-352606,-17000,-16000
2019-12-02,2360,177194,-96000,-16000,65194,-8000,-8000
2019-12-03,2360,137248,-104000,-5000,28248,6000,-11000
2019-12-04,2360,72000,-100000,-33000,-61000,-10000,-23000
2019-12-05,2360,323000,-266000,21000,78000,12000,9000
2019-12-06,2360,424500,0,-6952,417548,-1952,-5000
2019-12-09,2360,-280959,85000,39000,-156959,32000,7000
2019-12-10,2360,294635,28000,8000,330635,6000,2000
2019-12-11,2360,-250000,0,58000,-192000,52000,6000
2019-12-12,2360,-939000,-27000,72000,-894000,107000,-35000
2019-12-13,2360,-1079000,-51000,108000,-1022000,114000,-6000
2019-12-16,2360,-932000,-65000,42000,-955000,33000,9000
2019-12-17,2360,-1128000,-30628,-17000,-1175628,1000,-18000
2019-12-18,2360,369511,0,136000,505511,41000,95000
2019-12-19,2360,-364800,2000,-10000,-372800,-7000,-3000
2019-12-20,2360,-462329,-5000,-5000,-472329,-18000,13000
2019-12-23,2360,-133000,-65000,-16000,-214000,-1000,-15000
2019-12-24,2360,-143000,-51000,-7000,-201000,0,-7000
2019-12-25,2360,-107000,-117000,-26000,-250000,-12000,-14000
2019-12-26,2360,-122000,131000,10000,19000,7000,3000
2019-12-27,2360,-97000,209000,190000,302000,138000,52000
2019-12-30,2360,-326700,463000,200000,336300,126000,74000
2019-12-31,2360,-467403,91000,-75000,-451403,-21000,-54000
2020-01-02,2360,-125156,10000,60000,-55156,53000,7000
2020-01-03,2360,-968000,411000,396000,-161000,300000,96000
2020-01-06,2360,-252623,393000,-116000,24377,-35000,-81000
2020-01-07,2360,135635,-10000,-145000,-19365,-153000,8000
2020-01-08,2360,-87848,-2000,-161000,-250848,-151000,-10000
2020-01-09,2360,1105324,243000,167000,1515324,111000,56000
2020-01-10,2360,661000,123000,-62000,722000,-5000,-57000
2020-01-13,2360,1719000,357000,54000,2130000,-14000,68000
2020-01-14,2360,867000,33000,-40000,860000,42000,-82000
2020-01-15,2360,717977,0,-130000,587977,-122000,-8000
2020-01-16,2360,-203345,168000,68000,32655,57000,11000
2020-01-17,2360,-81531,213903,-68000,64372,-64000,-4000
2020-01-20,2360,2067100,12542,-28000,2051642,-35000,7000
2020-01-30,2360,404780,7000,-145000,266780,-121000,-24000
2020-01-31,2360,-192561,11500,21000,-160061,14000,7000
2020-02-03,2360,56000,19000,2000,77000,-2000,4000
2020-02-04,2360,578059,-57000,-30000,491059,-9000,-21000
2020-02-05,2360,1177271,-192000,-46000,939271,-34000,-12000
2020-02-06,2360,564823,-142000,108000,530823,58000,50000
2020-02-07,2360,1233603,20000,-60000,1193603,-44000,-16000
2020-02-10,2360,326206,-1000,52000,377206,67000,-15000
2020-02-11,2360,262032,52000,48000,362032,-5000,53000
2020-02-12,2360,1448117,-2000,181000,1627117,118000,63000
2020-02-13,2360,1391484,99000,-163000,1327484,-66000,-97000
2020-02-14,2360,688000,0,-17000,671000,-17000,0
2020-02-17,2360,507980,0,-5000,502980,-8000,3000
2020-02-18,2360,102933,-2000,-8000,92933,20000,-28000
2020-02-19,2360,482159,35000,37000,554159,38000,-1000
2020-02-20,2360,615446,99000,48000,762446,33000,15000
2020-02-21,2360,-409300,0,-25000,-434300,-14000,-11000
2020-02-24,2360,521500,0,-17000,504500,-14000,-3000
2020-02-25,2360,-6694,-197000,28000,-175694,-3000,31000
2020-02-26,2360,-517000,0,59000,-458000,55000,4000
2020-02-27,2360,-1065482,1000,-141000,-1205482,-93000,-48000
2020-03-02,2360,189229,-9000,20000,200229,24000,-4000
2020-03-03,2360,-268100,3000,-41000,-306100,-48000,7000
2020-03-04,2360,88147,-560000,-33000,-504853,-37000,4000
2020-03-05,2360,281748,-121000,125000,285748,67000,58000
2020-03-06,2360,-426000,-197000,-69000,-692000,-25000,-44000
2020-03-09,2360,-728000,-80000,-24000,-832000,-23000,-1000
2020-03-10,2360,-397000,-234000,-6000,-637000,2000,-8000
2020-03-11,2360,-415304,5000,-41000,-451304,-63000,22000
2020-03-12,2360,947000,-650000,-124000,173000,-79000,-45000
2020-03-13,2360,-34974,-265000,-150000,-449974,-126000,-24000
2020-03-16,2360,403393,-303000,-86000,14393,-93000,7000
2020-03-17,2360,1663704,-780000,-283000,600704,-281000,-2000
2020-03-18,2360,1211258,-172000,-47000,992258,-44000,-3000
2020-03-19,2360,815714,-517000,-68000,230714,-65000,-3000
2020-03-20,2360,-304530,57317,-10000,-257213,-10000,0
2020-03-23,2360,-584913,-86000,-6000,-676913,-4000,-2000
2020-03-24,2360,460093,1000,17000,478093,18000,-1000
2020-03-25,2360,841200,0,1000,842200,-1000,2000
2020-03-26,2360,731000,-201616,-36000,493384,-37000,1000
2020-03-27,2360,123452,17000,-52000,88452,-56000,4000
2020-03-30,2360,269563,-245000,26000,50563,8000,18000
2020-03-31,2360,73000,1360,-45000,29360,-42000,-3000
2020-04-01,2360,229800,-129000,21000,121800,20000,1000
2020-04-06,2360,155800,0,33000,188800,33000,0
2020-04-07,2360,368609,0,27000,395609,10000,17000
2020-04-08,2360,33907,-40000,-1000,-7093,-10000,9000
2020-04-09,2360,417000,131031,35000,583031,3000,32000
2020-04-10,2360,337000,131000,-7000,461000,8000,-15000
2020-04-13,2360,48980,10952,-21000,38932,-5000,-16000
2020-04-14,2360,290000,233000,24000,547000,14000,10000
2020-04-15,2360,583283,0,110000,693283,66000,44000
2020-04-16,2360,-37000,0,-41000,-78000,6000,-47000
2020-04-17,2360,-52806,-252000,3000,-301806,-7000,10000
2020-04-20,2360,-134000,-370336,-18000,-522336,-1000,-17000
2020-04-21,2360,357000,-173000,-32000,152000,-15000,-17000
2020-04-22,2360,520000,-20000,-3000,497000,-16000,13000
2020-04-23,2360,-186500,74000,-26000,-138500,-10000,-16000
2020-04-24,2360,300390,-254000,5000,51390,9000,-4000
2020-04-27,2360,255000,-29000,245000,471000,167000,78000
2020-04-28,2360,573000,50000,62000,685000,81000,-19000
2020-04-29,2360,-73000,0,19000,-54000,18000,1000
2020-04-30,2360,-474869,21000,-9000,-462869,16000,-25000
2020-05-04,2360,346000,0,-22000,324000,-12000,-10000
2020-05-05,2360,-263000,0,-34000,-297000,-25000,-9000
2020-05-06,2360,198234,29000,28000,255234,-12000,40000
2020-05-07,2360,175000,-3000,1000,173000,-3000,4000
2020-05-08,2360,-20000,0,-19000,-39000,4000,-23000
2020-05-11,2360,-163700,0,-11000,-174700,0,-11000
2020-05-12,2360,-145165,0,-24000,-169165,-1000,-23000
2020-05-13,2360,-835737,0,16000,-819737,25000,-9000
2020-05-14,2360,258558,-262000,-4000,-7442,-4000,0
2020-05-15,2360,-228017,0,46000,-182017,6000,40000
2020-05-18,2360,21000,0,-37000,-16000,3000,-40000
2020-05-19,2360,258000,49000,10000,317000,11000,-1000
2020-05-20,2360,627000,0,31000,658000,-2000,33000
2020-05-21,2360,186000,30000,28000,244000,18000,10000
2020-05-22,2360,-804000,8000,-50000,-846000,-18000,-32000
2020-05-25,2360,95000,0,29000,124000,16000,13000
2020-05-26,2360,73000,-82000,10000,1000,12000,-2000
2020-05-27,2360,-164600,0,5000,-159600,-2000,7000
2020-05-28,2360,-199806,10000,-7000,-196806,-2000,-5000
2020-05-29,2360,-70000,0,14000,-56000,8000,6000
2020-06-01,2360,421000,0,23000,444000,10000,13000
2020-06-02,2360,97000,-200000,-16000,-119000,-1000,-15000
2020-06-03,2360,409000,-260000,105000,254000,98000,7000
2020-06-04,2360,118000,-2000,21000,137000,4000,17000
2020-06-05,2360,-15300,0,0,-15300,10000,-10000
2020-06-08,2360,101339,0,49000,150339,54000,-5000
2020-06-09,2360,996551,12000,23000,1031551,19000,4000
2020-06-10,2360,684339,0,7000,691339,1000,6000
2020-06-11,2360,1113000,0,23000,1136000,-12000,35000
2020-06-12,2360,156700,0,-77000,79700,-49000,-28000
2020-06-15,2360,422000,18000,-24000,416000,-16000,-8000
2020-06-16,2360,340000,0,84000,424000,33000,51000
2020-06-17,2360,153766,-2000,-39000,112766,-30000,-9000
2020-06-18,2360,864000,0,74000,938000,60000,14000
2020-06-19,2360,305922,41000,-55000,291922,-18000,-37000
2020-06-22,2360,101000,0,44000,145000,14000,30000
2020-06-23,2360,-111594,-13000,-35000,-159594,-29000,-6000
2020-06-24,2360,141761,0,-6000,135761,-5000,-1000
2020-06-29,2360,105000,4000,-41000,68000,-33000,-8000
2020-06-30,2360,-132395,0,36000,-96395,2000,34000
2020-07-01,2360,68000,0,-33000,35000,0,-33000
2020-07-02,2360,-14000,-255000,-7000,-276000,-3000,-4000
2020-07-03,2360,472000,334000,-36000,770000,-131000,95000
2020-07-06,2360,77608,106000,-101000,82608,-19000,-82000
2020-07-07,2360,334000,-9000,-47000,278000,-35000,-12000
2020-07-08,2360,-278000,-39000,12000,-305000,17000,-5000
2020-07-09,2360,-340246,-6000,-15000,-361246,-10000,-5000
2020-07-10,2360,-152100,-8000,11000,-149100,-3000,14000
2020-07-13,2360,-156000,-4000,-27000,-187000,-1000,-26000
2020-07-14,2360,-33000,-26000,-2000,-61000,-6000,4000
2020-07-15,2360,419000,436000,109000,964000,19000,90000
2020-07-16,2360,-468945,72000,-101000,-497945,-45000,-56000
2020-07-17,2360,768236,-49239,3000,721997,0,3000
2020-07-20,2360,461465,-120000,-14000,327465,0,-14000
2020-07-21,2360,1780489,-37000,131000,1874489,95000,36000
2020-07-22,2360,461257,59000,84000,604257,55000,29000
2020-07-23,2360,1313000,-66000,86000,1333000,24000,62000
2020-07-24,2360,400345,-130000,-294000,-23655,-210000,-84000
2020-07-27,2360,-438876,-49000,-6000,-493876,-1000,-5000
2020-07-28,2360,181392,-144000,-19000,18392,-12000,-7000
2020-07-29,2360,315393,-105000,-73000,137393,-58000,-15000
2020-07-30,2360,98547,54000,39000,191547,12000,27000
2020-07-31,2360,-317850,-3000,-12000,-332850,-5000,-7000
2020-08-03,2360,145264,-2000,45000,188264,43000,2000
2020-08-04,2360,-354000,-54570,38000,-370570,13000,25000
2020-08-05,2360,175000,-83000,25000,117000,15000,10000
2020-08-06,2360,-839000,-221000,-39000,-1099000,-12000,-27000
2020-08-07,2360,590334,-438000,-37000,115334,-41000,4000
2020-08-10,2360,667,-100000,14000,-85333,12000,2000
2020-08-11,2360,-8000,-67000,13000,-62000,12000,1000
2020-08-12,2360,69300,-1790,-56000,11510,-54000,-2000
2020-08-13,2360,-13000,-484000,15000,-482000,12000,3000
2020-08-14,2360,99000,-19000,21000,101000,-2000,23000
2020-08-17,2360,-77000,-1000,7000,-71000,18000,-11000
2020-08-18,2360,286000,-9000,-16000,261000,-2000,-14000
2020-08-19,2360,392000,0,75000,467000,27000,48000
2020-08-20,2360,600000,-3000,-176000,421000,-89000,-87000
2020-08-21,2360,346000,-32690,-10000,303310,-13000,3000
2020-08-24,2360,337000,1104,-23000,315104,-56000,33000
2020-08-25,2360,-331218,-1000,-19000,-351218,18000,-37000
2020-08-26,2360,516000,0,88000,604000,2000,86000
2020-08-27,2360,511000,-152000,-93000,266000,-26000,-67000
2020-08-28,2360,204000,0,54000,258000,3000,51000
2020-08-31,2360,-112889,-142000,-27000,-281889,16000,-43000
2020-09-01,2360,509600,-1000,26000,534600,-3000,29000
2020-09-02,2360,108500,-94000,-20000,-5500,10000,-30000
2020-09-03,2360,0,3000,12000,15000,6000,6000
2020-09-04,2360,-197000,-6000,-32000,-235000,-10000,-22000
2020-09-07,2360,-146143,0,-9000,-155143,-8000,-1000
2020-09-08,2360,222000,0,-9000,213000,-10000,1000
2020-09-09,2360,186564,2000,-10000,178564,-7000,-3000
2020-09-10,2360,-183262,-69000,0,-252262,0,0
2020-09-11,2360,525600,0,17000,542600,7000,10000
2020-09-14,2360,170000,0,7000,177000,8000,-1000
2020-09-15,2360,226000,-1524,-2000,222476,-1000,-1000
2020-09-16,2360,236000,-2000,-20000,214000,-15000,-5000
2020-09-17,2360,307000,-18593,-17000,271407,-18000,1000
2020-09-18,2360,573107,-28000,-10000,535107,-7000,-3000
2020-09-21,2360,55000,-1499,-2000,51501,-5000,3000
2020-09-22,2360,-221000,-1000,-2000,-224000,-4000,2000
2020-09-23,2360,-142399,-514,-48000,-190913,-43000,-5000
2020-09-24,2360,-223000,0,-20000,-243000,0,-20000
2020-09-25,2360,-279000,2000,-14000,-291000,0,-14000
2020-09-28,2360,-17000,-36000,1000,-52000,0,1000
2020-09-29,2360,-24741,-8000,-2000,-34741,0,-2000
2020-09-30,2360,-11044,19000,11000,18956,1000,10000
2020-10-05,2360,377000,0,7000,384000,6000,1000
2020-10-06,2360,-42000,-2000,-28000,-72000,-3000,-25000
2020-10-07,2360,13000,-3000,-5000,5000,-5000,0
2020-10-08,2360,86000,-3000,-5000,78000,0,-5000
2020-10-12,2360,280200,-6000,1000,275200,0,1000
2020-10-13,2360,-52000,-9000,-4000,-65000,1000,-5000
2020-10-14,2360,93000,-37000,-12000,44000,-14000,2000
2020-10-15,2360,-179000,-32000,-6000,-217000,-4000,-2000
2020-10-16,2360,72000,-4000,1000,69000,-5000,6000
2020-10-19,2360,90000,-2000,7000,95000,13000,-6000
2020-10-20,2360,-464000,-131563,-4000,-599563,-5000,1000
2020-10-21,2360,30000,-37148,-45000,-52148,-66000,21000
2020-10-22,2360,-433993,-2000,5000,-430993,9000,-4000
2020-10-23,2360,-198261,0,3000,-195261,4000,-1000
2020-10-26,2360,18000,0,6000,24000,2000,4000
2020-10-27,2360,-252000,0,-5151,-257151,3011,-8162
2020-10-28,2360,-85000,-1000,-45000,-131000,-44000,-1000
2020-10-29,2360,-572907,0,-7102,-580009,-1000,-6102
2020-10-30,2360,-698000,0,-31512,-729512,-27000,-4512
2020-11-02,2360,-298182,0,18800,-279382,19000,-200
2020-11-03,2360,30000,0,14000,44000,-4000,18000
2020-11-04,2360,155000,0,-10200,144800,-3000,-7200
2020-11-05,2360,146400,-2000,-3383,141017,-15204,11821
2020-11-06,2360,-335000,-4000,-12583,-351583,3714,-16297
2020-11-09,2360,-100779,-3000,11000,-92779,10000,1000
2020-11-10,2360,60000,-4000,16000,72000,-8000,24000
2020-11-11,2360,108000,0,35520,143520,40520,-5000
2020-11-12,2360,-105000,-1000,-25086,-131086,-3086,-22000
2020-11-13,2360,263447,0,-134,263313,1866,-2000
2020-11-16,2360,232521,-1000,8000,239521,6000,2000
2020-11-17,2360,-19000,-2000,-4000,-25000,-2000,-2000
2020-11-18,2360,232000,-1000,-22000,209000,-19000,-3000
2020-11-19,2360,151000,-2000,-1910,147090,-910,-1000
2020-11-20,2360,364000,-1000,22000,385000,0,22000
2020-11-23,2360,532000,-32000,-2347,497653,2653,-5000
2020-11-24,2360,363000,0,-11000,352000,2000,-13000
2020-11-25,2360,-67669,0,596,-67073,-1404,2000
2020-11-26,2360,-177000,0,2914,-174086,-86,3000
2020-11-27,2360,-62000,0,-18074,-80074,-2074,-16000
2020-11-30,2360,2240,-2000,4000,4240,5000,-1000
2020-12-01,2360,709576,3000,144000,856576,92000,52000
2020-12-02,2360,307000,0,-26000,281000,-1000,-25000
2020-12-03,2360,-112000,0,19000,-93000,14000,5000
2020-12-04,2360,135423,0,-55000,80423,-50000,-5000
2020-12-07,2360,498000,79000,6000,583000,-29000,35000
2020-12-08,2360,568000,159000,45000,772000,8000,37000
2020-12-09,2360,1136000,140000,42518,1318518,-2482,45000
2020-12-10,2360,1459000,105000,-25185,1538815,-5185,-20000
2020-12-11,2360,372908,158000,-30056,500852,-25056,-5000
2020-12-14,2360,146500,27000,-10902,162598,-4902,-6000
2020-12-15,2360,509900,35000,15013,559913,-987,16000
2020-12-16,2360,111000,0,-46000,65000,-8000,-38000
2020-12-17,2360,138529,31000,-8063,161466,-5063,-3000
2020-12-18,2360,68931,6000,33760,108691,-14940,48700
2020-12-21,2360,399146,-42000,-78103,279043,-24103,-54000
2020-12-22,2360,85000,0,12718,97718,16718,-4000
2020-12-23,2360,43880,5000,-19997,28883,-9997,-10000
2020-12-24,2360,-107382,0,-2003,-109385,-2003,0
2020-12-25,2360,131000,0,22,131022,22,0
2020-12-28,2360,-11000,0,-8910,-19910,-8910,0
2020-12-29,2360,43000,0,-9020,33980,-9020,0
2020-12-30,2360,104000,0,54000,158000,49000,5000
2020-12-31,2360,4600,0,-2000,2600,-3000,1000
2021-01-04,2360,540595,-1000,24910,564505,-90,25000
2021-01-05,2360,268733,0,25153,293886,-847,26000
2021-01-06,2360,-34900,18000,-8810,-25710,-43810,35000
2021-01-07,2360,-322000,6000,31942,-284058,24942,7000
2021-01-08,2360,-83456,10000,40961,-32495,8961,32000
2021-01-11,2360,997000,61000,112503,1170503,22503,90000
2021-01-12,2360,1379000,101000,113475,1593475,7475,106000
2021-01-13,2360,-503871,6000,-36366,-534237,34634,-71000
2021-01-14,2360,277875,6000,15061,298936,10061,5000
2021-01-15,2360,-313036,18000,-372,-295408,-8372,8000
2021-01-18,2360,-220000,58000,7027,-154973,15027,-8000
2021-01-19,2360,237670,10000,40721,288391,13721,27000
2021-01-20,2360,85085,16000,-36794,64291,-11794,-25000
2021-01-21,2360,69785,35000,3295,108080,-9705,13000
2021-01-22,2360,446393,134000,81093,661486,30093,51000
2021-01-25,2360,-14488,472000,8903,466415,25903,-17000
2021-01-26,2360,-83846,33000,98324,47478,64324,34000
2021-01-27,2360,-157272,25000,-55952,-188224,-40952,-15000
2021-01-28,2360,-800668,146000,-118529,-773197,-107529,-11000
2021-01-29,2360,-507999,144000,-90005,-454004,-38005,-52000
2021-02-01,2360,49723,28000,-21009,56714,-34009,13000
2021-02-02,2360,204578,10000,-28790,185788,-13790,-15000
2021-02-03,2360,-227855,19000,-14050,-222905,1950,-16000
2021-02-04,2360,-220000,0,-4763,-224763,-7763,3000
2021-02-05,2360,-486182,199000,4722,-282460,10722,-6000
2021-02-17,2360,439163,1000,34367,474530,37367,-3000
2021-02-18,2360,-268000,-2000,32690,-237310,16690,16000
2021-02-19,2360,351000,3000,18323,372323,16323,2000
2021-02-22,2360,201938,0,-55,201883,-7055,7000
2021-02-23,2360,-202980,2000,3377,-197603,-6623,10000
2021-02-24,2360,106000,1000,895,107895,-7105,8000
2021-02-25,2360,-449471,2000,9123,-438348,-5877,15000
2021-02-26,2360,41389,34000,-17138,58251,-33138,16000
2021-03-02,2360,97368,11000,-13406,94962,-10406,-3000
2021-03-03,2360,87000,0,49988,136988,43988,6000
2021-03-04,2360,-235100,36000,-49282,-248382,-3282,-46000
2021-03-05,2360,-151965,42000,8388,-101577,1388,7000
2021-03-08,2360,-146495,9000,-6034,-143529,-10034,4000
2021-03-09,2360,-300133,61000,-15011,-254144,-14011,-1000
2021-03-10,2360,-131043,9000,-21754,-143797,-16754,-5000
2021-03-11,2360,-135777,-19000,18651,-136126,11651,7000
2021-03-12,2360,-289510,6000,424,-283086,1424,-1000
2021-03-15,2360,-411200,2000,492,-408708,-3508,4000
2021-03-16,2360,-137439,-219000,16229,-340210,16229,0
2021-03-17,2360,-198200,-200000,-16731,-414931,-22031,5300
2021-03-18,2360,219000,-268000,13582,-35418,3582,10000
2021-03-19,2360,-184579,-165000,-18954,-368533,-2954,-16000
2021-03-22,2360,-23000,1000,1169,-20831,2169,-1000
2021-03-23,2360,135419,0,-579,134840,-5579,5000
2021-03-24,2360,-106000,1000,-13793,-118793,-8793,-5000
2021-03-25,2360,-11000,0,2572,-8428,-2428,5000
2021-03-26,2360,334100,0,-5545,328555,-1545,-4000
2021-03-29,2360,-149000,-33000,-6491,-188491,-1491,-5000
2021-03-30,2360,-54899,-4000,5661,-53238,-339,6000
2021-03-31,2360,-366325,0,-899,-367224,101,-1000
2021-04-01,2360,441753,-3000,32096,470849,2096,30000
2021-04-06,2360,206222,-20495,-22069,163658,5931,-28000
2021-04-07,2360,-16000,-13000,15412,-13588,11412,4000
2021-04-08,2360,243000,-17000,45252,271252,2252,43000
2021-04-09,2360,2191,-24000,54608,32799,5608,49000
2021-04-12,2360,-598000,-4000,-68998,-670998,-24998,-44000
2021-04-13,2360,-657000,-8000,-3350,-668350,-5350,2000
2021-04-14,2360,86000,-2000,20499,104499,2499,18000
2021-04-15,2360,-195294,-5000,13503,-186791,3503,10000
2021-04-16,2360,-13000,-35000,-287,-48287,713,-1000
2021-04-19,2360,413000,0,5086,418086,5086,0
2021-04-20,2360,-177000,97000,23437,-56563,1437,22000
2021-04-21,2360,-84000,50000,35184,1184,-32816,68000
2021-04-22,2360,468000,-4000,38556,502556,4556,34000
2021-04-23,2360,877867,-41000,44584,881451,11584,33000
2021-04-26,2360,-92600,-40000,42019,-90581,21019,21000
2021-04-27,2360,-355039,-40000,12913,-382126,5913,7000
2021-04-28,2360,-352000,-4000,22440,-333560,3440,19000
2021-04-29,2360,-362295,0,-39860,-402155,-35860,-4000
2021-05-03,2360,-48201,0,-20516,-68717,-19516,-1000
2021-05-04,2360,-351600,0,33995,-317605,13995,20000
2021-05-05,2360,-265700,0,7389,-258311,-7611,15000
2021-05-06,2360,-144386,35000,19764,-89622,-4236,24000
2021-05-07,2360,-294600,1000,1027,-292573,27,1000
2021-05-10,2360,-140779,8000,-511,-133290,489,-1000
2021-05-11,2360,37736,71000,4614,113350,-18386,23000
2021-05-12,2360,-264925,91000,-5062,-178987,2938,-8000
2021-05-13,2360,540000,16000,9716,565716,-1284,11000
2021-05-14,2360,460000,28000,4271,492271,-2729,7000
2021-05-17,2360,4280,7000,-3627,7653,12373,-16000
2021-05-18,2360,138000,0,3751,141751,-2249,6000
2021-05-19,2360,-68000,0,-6047,-74047,-2047,-4000
2021-05-20,2360,95610,2000,3883,101493,6883,-3000
2021-05-21,2360,-116000,-2000,13886,-104114,13886,0
2021-05-24,2360,471000,0,12284,483284,2284,10000
2021-05-25,2360,105000,-2000,12195,115195,6195,6000
2021-05-26,2360,-15382,0,2044,-13338,12044,-10000
2021-05-27,2360,163000,-1000,-7861,154139,-4861,-3000
2021-05-28,2360,-53436,0,-1042,-54478,-42,-1000
2021-05-31,2360,-236000,-17000,-7475,-260475,-1475,-6000
2021-06-01,2360,62958,-8000,-1848,53110,-1848,0
2021-06-02,2360,-64900,0,33432,-31468,36432,-3000
2021-06-03,2360,493032,-1000,12967,504999,967,12000
2021-06-04,2360,149000,0,-16984,132016,-1984,-15000
2021-06-07,2360,136530,-5000,-5550,125980,-550,-5000
2021-06-08,2360,246968,0,10040,257008,-10960,21000
2021-06-09,2360,140000,-11000,-19275,109725,-2275,-17000
2021-06-10,2360,509000,-11000,23360,521360,1360,22000
2021-06-11,2360,71500,-9000,-30999,31501,-1999,-29000
2021-06-15,2360,2050,-10000,4000,-3950,1000,3000
2021-06-16,2360,195000,-50000,69000,214000,67000,2000
2021-06-17,2360,89000,0,-94000,-5000,3000,-97000
2021-06-18,2360,-43637,1000,-78000,-120637,13000,-91000
2021-06-21,2360,34000,0,-27000,7000,16000,-43000
2021-06-22,2360,-138140,-2000,8000,-132140,-2000,10000
2021-06-23,2360,-73909,-3000,94000,17091,110000,-16000
2021-06-24,2360,57698,-1000,-11000,45698,-1000,-10000
2021-06-25,2360,-111866,-5000,-28174,-145040,826,-29000
2021-06-28,2360,-58000,0,-2002,-60002,-1002,-1000
2021-06-29,2360,-73000,17000,-12000,-68000,-4000,-8000
2021-06-30,2360,17895,-14060,8115,11950,8115,0
2021-07-01,2360,402954,-11000,40075,432029,75,40000
2021-07-02,2360,-221459,-4000,-26370,-251829,630,-27000
2021-07-05,2360,89061,-17000,-24510,47551,-12510,-12000
2021-07-06,2360,41000,-8000,-12587,20413,-2587,-10000
2021-07-07,2360,-50040,-4000,-821,-54861,-821,0
2021-07-08,2360,-179000,-16695,5000,-190695,1000,4000
2021-07-09,2360,117000,2000,-19826,99174,-1826,-18000
2021-07-12,2360,-272000,-15000,14336,-272664,336,14000
2021-07-13,2360,-347409,-10000,7456,-349953,13456,-6000
2021-07-14,2360,-4187,-33000,25550,-11637,7550,18000
2021-07-15,2360,-312877,-24000,-6397,-343274,6603,-13000
2021-07-16,2360,223000,-4000,120671,339671,22461,98210
2021-07-19,2360,-710000,0,-1546,-711546,65454,-67000
2021-07-20,2360,-81000,0,-76035,-157035,-62035,-14000
2021-07-21,2360,-221892,0,58752,-163140,58752,0
2021-07-22,2360,-325000,0,12000,-313000,15000,-3000
2021-07-23,2360,71000,0,13009,84009,3009,10000
2021-07-26,2360,100000,0,-7000,93000,-10000,3000
2021-07-27,2360,-275000,-2000,-13000,-290000,-10000,-3000
2021-07-28,2360,-225584,-1000,37000,-189584,47000,-10000
2021-07-29,2360,-210425,0,0,-210425,0,0
2021-07-30,2360,-372000,0,1000,-371000,0,1000
2021-08-02,2360,-48785,-1000,13936,-35849,13936,0
2021-08-03,2360,-158000,-1000,4515,-154485,515,4000
2021-08-04,2360,-326357,-12000,2820,-335537,-180,3000
2021-08-05,2360,-28000,-14000,-9667,-51667,333,-10000
2021-08-06,2360,-6000,-1000,-15506,-22506,-14506,-1000
2021-08-09,2360,-281000,0,-3087,-284087,-1087,-2000
2021-08-10,2360,-239000,0,-3728,-242728,-728,-3000
2021-08-11,2360,78705,0,-4545,74160,455,-5000
2021-08-12,2360,-65199,0,1685,-63514,-2315,4000
2021-08-13,2360,-13000,30000,-523,16477,-523,0
2021-08-16,2360,25633,-20000,-3063,2570,-3063,0
2021-08-17,2360,-68367,23000,-10202,-55569,-4202,-6000
2021-08-18,2360,187000,34000,-5662,215338,-6662,1000
2021-08-19,2360,-153582,19000,-18119,-152701,-9119,-9000
2021-08-20,2360,-6900,2000,-4000,-8900,-1000,-3000
2021-08-23,2360,-32824,1000,6953,-24871,2953,4000
2021-08-24,2360,-24958,0,2000,-22958,2000,0
2021-08-25,2360,-32064,0,4850,-27214,4850,0
2021-08-26,2360,15830,0,-8144,7686,-6144,-2000
2021-08-27,2360,-54222,0,27154,-27068,27154,0
2021-08-30,2360,0,0,2000,2000,2000,0
2021-08-31,2360,-83000,0,-9487,-92487,-487,-9000
2021-09-01,2360,-6000,-2000,-6082,-14082,-6082,0
2021-09-02,2360,-164330,-13072,-6000,-183402,-6000,0
2021-09-03,2360,35000,0,5043,40043,6043,-1000
2021-09-06,2360,138017,-11000,-132,126885,-132,0
2021-09-07,2360,39000,-5000,-4228,29772,-3228,-1000
2021-09-08,2360,-68212,-1000,-36940,-106152,-33940,-3000
2021-09-09,2360,37089,-1000,-4124,31965,-4124,0
2021-09-10,2360,-24000,-2000,-3546,-29546,-546,-3000
2021-09-13,2360,-151000,105000,-2678,-48678,-678,-2000
2021-09-14,2360,-214000,68000,-156,-146156,-156,0
2021-09-15,2360,-129000,105000,-36000,-60000,-35000,-1000
2021-09-16,2360,-95160,38000,-230,-57390,-7230,7000
2021-09-17,2360,140108,33000,-1000,172108,-1000,0
2021-09-22,2360,-152680,51000,-48643,-150323,-48643,0
2021-09-23,2360,83853,0,219,84072,219,0
2021-09-24,2360,-126000,3000,0,-123000,0,0
2021-09-27,2360,326000,0,24000,350000,2000,22000
2021-09-28,2360,-64700,11000,17986,-35714,-14,18000
2021-09-29,2360,-275000,68000,-58148,-265148,-64148,6000
2021-09-30,2360,-68577,58000,-2612,-13189,-3612,1000
2021-10-01,2360,9000,45000,-120,53880,-10120,10000
2021-10-04,2360,26029,43000,-2000,67029,0,-2000
2021-10-05,2360,95000,58000,7694,160694,8694,-1000
2021-10-06,2360,539000,18000,-22429,534571,-26429,4000
2021-10-07,2360,-116000,0,24248,-91752,17248,7000
2021-10-08,2360,-198034,8000,-27,-190061,-27,0
2021-10-12,2360,122000,14000,-9127,126873,-2127,-7000
2021-10-13,2360,26000,18000,7000,51000,9000,-2000
2021-10-14,2360,-177640,6000,5000,-166640,0,5000
2021-10-15,2360,-7000,1000,3000,-3000,2000,1000
2021-10-18,2360,64000,-85032,3000,-18032,4000,-1000
2021-10-19,2360,239500,-86000,13000,166500,8000,5000
2021-10-20,2360,-56000,1000,988,-54012,3988,-3000
2021-10-21,2360,-50221,0,12762,-37459,12762,0
2021-10-22,2360,-50537,-30000,1398,-79139,398,1000
2021-10-25,2360,-438000,0,-21638,-459638,-21638,0
2021-10-26,2360,487000,0,2215,489215,2215,0
2021-10-27,2360,-35000,0,-4981,-39981,3019,-8000
2021-10-28,2360,132000,44000,63,176063,63,0
2021-10-29,2360,-318000,-2000,2807,-317193,2807,0
2021-11-01,2360,428000,23000,-5188,445812,-9188,4000
2021-11-02,2360,236107,-10000,12453,238560,12453,0
2021-11-03,2360,181000,-3000,1000,179000,4000,-3000
2021-11-04,2360,-10317,-3000,-12996,-26313,3004,-16000
2021-11-05,2360,86681,-17000,-3011,66670,-11,-3000
2021-11-08,2360,40000,-11000,1000,30000,1000,0
2021-11-09,2360,56102,-12045,898,44955,2898,-2000
2021-11-10,2360,118000,-4000,7804,121804,7804,0
2021-11-11,2360,53000,-4000,1000,50000,7000,-6000
2021-11-12,2360,58000,-12000,-6000,40000,0,-6000
2021-11-15,2360,83330,-24000,20000,79330,20000,0
2021-11-16,2360,10183,-16000,17654,11837,17000,654
2021-11-17,2360,65154,-120000,21000,-33846,21000,0
2021-11-18,2360,-17215,-11000,0,-28215,3000,-3000
2021-11-19,2360,-452277,-22630,6163,-468744,6163,0
2021-11-22,2360,88677,-6000,-7000,75677,-5000,-2000
2021-11-23,2360,11000,-8000,-49200,-46200,-47200,-2000
2021-11-24,2360,-44513,0,9000,-35513,9000,0
2021-11-25,2360,-35663,-5000,2000,-38663,0,2000
2021-11-26,2360,109000,-3000,-10390,95610,-9390,-1000
2021-11-29,2360,-40500,-4000,3000,-41500,7000,-4000
2021-11-30,2360,-61146,-29000,-2404,-92550,-1404,-1000
2021-12-01,2360,-213250,-1000,23772,-190478,21772,2000
2021-12-02,2360,-89000,-14000,-6494,-109494,-5494,-1000
2021-12-03,2360,-1711,-2000,-4103,-7814,-3103,-1000
2021-12-06,2360,286000,-3000,-1000,282000,-1000,0
2021-12-07,2360,-24216,-3000,-6000,-33216,-2000,-4000
2021-12-08,2360,-43000,-4000,1000,-46000,1000,0
2021-12-09,2360,-146000,0,-2000,-148000,2000,-4000
2021-12-10,2360,45000,-5000,-3020,36980,-20,-3000
2021-12-13,2360,211000,-2000,1006,210006,6,1000
2021-12-14,2360,-58422,77072,-13000,5650,-8000,-5000
2021-12-15,2360,-31000,-2000,4000,-29000,5000,-1000
2021-12-16,2360,34000,-5050,-14000,14950,0,-14000
2021-12-17,2360,162553,-4000,-11000,147553,0,-11000
2021-12-20,2360,-26740,-23436,-42513,-92689,-18513,-24000
2021-12-21,2360,48997,-4000,-4,44993,-4,0
2021-12-22,2360,792000,-8614,10000,793386,10000,0
2021-12-23,2360,568966,-13050,33224,589140,15224,18000
2021-12-24,2360,71805,-18591,6000,59214,6000,0
2021-12-27,2360,218000,-23476,-3998,190526,2,-4000
2021-12-28,2360,35000,-3000,2000,34000,3000,-1000
2021-12-29,2360,74000,-63957,-1000,9043,14000,-15000
2021-12-30,2360,23000,-6449,1000,17551,1000,0
2022-01-03,2360,58621,9000,-1,67620,-1,0
2022-01-04,2360,105537,-3455,-3000,99082,0,-3000
2022-01-05,2360,151520,-10555,1952,142917,1952,0
2022-01-06,2360,139142,2000,-1000,140142,0,-1000
2022-01-07,2360,792160,7000,-12000,787160,-8000,-4000
2022-01-10,2360,-583750,439000,33781,-110969,19781,14000
2022-01-11,2360,173000,469000,22247,664247,21247,1000
2022-01-12,2360,-1794800,775500,43316,-975984,34316,9000
2022-01-13,2360,-450820,14000,-5651,-442471,-5651,0
2022-01-14,2360,155887,25788,-80314,101361,-69314,-11000
2022-01-17,2360,182000,-24000,40981,198981,30981,10000
2022-01-18,2360,-36000,164000,2000,130000,1000,1000
2022-01-19,2360,5000,22000,37000,64000,41000,-4000
2022-01-20,2360,-58971,53020,16000,10049,16000,0
2022-01-21,2360,-419000,17000,-26000,-428000,-18000,-8000
2022-01-24,2360,152049,10000,-12000,150049,-12000,0
2022-01-25,2360,-155200,35000,-25051,-145251,-25051,0
2022-01-26,2360,-349000,28000,-24000,-345000,-14000,-10000
2022-02-07,2360,79584,10000,6069,95653,3069,3000
2022-02-08,2360,-2353,8000,-50678,-45031,-51678,1000
2022-02-09,2360,-53483,12000,18000,-23483,19000,-1000
2022-02-10,2360,-118813,0,-29424,-148237,-21424,-8000
2022-02-11,2360,-55800,0,-37438,-93238,-35438,-2000
2022-02-14,2360,-125490,24000,-17164,-118654,-15164,-2000
2022-02-15,2360,19500,-92000,5000,-67500,6000,-1000
2022-02-16,2360,-35000,4000,6000,-25000,7000,-1000
2022-02-17,2360,83100,9000,7203,99303,7203,0
2022-02-18,2360,-82141,-47000,-1364,-130505,-364,-1000
2022-02-21,2360,-63500,-39366,-4457,-107323,-4457,0
2022-02-22,2360,-244209,28000,-14882,-231091,-14882,0
2022-02-23,2360,-72638,2000,7000,-63638,6000,1000
2022-02-24,2360,-292757,-131500,-11034,-435291,-12034,1000
2022-02-25,2360,-113000,-170000,-613,-283613,-613,0
2022-03-01,2360,144722,11000,8890,164612,8890,0
2022-03-02,2360,207000,-310000,18543,-84457,19543,-1000
2022-03-03,2360,87090,-249000,180,-161730,180,0
2022-03-04,2360,-394590,-112000,-16504,-523094,-11504,-5000
2022-03-07,2360,-217000,71000,-20157,-166157,-19157,-1000
2022-03-08,2360,-485950,52000,5493,-428457,8493,-3000
2022-03-09,2360,-302138,15000,-5754,-292892,-7754,2000
2022-03-10,2360,24627,9000,9000,42627,10000,-1000
2022-03-11,2360,-186500,11000,-434,-175934,-434,0
2022-03-14,2360,-257275,19000,-16743,-255018,-16743,0
2022-03-15,2360,-147131,47000,-2525,-102656,1475,-4000
2022-03-16,2360,-518635,26000,-7416,-500051,-7416,0
2022-03-17,2360,-422,0,-8556,-8978,-6556,-2000
2022-03-18,2360,-109618,3000,-4442,-111060,-442,-4000
2022-03-21,2360,-107400,3000,8071,-96329,8071,0
2022-03-22,2360,-253865,12000,13832,-228033,13832,0
2022-03-23,2360,-143948,0,11370,-132578,13370,-2000
2022-03-24,2360,55079,0,-13281,41798,-11281,-2000
2022-03-25,2360,-92000,4000,-3731,-91731,-1731,-2000
2022-03-28,2360,-86000,6000,138,-79862,138,0
2022-03-29,2360,7000,4000,-2188,8812,-2188,0
2022-03-30,2360,-124000,126000,34900,36900,35900,-1000
2022-03-31,2360,-57561,0,-2087,-59648,-87,-2000
2022-04-01,2360,-342000,18000,31163,-292837,31163,0
2022-04-06,2360,-146675,102000,2000,-42675,2000,0
2022-04-07,2360,-211339,46000,18511,-146828,18511,0
2022-04-08,2360,-1117940,61000,-32440,-1089380,-32440,0
2022-04-11,2360,-308247,55000,-24341,-277588,-24341,0
2022-04-12,2360,39627,-444000,-10378,-414751,-10378,0
2022-04-13,2360,-38000,46000,26593,34593,24593,2000
2022-04-14,2360,-36179,35000,1584,405,1584,0
2022-04-15,2360,-27263,25000,-15134,-17397,-15134,0
2022-04-18,2360,6000,-23000,-6301,-23301,-6301,0
2022-04-19,2360,48000,0,5985,53985,5985,0
2022-04-20,2360,144073,-81000,5300,68373,5300,0
2022-04-21,2360,105875,-58000,-343,47532,-343,0
2022-04-22,2360,-58000,-2000,-13193,-73193,-11193,-2000
2022-04-25,2360,-109300,8000,-11203,-112503,-11203,0
2022-04-26,2360,-589980,14000,-8596,-584576,-9633,1037
2022-04-27,2360,61960,10000,-14076,57884,-15128,1052
2022-04-28,2360,84000,8000,1047,93047,999,48
2022-04-29,2360,97387,1000,-7435,90952,-2034,-5401
2022-05-03,2360,58000,4000,-3800,58200,-2700,-1100
2022-05-04,2360,-2420,3000,1000,1580,2000,-1000
2022-05-05,2360,13327,4000,9000,26327,9000,0
2022-05-06,2360,-34198,-25000,-1001,-60199,999,-2000
2022-05-09,2360,-45389,17000,-10000,-38389,-10000,0
2022-05-10,2360,-13645,-4000,7106,-10539,4960,2146
2022-05-11,2360,-414666,-5000,2477,-417189,2477,0
2022-05-12,2360,16528,-3000,-2146,11382,-1146,-1000
2022-05-13,2360,105672,8000,13000,126672,9000,4000
2022-05-16,2360,-105520,78859,3482,-23179,5482,-2000
2022-05-17,2360,-97000,3000,16809,-77191,21809,-5000
2022-05-18,2360,-67526,17000,-6241,-56767,-6241,0
2022-05-19,2360,-45127,29000,-8000,-24127,-8000,0
2022-05-20,2360,8600,-7678,1000,1922,0,1000
2022-05-23,2360,-108000,10000,10000,-88000,10000,0
2022-05-24,2360,-167000,0,-2009,-169009,-2009,0
2022-05-25,2360,-187000,0,35998,-151002,35998,0
2022-05-26,2360,55000,20000,6920,81920,6910,10
2022-05-27,2360,-61000,47000,27447,13447,27000,447
2022-05-30,2360,93037,30000,14022,137059,14995,-973
2022-05-31,2360,106370,0,-368,106002,-1368,1000
2022-06-01,2360,-98000,99000,2000,3000,2000,0
2022-06-02,2360,-162000,50000,-3065,-115065,-3065,0
2022-06-06,2360,128500,0,4313,132813,5313,-1000
2022-06-07,2360,-101925,0,7000,-94925,7000,0
2022-06-08,2360,-24071,11000,21781,8710,23901,-2120
2022-06-09,2360,-223000,119000,-14000,-118000,-14000,0
2022-06-10,2360,-97000,58000,-2000,-41000,-2000,0
2022-06-13,2360,-132300,-1000,-5609,-138909,-5013,-596
2022-06-14,2360,-85933,0,11000,-74933,7000,4000
2022-06-15,2360,87507,4000,-12000,79507,-8000,-4000
2022-06-16,2360,-160000,2000,-7003,-165003,-6003,-1000
2022-06-17,2360,-288792,2000,-4384,-291176,-4384,0
2022-06-20,2360,-33900,-1000,4000,-30900,4000,0
2022-06-21,2360,-40000,34000,50000,44000,49000,1000
2022-06-22,2360,-83000,-5000,24000,-64000,24000,0
2022-06-23,2360,-35000,61000,53782,79782,50000,3782
2022-06-24,2360,-137089,0,107000,-30089,101000,6000
2022-06-27,2360,-118540,10000,28000,-80540,27000,1000
2022-06-28,2360,-69115,41000,4936,-23179,4936,0
2022-06-29,2360,-258700,9000,-23437,-273137,-23279,-158
2022-06-30,2360,-43440,40000,-11126,-14566,-8126,-3000
2022-07-01,2360,-400000,11000,44176,-344824,42176,2000
2022-07-04,2360,-143630,13000,85932,-44698,85932,0
2022-07-05,2360,-15322,6000,37007,27685,38768,-1761
2022-07-06,2360,-118000,-15000,-2824,-135824,-2824,0
2022-07-07,2360,342677,-176000,13960,180637,13960,0
2022-07-08,2360,89000,-37000,-5000,47000,-5000,0
2022-07-11,2360,-13753,20000,2000,8247,-3000,5000
2022-07-12,2360,107000,0,-10998,96002,-11998,1000
2022-07-13,2360,49706,3000,24909,77615,24909,0
2022-07-14,2360,31810,0,1002,32812,1002,0
2022-07-15,2360,-394249,51000,8766,-334483,-4234,13000
2022-07-18,2360,232000,-36000,2000,198000,4000,-2000
2022-07-19,2360,52087,1000,-17000,36087,-2000,-15000
2022-07-20,2360,74522,0,3000,77522,3000,0
2022-07-21,2360,36377,-13000,7400,30777,7000,400
2022-07-22,2360,-109000,-11000,-1000,-121000,2000,-3000
2022-07-25,2360,-97000,2000,10000,-85000,8000,2000
2022-07-26,2360,54870,-25000,-11962,17908,-12000,38
2022-07-27,2360,-212489,0,-11159,-223648,-11159,0
2022-07-28,2360,-35896,15000,-999,-21895,-999,0
2022-07-29,2360,380000,-5000,29000,404000,25000,4000
2022-08-01,2360,769000,25000,93000,887000,90000,3000
2022-08-02,2360,132500,15000,-18000,129500,-18000,0
2022-08-03,2360,137899,-11000,-1000,125899,0,-1000
2022-08-04,2360,46710,20000,-19000,47710,-15000,-4000
2022-08-05,2360,-6000,10000,80681,84681,80000,681
2022-08-08,2360,33195,0,-21000,12195,-19000,-2000
2022-08-09,2360,211557,6000,31000,248557,30000,1000
2022-08-10,2360,288150,44000,6000,338150,7000,-1000
2022-08-11,2360,188000,96000,15593,299593,16594,-1001
2022-08-12,2360,-171700,41000,49000,-81700,50000,-1000
2022-08-15,2360,-41600,-9000,14086,-36514,13000,1086
2022-08-16,2360,143200,-89000,0,54200,0,0
2022-08-17,2360,42100,4000,1000,47100,-8000,9000
2022-08-18,2360,44139,-76000,-2000,-33861,-1000,-1000
2022-08-19,2360,-98000,36000,0,-62000,2000,-2000
2022-08-22,2360,8212,1000,-805,8407,-805,0
2022-08-23,2360,56000,3000,-1181,57819,0,-1181
2022-08-24,2360,-63006,0,-4683,-67689,-4000,-683
2022-08-25,2360,-24000,-1000,4000,-21000,0,4000
2022-08-26,2360,-336000,20000,-11949,-327949,-11949,0
2022-08-29,2360,-109000,5000,-33110,-137110,-30999,-2111
2022-08-30,2360,-322379,0,82889,-239490,84000,-1111
2022-08-31,2360,-181389,108000,17000,-56389,17000,0
2022-09-01,2360,139329,5000,-74231,70098,-73000,-1231
2022-09-02,2360,-360930,1000,-3000,-362930,-2000,-1000
2022-09-05,2360,-326000,504000,10774,188774,10774,0
2022-09-06,2360,-275000,551000,27673,303673,24673,3000
2022-09-07,2360,364546,261000,-33258,592288,-34000,742
2022-09-08,2360,-608200,476000,0,-132200,0,0
2022-09-12,2360,-636400,583000,91225,37825,65000,26225
2022-09-13,2360,84320,1086000,-14118,1156202,-15118,1000
2022-09-14,2360,-1596000,852000,47464,-696536,44837,2627
2022-09-15,2360,-672435,442000,40228,-190207,25332,14896
2022-09-16,2360,-1513544,937000,75827,-500717,43000,32827
2022-09-19,2360,-795000,885000,-58065,31935,-54000,-4065
2022-09-20,2360,-174848,200000,-10585,14567,-5585,-5000
2022-09-21,2360,864642,-41000,-141559,682083,-128559,-13000
2022-09-22,2360,103721,154000,25582,283303,22000,3582
2022-09-23,2360,-28000,-5000,-59426,-92426,-59843,417
2022-09-26,2360,309910,42000,-34187,317723,-35187,1000
2022-09-27,2360,-190762,347000,-24001,132237,-25001,1000
2022-09-28,2360,-53706,308000,-29058,225236,-30181,1123
2022-09-29,2360,-378868,416000,103016,140148,82571,20445
2022-09-30,2360,-226956,143000,17878,-66078,11878,6000
2022-10-03,2360,-177000,5000,-6189,-178189,-6189,0
2022-10-04,2360,-46000,228000,29613,211613,27613,2000
2022-10-05,2360,25900,208000,10754,244654,7754,3000
2022-10-06,2360,-24457,60000,-18000,17543,-18000,0
2022-10-07,2360,-237751,30000,-14317,-222068,-12317,-2000
2022-10-11,2360,-88012,12000,-10418,-86430,-8136,-2282
2022-10-12,2360,39000,2000,7684,48684,-9238,16922
2022-10-13,2360,52279,564000,-102236,514043,-75186,-27050
2022-10-14,2360,-214000,124000,40000,-50000,34000,6000
2022-10-17,2360,316000,0,15990,331990,20990,-5000
2022-10-18,2360,-473000,46000,31767,-395233,30701,1066
2022-10-19,2360,19651,46000,67649,133300,-20380,88029
2022-10-20,2360,-75046,-21000,-47578,-143624,-17209,-30369
2022-10-21,2360,-80000,50000,-20225,-50225,-9222,-11003
2022-10-24,2360,35934,7000,7636,50570,28636,-21000
2022-10-25,2360,12648,12000,46777,71425,60280,-13503
2022-10-26,2360,-62580,93000,40902,71322,38875,2027
2022-10-27,2360,-134386,0,46584,-87802,39584,7000
2022-10-28,2360,136800,5081,4000,145881,4000,0
2022-10-31,2360,-27966,12692,37050,21776,36000,1050
2022-11-01,2360,-255481,-144000,-385,-399866,10553,-10938
2022-11-02,2360,315017,-183000,23943,155960,9910,14033
2022-11-03,2360,183358,-51000,-8381,123977,10448,-18829
2022-11-04,2360,70580,-45000,8757,34337,7000,1757
2022-11-07,2360,424497,-135000,8076,297573,8392,-316
2022-11-08,2360,113809,0,3540,117349,1539,2001
2022-11-09,2360,-86806,80693,96023,89910,94019,2004
2022-11-10,2360,160191,0,-29195,130996,-19195,-10000
2022-11-11,2360,385798,23000,-17026,391772,-19691,2665
2022-11-14,2360,355061,-7000,-111229,236832,-101229,-10000
2022-11-15,2360,-159937,-56755,-33884,-250576,-24884,-9000
2022-11-16,2360,210182,-165000,-42685,2497,-50735,8050
2022-11-17,2360,1246,-58000,14774,-41980,23774,-9000
2022-11-18,2360,123784,-3000,7789,128573,5789,2000
2022-11-21,2360,41550,-26000,12000,27550,9000,3000
2022-11-22,2360,47243,-24000,-3066,20177,-2066,-1000
2022-11-23,2360,-165340,-133000,9998,-288342,10998,-1000
2022-11-24,2360,380039,-243600,11000,147439,6000,5000
2022-11-25,2360,-120753,-9000,-6519,-136272,-1790,-4729
2022-11-28,2360,169000,-80000,33649,122649,-11000,44649
2022-11-29,2360,-254982,50000,-36001,-240983,12999,-49000
2022-11-30,2360,498585,220000,35000,753585,-14000,49000
2022-12-01,2360,-302000,247000,-72921,-127921,-45000,-27921
2022-12-02,2360,355462,0,-44106,311356,-24000,-20106
2022-12-05,2360,-164000,2000,24623,-137377,12000,12623
2022-12-06,2360,-39095,0,12232,-26863,6000,6232
2022-12-07,2360,134600,0,-58572,76028,-47000,-11572
2022-12-08,2360,-42000,2000,2000,-38000,6000,-4000
2022-12-09,2360,-404803,50000,-128648,-483451,-100000,-28648
2022-12-12,2360,-6194,-1000,-23017,-30211,-19000,-4017
2022-12-13,2360,140000,-13081,-9000,117919,-6000,-3000
2022-12-14,2360,56090,-58000,-2024,-3934,-2000,-24
2022-12-15,2360,144184,-126000,-9733,8451,-6000,-3733
2022-12-16,2360,385175,-638,10197,394734,-36000,46197
2022-12-19,2360,36524,-2000,10897,45421,-1000,11897
2022-12-20,2360,266461,31000,3409,300870,-40000,43409
2022-12-21,2360,-61306,31000,-25712,-56018,-9000,-16712
2022-12-22,2360,-48438,16000,-3721,-36159,-5000,1279
2022-12-23,2360,-225374,10000,-13171,-228545,-11000,-2171
2022-12-26,2360,5695,31000,-7503,29192,-3000,-4503
2022-12-27,2360,185000,-1000,-5000,179000,-2000,-3000
2022-12-28,2360,-17000,4000,-38000,-51000,-35000,-3000
2022-12-29,2360,65077,3000,-4000,64077,-8000,4000
2022-12-30,2360,-244456,271000,3590,30134,7000,-3410
2023-01-03,2360,-17000,2000,-9000,-24000,-8000,-1000
2023-01-04,2360,91087,35000,1000,127087,0,1000
2023-01-05,2360,244976,54000,-3199,295777,-5000,1801
2023-01-06,2360,868888,35000,33001,936889,10000,23001
2023-01-09,2360,70258,67000,7000,144258,7000,0
2023-01-10,2360,406340,-18637,-5999,381704,-18000,12001
2023-01-11,2360,-687392,36000,-14000,-665392,-4000,-10000
2023-01-12,2360,575000,45000,3000,623000,-4000,7000
2023-01-13,2360,-47700,23000,-2387,-27087,18000,-20387
2023-01-16,2360,-234000,-2000,348,-235652,4000,-3652
2023-01-17,2360,-375290,-156000,-6028,-537318,-8000,1972
2023-01-30,2360,-36969,-304,9647,-27626,4000,5647
2023-01-31,2360,94327,-3000,7000,98327,10000,-3000
2023-02-01,2360,-97782,-2000,56550,-43232,40000,16550
2023-02-02,2360,442996,-18303,20000,444693,8000,12000
2023-02-03,2360,28262,-36000,-54566,-62304,-42000,-12566
2023-02-06,2360,103000,-2000,68870,169870,73000,-4130
2023-02-07,2360,-41874,-1000,-7417,-50291,-7000,-417
2023-02-08,2360,353533,-3000,5853,356386,-2000,7853
2023-02-09,2360,124414,-25000,-11935,87479,-7000,-4935
2023-02-10,2360,5000,-1000,-6000,-2000,-8000,2000
2023-02-13,2360,158490,-16000,-7900,134590,6000,-13900
2023-02-14,2360,381034,-1000,8000,388034,11000,-3000
2023-02-15,2360,-132000,0,-13001,-145001,-8000,-5001
2023-02-16,2360,-138712,-30000,24831,-143881,6000,18831
2023-02-17,2360,339000,-1394,-8337,329269,-985,-7352
2023-02-20,2360,57000,-53000,33170,37170,35000,-1830
2023-02-21,2360,548000,0,92001,640001,20000,72001
2023-02-22,2360,353050,-9000,-37900,306150,-14000,-23900
2023-02-23,2360,625000,-2000,-10922,612078,-34000,23078
2023-02-24,2360,-1766708,-662393,-53179,-2482280,-10000,-43179
2023-03-01,2360,-521534,-776000,-1822,-1299356,-15000,13178
2023-03-02,2360,126000,-535392,-8735,-418127,-4000,-4735
2023-03-03,2360,223000,-343000,-10057,-130057,-5000,-5057
2023-03-06,2360,635963,-404000,31000,262963,43000,-12000
2023-03-07,2360,179922,-767000,-468,-587546,2150,-2618
2023-03-08,2360,544599,-442000,161,102760,3000,-2839
2023-03-09,2360,16000,-231000,4402,-210598,6000,-1598
2023-03-10,2360,333000,-333000,-11413,-11413,-8000,-3413
2023-03-13,2360,-170921,-200391,-4808,-376120,-3000,-1808
2023-03-14,2360,133201,-1076000,-86413,-1029212,-82000,-4413
2023-03-15,2360,-307567,-566000,-30228,-903795,-27000,-3228
2023-03-16,2360,-169000,-371000,-16531,-556531,-8000,-8531
2023-03-17,2360,156972,-541000,-11196,-395224,-4000,-7196
2023-03-20,2360,-273000,-203000,15369,-460631,9030,6339
2023-03-21,2360,-28806,0,-4032,-32838,0,-4032
2023-03-22,2360,-43204,1000,9063,-33141,16000,-6937
2023-03-23,2360,232528,463000,122019,817547,96000,26019
2023-03-24,2360,-78582,844399,-33000,732817,-32000,-1000
2023-03-27,2360,-560000,442000,-26000,-144000,4000,-30000
2023-03-28,2360,278000,276000,-25000,529000,-26000,1000
2023-03-29,2360,135000,0,29000,164000,22000,7000
2023-03-30,2360,188929,-5646,23000,206283,24000,-1000
2023-03-31,2360,157956,-6000,2500,154456,4000,-1500
2023-04-06,2360,194839,-2000,12000,204839,12000,0
2023-04-07,2360,-118500,666000,4000,551500,-12000,16000
2023-04-10,2360,-309000,-2000,-2000,-313000,-1000,-1000
2023-04-11,2360,109852,-1000,-1933,106919,-1000,-933
2023-04-12,2360,-13825,-378,-3000,-17203,9000,-12000
2023-04-13,2360,70000,447000,-7336,509664,-6000,-1336
2023-04-14,2360,-92000,-51000,5330,-137670,12000,-6670
2023-04-17,2360,-34000,-35000,-6000,-75000,0,-6000
2023-04-18,2360,61500,-75000,-14000,-27500,-10000,-4000
2023-04-19,2360,-460000,0,-42000,-502000,-44000,2000
2023-04-20,2360,514000,0,-3000,511000,-6000,3000
2023-04-21,2360,503000,-109000,-2000,392000,-7000,5000
2023-04-24,2360,-151000,90000,-6000,-67000,-2000,-4000
2023-04-25,2360,-74877,0,-3901,-78778,7000,-10901
2023-04-26,2360,186359,-1000,60475,245834,50000,10475
2023-04-27,2360,-16000,80000,-3000,61000,0,-3000
2023-04-28,2360,3102500,22400,8679,3133579,1000,7679
2023-05-02,2360,1446024,0,-29710,1416314,3000,-32710
2023-05-03,2360,-412995,0,2000,-410995,6000,-4000
2023-05-04,2360,930800,0,18868,949668,-3000,21868
2023-05-05,2360,751647,5000,-36689,719958,-13000,-23689
2023-05-08,2360,284204,38000,22000,344204,7000,15000
2023-05-09,2360,448000,2000,-11174,438826,-7000,-4174
2023-05-10,2360,149044,0,-13000,136044,0,-13000
2023-05-11,2360,-3000,0,-31000,-34000,-6000,-25000
2023-05-12,2360,95000,0,20638,115638,-2000,22638
2023-05-15,2360,-55000,2000,-18000,-71000,7000,-25000
2023-05-16,2360,209291,-2000,85000,292291,71000,14000
2023-05-17,2360,822350,172635,193085,1188070,148000,45085
2023-05-18,2360,347901,43000,185359,576260,169000,16359
2023-05-19,2360,1364044,0,-137268,1226776,-126000,-11268
2023-05-22,2360,517456,0,-46045,471411,-14000,-32045
2023-05-23,2360,20620,0,10220,30840,8000,2220
2023-05-24,2360,-144708,0,19396,-125312,24000,-4604
2023-05-25,2360,98849,-6000,51026,143875,18000,33026
2023-05-26,2360,1316475,-4000,8821,1321296,2000,6821
2023-05-29,2360,1419886,-379000,-2919,1037967,18000,-20919
2023-05-30,2360,205000,-15000,-4798,185202,5000,-9798
2023-05-31,2360,-287463,505000,109491,327028,78000,31491
2023-06-01,2360,-210727,200000,6781,-3946,6000,781
2023-06-02,2360,51647,-583009,130227,-401135,136000,-5773
2023-06-05,2360,-166486,41341,71770,-53375,65000,6770
2023-06-06,2360,-127920,2379,82013,-43528,73000,9013
2023-06-07,2360,291486,-4310,9616,296792,-6000,15616
2023-06-08,2360,62006,79000,-37946,103060,-18000,-19946
2023-06-09,2360,-580000,104000,71893,-404107,66000,5893
2023-06-12,2360,24164,-4000,14318,34482,4000,10318
2023-06-13,2360,-968000,516000,81610,-370390,29000,52610
2023-06-14,2360,-1165220,592000,26946,-546274,77000,-50054
2023-06-15,2360,-1090097,852000,28496,-209601,17000,11496
2023-06-16,2360,-321291,346000,-77862,-53153,-49000,-28862
2023-06-19,2360,69685,293048,373,363106,18000,-17627
2023-06-20,2360,119151,-3000,-2798,113353,29000,-31798
2023-06-21,2360,157812,-103000,-11764,43048,4820,-16584
2023-06-26,2360,-542126,-1000,24891,-518235,11000,13891
2023-06-27,2360,-204891,27600,174579,-2712,190000,-15421
2023-06-28,2360,12500,18000,-10640,19860,-10000,-640
2023-06-29,2360,15500,11000,-76625,-50125,-75000,-1625
2023-06-30,2360,224530,-5000,95795,315325,35000,60795
2023-07-03,2360,133200,11795,41560,186555,9000,32560
2023-07-04,2360,-14272,486000,75510,547238,73000,2510
2023-07-05,2360,-310500,236000,-46895,-121395,-27000,-19895
2023-07-06,2360,-484061,258000,236195,10134,-1000,237195
2023-07-07,2360,93472,248657,-116101,226028,-13000,-103101
2023-07-10,2360,-98000,-4000,-16555,-118555,26000,-42555
2023-07-11,2360,36138,64037,43916,144091,5000,38916
2023-07-12,2360,-241626,877691,-6987,629078,9000,-15987
2023-07-13,2360,1043619,16026,-55756,1003889,-14000,-41756
2023-07-14,2360,-336173,-15974,-188,-352335,5000,-5188
2023-07-17,2360,-1912251,27793,-7323,-1891781,9000,-16323
2023-07-18,2360,-374313,14296,-92669,-452686,-85000,-7669
2023-07-19,2360,400318,83000,-139870,343448,-62000,-77870
2023-07-20,2360,-361009,122000,64116,-174893,67000,-2884
2023-07-21,2360,148305,15000,202106,365411,77000,125106
2023-07-24,2360,-493377,8400,-43999,-528976,18000,-61999
2023-07-25,2360,163089,-14915,43403,191577,82000,-38597
2023-07-26,2360,-107875,-16665,-22050,-146590,-10000,-12050
2023-07-27,2360,-471712,70911,-21356,-422157,-8000,-13356
2023-07-28,2360,710192,5001,30000,745193,-9000,39000
2023-07-31,2360,-1825364,515207,26055,-1284102,54000,-27945
2023-08-01,2360,1003561,303000,-120881,1185680,-135000,14119
2023-08-02,2360,-25885,-115000,-145637,-286522,-111000,-34637
2023-08-04,2360,-26857,-95000,-30297,-152154,-34000,3703
2023-08-07,2360,678900,210000,-170226,718674,-189000,18774
2023-08-08,2360,418900,1207,-54000,366107,-58000,4000
2023-08-09,2360,397459,-2000,-40457,355002,-29000,-11457
2023-08-10,2360,94500,-92000,-24241,-21741,-1000,-23241
2023-08-11,2360,326722,2000,-102267,226455,-69000,-33267
2023-08-14,2360,-142105,8000,-24260,-158365,-23000,-1260
2023-08-15,2360,-111357,519000,96286,503929,82000,14286
2023-08-16,2360,-377239,176414,26029,-174796,55000,-28971
2023-08-17,2360,14667,66242,20626,101535,2000,18626
2023-08-18,2360,-143000,115000,-57000,-85000,-22000,-35000
2023-08-21,2360,75532,-137208,-5776,-67452,-5000,-776
2023-08-22,2360,246150,242000,57800,545950,21000,36800
2023-08-23,2360,241318,-78000,2000,165318,6000,-4000
2023-08-24,2360,-763785,-511000,246227,-1028558,210000,36227
2023-08-25,2360,581022,119324,-86466,613880,-51000,-35466
2023-08-28,2360,-95037,-4198,-22416,-121651,-26000,3584
2023-08-29,2360,117000,-1000,6299,122299,0,6299
2023-08-30,2360,708432,-589000,2837,122269,9000,-6163
2023-08-31,2360,-114632,-2000,-40879,-157511,-41169,290
2023-09-01,2360,-633000,399281,-39617,-273336,-46000,6383
2023-09-04,2360,312125,130000,-51734,390391,-77001,25267
2023-09-05,2360,-90180,8207,-5453,-87426,-6000,547
2023-09-06,2360,-148268,62000,-19420,-105688,-22000,2580
2023-09-07,2360,35638,-21540,-17510,-3412,-19000,1490
2023-09-08,2360,-211149,90659,-62358,-182848,-26000,-36358
2023-09-11,2360,-89000,135000,-11027,34973,-8000,-3027
2023-09-12,2360,489298,-412000,-4742,72556,-3000,-1742
2023-09-13,2360,-127160,-219000,-21337,-367497,-7000,-14337
2023-09-14,2360,407570,-544913,23393,-113950,8000,15393
2023-09-15,2360,319201,-108198,5845,216848,8000,-2155
2023-09-18,2360,164000,-389198,-14245,-239443,-4000,-10245
2023-09-19,2360,-72210,-5449,-10381,-88040,-21000,10619
2023-09-20,2360,202875,151000,-11138,342737,-35000,23862
2023-09-21,2360,-218417,-350,-30022,-248789,1000,-31022
2023-09-22,2360,-127988,126000,17397,15409,1000,16397
2023-09-25,2360,157500,0,66601,224101,38000,28601
2023-09-26,2360,173235,-688,-40678,131869,-14000,-26678
2023-09-27,2360,-84422,44000,5012,-35410,-4000,9012
2023-09-28,2360,163180,0,8170,171350,13170,-5000
2023-10-02,2360,348426,3000,5534,356960,21000,-15466
2023-10-03,2360,-160177,-2682,51700,-111159,80000,-28300
2023-10-04,2360,-301702,-11344,11000,-302046,20000,-9000
2023-10-05,2360,1238937,-815000,3650,427587,-3000,6650
2023-10-06,2360,150492,-111000,-13025,26467,-4000,-9025
2023-10-11,2360,-885046,-139500,50711,-973835,56000,-5289
2023-10-12,2360,-392878,-367000,236531,-523347,202000,34531
2023-10-13,2360,-96360,-223000,38377,-280983,48000,-9623
2023-10-16,2360,40192,-153344,-152015,-265167,-147000,-5015
2023-10-17,2360,650601,-131000,-63410,456191,-56627,-6783
2023-10-18,2360,780637,-70000,-143195,567442,-144000,805
2023-10-19,2360,408587,-120396,-8295,279896,-8000,-295
2023-10-20,2360,-359648,48656,-46419,-357411,-49000,2581
2023-10-23,2360,54892,-40000,-26370,-11478,-27000,630
2023-10-24,2360,-512,0,4876,4364,-1000,5876
2023-10-25,2360,22415,7000,12789,42204,6000,6789
2023-10-26,2360,-2565,108,-63410,-65867,-45128,-18282
2023-10-27,2360,-239564,-4000,1626,-241938,0,1626
2023-10-30,2360,159711,17000,6902,183613,-7000,13902
2023-10-31,2360,-18894,-520000,-543,-539437,1964,-2507
2023-11-01,2360,278072,-239000,-9452,29620,4000,-13452
2023-11-02,2360,77954,-622000,57010,-487036,55000,2010
2023-11-03,2360,98000,-108000,20983,10983,4000,16983
2023-11-06,2360,98406,6802,-8009,97199,4000,-12009
2023-11-07,2360,-305545,12000,-4198,-297743,-2000,-2198
2023-11-08,2360,-124300,-1000,23944,-101356,12000,11944
2023-11-09,2360,-252489,-68000,-47618,-368107,-38000,-9618
2023-11-10,2360,899567,-831000,3060,71627,12000,-8940
2023-11-13,2360,537604,-900000,23216,-339180,21000,2216
2023-11-14,2360,-94883,-95000,-6531,-196414,-8000,1469
2023-11-15,2360,139201,-244198,17086,-87911,21612,-4526
2023-11-16,2360,-153115,-12021,20126,-145010,23000,-2874
2023-11-17,2360,-107550,-1241000,30826,-1317724,28807,2019
2023-11-20,2360,172705,2000,-20054,154651,-23289,3235
2023-11-21,2360,186646,-555171,573,-367952,-7998,8571
2023-11-22,2360,-93664,-99000,-7674,-200338,4000,-11674
2023-11-23,2360,276000,-10000,27792,293792,16495,11297
2023-11-24,2360,-367000,112664,-1741,-256077,5685,-7426
2023-11-27,2360,-316525,83000,-6961,-240486,1000,-7961
2023-11-28,2360,-538967,-8000,-17297,-564264,-17000,-297
2023-11-29,2360,498401,-799000,10409,-290190,21000,-10591
2023-11-30,2360,128783,2000,12523,143306,8000,4523
2023-12-01,2360,-138023,23000,31542,-83481,16000,15542
2023-12-04,2360,16017,2000,-13017,5000,7000,-20017
2023-12-05,2360,-46068,1000,-65695,-110763,7000,-72695
2023-12-06,2360,-488767,2000,-23659,-510426,-14000,-9659
2023-12-07,2360,-105302,-2651,22740,-85213,25000,-2260
2023-12-08,2360,41851,-404000,24473,-337676,26000,-1527
2023-12-11,2360,-334000,-400196,-16704,-750900,-10000,-6704
2023-12-12,2360,-3118772,139662,68774,-2910336,62930,5844
2023-12-13,2360,-126000,-1204,-12100,-139304,-18000,5900
2023-12-14,2360,684685,88331,43099,816115,28000,15099
2023-12-15,2360,68930,100341,30966,200237,19000,11966
2023-12-18,2360,-324320,-39398,-27089,-390807,-10000,-17089
2023-12-19,2360,-577001,74602,-9442,-511841,-6000,-3442
2023-12-20,2360,111471,-6000,-24529,80942,-16000,-8529
2023-12-21,2360,-581682,187605,9313,-384764,10000,-687
2023-12-22,2360,-47558,-14000,15429,-46129,10000,5429
2023-12-25,2360,-167000,-9192,-2713,-178905,2000,-4713
2023-12-26,2360,-21310,-5192,20649,-5853,12000,8649
2023-12-27,2360,330360,-9396,-6727,314237,-8000,1273
2023-12-28,2360,28000,-7385,21502,42117,20000,1502
2023-12-29,2360,483300,-4000,1959,481259,1045,914
2024-01-02,2360,-534805,594000,-30078,29117,-26000,-4078
2024-01-03,2360,-905000,440423,6021,-458556,8000,-1979
2024-01-04,2360,-172250,3000,-30560,-199810,-31000,440
2024-01-05,2360,-385480,-209,-18296,-403985,-17000,-1296
2024-01-08,2360,-519192,614,2779,-515799,3000,-221
2024-01-09,2360,640500,0,34023,674523,27000,7023
2024-01-10,2360,-280912,2807,-16483,-294588,-15000,-1483
2024-01-11,2360,-257820,0,21661,-236159,27000,-5339
2024-01-12,2360,4005,-130000,-2967,-128962,0,-2967
2024-01-15,2360,-12000,7000,29857,24857,23000,6857
2024-01-16,2360,75134,-294000,103929,-114937,103000,929
2024-01-17,2360,-197652,12197,-14224,-199679,-4000,-10224
2024-01-18,2360,-319321,29000,29379,-260942,26000,3379
2024-01-19,2360,-342000,-97000,38747,-400253,39000,-253
2024-01-22,2360,14300,-216198,54974,-146924,43000,11974
2024-01-23,2360,-259029,-256000,14384,-500645,12000,2384
2024-01-24,2360,-495745,-5000,14865,-485880,20000,-5135
2024-01-25,2360,-1509162,-179814,2937,-1686039,8786,-5849
2024-01-26,2360,30093,-543591,-18805,-532303,-17000,-1805
2024-01-29,2360,-294000,-1434,-6924,-302358,-10000,3076
2024-01-30,2360,-492217,-46384,-162015,-700616,-160000,-2015
2024-01-31,2360,-568430,-2000,-2511,-572941,-2000,-511
2024-02-01,2360,66516,-5000,-120735,-59219,-114000,-6735
2024-02-02,2360,66158,2197,-243866,-175511,-245000,1134
2024-02-05,2360,-16598,81381,-44209,20574,-47000,2791
2024-02-15,2360,-1100000,-138476,26390,-1212086,24214,2176
2024-02-16,2360,86600,-5415,-16040,65145,-30000,13960
2024-02-19,2360,-196400,133197,23452,-39751,16000,7452
2024-02-20,2360,370500,213152,26315,609967,3000,23315
2024-02-21,2360,-998060,149427,283982,-564651,220000,63982
2024-02-22,2360,-1221000,620000,405774,-195226,409018,-3244
2024-02-23,2360,886592,516808,99185,1502585,86000,13185
2024-02-26,2360,-319054,46395,-190468,-463127,-155000,-35468
2024-02-27,2360,1083148,9236,-31958,1060426,-6000,-25958
2024-02-29,2360,495234,-2211,-56811,436212,-48925,-7886
2024-03-01,2360,103200,98395,-65392,136203,-65000,-392
2024-03-04,2360,-131526,66865,43273,-21388,-5000,48273
2024-03-05,2360,-184999,350087,-311357,-146269,-328000,16643
2024-03-06,2360,-132253,-191567,267291,-56529,250000,17291
2024-03-07,2360,776089,102615,159604,1038308,173000,-13396
2024-03-08,2360,-126400,129065,-307688,-305023,-312000,4312
2024-03-11,2360,385000,-193000,-59650,132350,-54000,-5650
2024-03-12,2360,592764,-105000,35830,523594,40000,-4170
2024-03-13,2360,445230,237615,-63615,619230,-38576,-25039
2024-03-14,2360,-39640,190278,-111725,38913,-88000,-23725
2024-03-15,2360,-219055,116000,1059,-101996,0,1059
2024-03-18,2360,-345431,-69000,17867,-396564,8000,9867
2024-03-19,2360,-44000,168631,15321,139952,-11000,26321
2024-03-20,2360,-375000,-5000,-51584,-431584,-22000,-29584
2024-03-21,2360,370008,-203000,86092,253100,65000,21092
2024-03-22,2360,-62886,-237540,34066,-266360,66000,-31934
2024-03-25,2360,230200,-244000,-8595,-22395,-10224,1629
2024-03-26,2360,747717,-260000,-116078,371639,-96000,-20078
2024-03-27,2360,182114,-267000,12586,-72300,19000,-6414
2024-03-28,2360,51000,70255,-4131,117124,5485,-9616
2024-03-29,2360,-77396,-3800,7350,-73846,12000,-4650
2024-04-01,2360,-18963,-4000,-5139,-28102,-5000,-139
2024-04-02,2360,23066,-1000,-8465,13601,-6702,-1763
2024-04-03,2360,171000,-70000,-23937,77063,-24000,63
2024-04-08,2360,-176143,-43559,5710,-213992,-1000,6710
2024-04-09,2360,-254041,-3000,-3800,-260841,2292,-6092
2024-04-10,2360,470292,-5000,-90807,374485,-92000,1193
2024-04-11,2360,-202000,-1000,13477,-189523,16000,-2523
2024-04-12,2360,-301600,-37000,10743,-327857,-20000,30743
2024-04-15,2360,-158709,41000,-119458,-237167,-101000,-18458
2024-04-16,2360,566899,52000,-137158,481741,-128172,-8986
2024-04-17,2360,-183334,-20372,-23152,-226858,-21341,-1811
2024-04-18,2360,169513,-148000,-25471,-3958,-15179,-10292
2024-04-19,2360,409888,32796,-105458,337226,-96000,-9458
2024-04-22,2360,75663,26000,-14232,87431,-8000,-6232
2024-04-23,2360,-42985,0,26703,-16282,20003,6700
2024-04-24,2360,-113996,0,26202,-87794,20069,6133
2024-04-25,2360,26922,-129000,4129,-97949,2000,2129
2024-04-26,2360,349988,0,75512,425500,20107,55405
2024-04-29,2360,45937,141000,19417,206354,44000,-24583
2024-04-30,2360,-2419,69000,278396,344977,233000,45396
2024-05-02,2360,-632205,4629,-63419,-690995,-4000,-59419
2024-05-03,2360,590864,45000,-19231,616633,-51000,31769
2024-05-06,2360,343144,22000,-48976,316168,-24120,-24856
2024-05-07,2360,-99811,0,-91135,-190946,-77000,-14135
2024-05-08,2360,249610,-7000,16821,259431,1000,15821
2024-05-09,2360,-198561,-44186,-60249,-302996,-30000,-30249
2024-05-10,2360,113711,-179000,-7303,-72592,-3000,-4303
2024-05-13,2360,382982,-132000,21959,272941,22000,-41
2024-05-14,2360,-92449,0,-23326,-115775,-23000,-326
2024-05-15,2360,132000,-62000,-30014,39986,-34000,3986
2024-05-16,2360,387300,43000,30819,461119,5000,25819
2024-05-17,2360,427356,15973,85771,529100,74060,11711
2024-05-20,2360,296566,-1000,7855,303421,31000,-23145
2024-05-21,2360,1057045,-1186,27107,1082966,7000,20107
2024-05-22,2360,231250,-3000,-20480,207770,1500,-21980
2024-05-23,2360,240236,-9743,141700,372193,16500,125200
2024-05-24,2360,706722,-144000,-120724,441998,-32261,-88463
2024-05-27,2360,449218,202000,2958,654176,-30740,33698
2024-05-28,2360,1111852,7000,-42743,1076109,6000,-48743
2024-05-29,2360,343216,-65371,-53868,223977,-15000,-38868
2024-05-30,2360,171323,7100,-15567,162856,-13000,-2567
2024-05-31,2360,124008,65000,-8852,180156,2000,-10852
2024-06-03,2360,-42857,270000,56026,283169,41000,15026
2024-06-04,2360,374445,94000,-11791,456654,-11000,-791
2024-06-05,2360,-204638,28000,-11188,-187826,-15000,3812
2024-06-06,2360,152807,-20000,-30456,102351,-25000,-5456
2024-06-07,2360,590989,0,34667,625656,24000,10667
2024-06-11,2360,92251,167000,93740,352991,13000,80740
2024-06-12,2360,366210,107000,-11797,461413,-31000,19203
2024-06-13,2360,-29323,6814,-70668,-93177,28000,-98668
2024-06-14,2360,-266048,-30000,-12773,-308821,-11237,-1536
2024-06-17,2360,974456,112443,42530,1129429,29000,13530
2024-06-18,2360,582056,698500,65288,1345844,-14000,79288
2024-06-19,2360,106815,-45335,-96614,-35134,-25000,-71614
2024-06-20,2360,253976,-234000,2571,22547,21300,-18729
2024-06-21,2360,-36767,26000,52963,42196,3000,49963
2024-06-24,2360,-437239,21000,-22373,-438612,21700,-44073
2024-06-25,2360,-204109,8000,69600,-126509,47000,22600
2024-06-26,2360,-76736,8100,-24406,-93042,-14000,-10406
2024-06-27,2360,-161017,0,-163,-161180,1000,-1163
2024-06-28,2360,47635,-118000,44694,-25671,29000,15694
2024-07-01,2360,-98211,134000,-11245,24544,-5000,-6245
2024-07-02,2360,-60963,181000,-25442,94595,-18000,-7442
2024-07-03,2360,1464800,-1955000,31650,-458550,17000,14650
2024-07-04,2360,275988,-625018,67527,-281503,11000,56527
2024-07-05,2360,-128196,-20000,8928,-139268,1940,6988
2024-07-08,2360,527000,1000,-11242,516758,2000,-13242
2024-07-09,2360,65266,490000,34299,589565,-2000,36299
2024-07-10,2360,-154394,279000,-41577,83029,7000,-48577
2024-07-11,2360,290990,425000,85310,801300,25000,60310
2024-07-12,2360,-605724,82000,-92710,-616434,-28000,-64710
2024-07-15,2360,-395738,670000,-35286,238976,-68000,32714
2024-07-16,2360,-762548,1025000,-30272,232180,-14000,-16272
2024-07-17,2360,-1322021,542000,-41774,-821795,-16246,-25528
2024-07-18,2360,-710380,539000,-26594,-197974,-2000,-24594
2024-07-19,2360,-2029774,1431742,87427,-510605,65000,22427
2024-07-22,2360,-205265,615454,-22405,387784,644,-23049
2024-07-23,2360,-411160,557000,-520,145320,-2000,1480
2024-07-26,2360,-554167,132000,-8080,-430247,-1000,-7080
2024-07-29,2360,160152,259486,-17144,402494,-27000,9856
2024-07-30,2360,-193084,206486,18938,32340,-1591,20529
2024-07-31,2360,37476,261000,-21971,276505,2000,-23971
2024-08-01,2360,-655793,701000,-46489,-1282,-89000,42511
2024-08-02,2360,-390126,118000,-94822,-366948,-26000,-68822
2024-08-05,2360,-199067,94000,-45839,-150906,-33000,-12839
2024-08-06,2360,-76896,119000,-18205,23899,-12000,-6205
2024-08-07,2360,-658220,450000,-9394,-217614,-9000,-394
2024-08-08,2360,-359314,146000,-22589,-235903,-15000,-7589
2024-08-09,2360,134538,37000,-73341,98197,-78000,4659
2024-08-12,2360,-227173,267000,10875,50702,11000,-125
2024-08-13,2360,61300,0,-6410,54890,-5000,-1410
2024-08-14,2360,212107,23257,-20712,214652,-31000,10288
2024-08-15,2360,55076,-45485,-16706,-7115,-4000,-12706
2024-08-16,2360,-170766,184774,50035,64043,46000,4035
2024-08-19,2360,-74135,159000,14622,99487,13000,1622
2024-08-20,2360,-274983,178000,9408,-87575,-8000,17408
2024-08-21,2360,57245,0,-59329,-2084,-36000,-23329
2024-08-22,2360,-16677,10000,29951,23274,19000,10951
2024-08-23,2360,39797,-490,12502,51809,10000,2502
2024-08-26,2360,1116,30000,-38423,-7307,-37000,-1423
2024-08-27,2360,41485,57000,-23795,74690,-11000,-12795
2024-08-28,2360,-15000,4000,-3770,-14770,-1000,-2770
2024-08-29,2360,-115944,3000,-1840,-114784,0,-1840
2024-08-30,2360,418697,1000,18948,438645,1000,17948
2024-09-02,2360,-349863,-8000,-10701,-368564,-4000,-6701
2024-09-03,2360,-169758,15000,1091,-153667,14000,-12909
2024-09-04,2360,-185000,-6000,-72223,-263223,-57000,-15223
2024-09-05,2360,-652618,603000,-14867,-64485,-12000,-2867
2024-09-06,2360,-434390,327293,-10681,-117778,-17000,6319
2024-09-09,2360,-362291,173000,-24789,-214080,-22000,-2789
2024-09-10,2360,-2019751,2376000,67684,423933,19000,48684
2024-09-11,2360,-1128650,105000,-44647,-1068297,9000,-53647
2024-09-12,2360,-1048793,504000,201033,-343760,119000,82033
2024-09-13,2360,-973826,1335000,34014,395188,48000,-13986
2024-09-16,2360,-1871718,587500,7621,-1276597,32000,-24379
2024-09-18,2360,18786,20000,-64919,-26133,-45000,-19919
2024-09-19,2360,-240281,64000,111414,-64867,74000,37414
2024-09-20,2360,413594,-288000,26745,152339,57000,-30255
2024-09-23,2360,137607,-396000,44654,-213739,58000,-13346
2024-09-24,2360,-44200,757000,38819,751619,-47999,86818
2024-09-25,2360,-678595,-32435,38653,-672377,99000,-60347
2024-09-26,2360,85092,-138,-70118,14836,-77000,6882
2024-09-27,2360,-2263910,2001000,81811,-181099,31000,50811
2024-09-30,2360,-445066,420279,13541,-11246,16999,-3458
2024-10-01,2360,-363887,205000,-17795,-176682,3000,-20795
2024-10-04,2360,-1288180,-132000,178679,-1241501,210000,-31321
2024-10-07,2360,169120,-57000,2615,114735,-54000,56615
2024-10-08,2360,-918310,1113789,-20684,174795,-42000,21316
2024-10-09,2360,-771896,542000,-2779,-232675,36000,-38779
2024-10-11,2360,-1032099,45579,68781,-917739,75000,-6219
2024-10-14,2360,90820,660789,-37378,714231,-98000,60622
2024-10-15,2360,-756145,210000,-94742,-640887,-56000,-38742
2024-10-16,2360,-2077759,1364000,206498,-507261,146000,60498
2024-10-17,2360,-1238633,202000,8554,-1028079,66000,-57446
2024-10-18,2360,-176881,115000,-33757,-95638,-32000,-1757
2024-10-21,2360,-102155,219000,-16432,100413,11000,-27432
2024-10-22,2360,-111513,321000,-5850,203637,-64000,58150
2024-10-23,2360,-1059890,280000,11833,-768057,55000,-43167
2024-10-24,2360,296439,-127000,-74353,95086,-61394,-12959
2024-10-25,2360,646209,-120000,-28267,497942,-46606,18339
2024-10-28,2360,156352,50000,-55856,150496,-35000,-20856
2024-10-29,2360,-566941,59000,87343,-420598,86000,1343
2024-10-30,2360,-147591,258000,7528,117937,-45000,52528
2024-11-01,2360,343423,212000,-90591,464832,-72000,-18591
2024-11-04,2360,-347346,158000,-45742,-235088,-27061,-18681
2024-11-05,2360,-630757,142000,-67776,-556533,-46000,-21776
2024-11-06,2360,-470891,25000,62834,-383057,14749,48085
2024-11-07,2360,-73641,41000,-35716,-68357,22469,-58185
2024-11-08,2360,-316156,103000,-66951,-280107,-56270,-10681
2024-11-11,2360,236625,4000,17255,257880,3000,14255
2024-11-12,2360,385440,5904,-68143,323201,-35000,-33143
2024-11-13,2360,173162,-92000,-11254,69908,-24000,12746
2024-11-14,2360,718334,-49000,-67503,601831,-59000,-8503
2024-11-15,2360,246854,0,27691,274545,18990,8701
2024-11-18,2360,1806654,-749006,16800,1074448,33000,-16200
2024-11-19,2360,152400,87435,42402,282237,-13000,55402
2024-11-20,2360,-106233,161911,-137588,-81910,-114800,-22788
2024-11-21,2360,319398,69000,19005,407403,29000,-9995
2024-11-22,2360,173738,102000,66797,342535,65000,1797
2024-11-25,2360,52060,-56931,52499,47628,33000,19499
2024-11-26,2360,-471686,-180182,-68452,-720320,-34000,-34452
2024-11-27,2360,94031,147041,-87429,153643,-79000,-8429
2024-11-28,2360,-132258,45797,8511,-77950,8000,511
2024-11-29,2360,-129737,-49477,50501,-128713,23000,27501
2024-12-02,2360,-243907,-91195,24673,-310429,-2000,26673
2024-12-03,2360,-213272,133000,-24915,-105187,18000,-42915
2024-12-04,2360,248542,-252188,152920,149274,16000,136920
2024-12-05,2360,-634219,-498203,-5574,-1137996,77000,-82574
2024-12-06,2360,-32454,-78000,-34510,-144964,-32000,-2510
2024-12-09,2360,337091,-887500,-15959,-566368,1000,-16959
2024-12-10,2360,505476,-1060500,-897,-555921,-4000,3103
2024-12-11,2360,170773,-45406,-2453,122914,-19000,16547
2024-12-12,2360,-617396,-770460,13594,-1374262,21000,-7406
2024-12-13,2360,-237649,-52203,-47871,-337723,-39000,-8871
2024-12-16,2360,-642314,-124203,5961,-760556,9000,-3039
2024-12-17,2360,-79322,-192185,25314,-246193,4000,21314
2024-12-18,2360,-63553,-293453,-72400,-429406,-33000,-39400
2024-12-19,2360,7712,-151000,15527,-127761,-7000,22527
2024-12-20,2360,70424,3774,-47557,26641,-48000,443
2024-12-23,2360,104932,-343000,13037,-225031,18000,-4963
2024-12-24,2360,71711,-16000,876,56587,6000,-5124
2024-12-25,2360,177466,-11000,37256,203722,36000,1256
2024-12-26,2360,-366000,-115188,20314,-460874,24000,-3686
2024-12-27,2360,118734,-5000,-3954,109780,1000,-4954
2024-12-30,2360,27878,-26965,8629,9542,4000,4629
2024-12-31,2360,97068,159000,-9357,246711,-8000,-1357
2025-01-02,2360,-309994,-156453,-42244,-508691,-24000,-18244
2025-01-03,2360,1949656,-1625000,18830,343486,25000,-6170
2025-01-06,2360,2916540,-2770000,178938,325478,160210,18728
2025-01-07,2360,1017367,72000,-72308,1017059,-100375,28067
2025-01-08,2360,568272,-147227,-64918,356127,-30000,-34918
2025-01-09,2360,808593,34773,-68457,774909,-77000,8543
2025-01-10,2360,702078,-61000,14565,655643,4890,9675
2025-01-13,2360,398311,-286000,26415,138726,72000,-45585
2025-01-14,2360,-15010,-283000,24426,-273584,9000,15426
2025-01-15,2360,247862,-189000,10049,68911,12000,-1951
2025-01-16,2360,845025,-526000,46956,365981,5000,41956
2025-01-17,2360,847765,-859000,-48787,-60022,-16000,-32787
2025-01-20,2360,963020,-1328000,26720,-338260,16000,10720
2025-01-21,2360,958432,-1204208,39601,-206175,40000,-399
2025-01-22,2360,1312182,-869000,-49337,393845,-51117,1780
2025-02-03,2360,-255779,9000,17853,-228926,13000,4853
2025-02-04,2360,3455769,-5490000,83395,-1950836,91000,-7605
2025-02-05,2360,3106249,-965000,-87439,2053810,-96000,8561
2025-02-06,2360,1071744,-1052000,19097,38841,19000,97
2025-02-07,2360,737960,57242,-52977,742225,-59883,6906
2025-02-10,2360,671378,-250000,-9474,411904,-17000,7526
2025-02-11,2360,586591,-227000,-14351,345240,12000,-26351
2025-02-12,2360,91145,-598000,4651,-502204,-1000,5651
2025-02-13,2360,-209975,-59000,24716,-244259,22000,2716
2025-02-14,2360,212660,-69000,-13217,130443,-19000,5783
2025-02-17,2360,706046,-585000,14473,135519,8486,5987
2025-02-18,2360,-447118,-57429,12514,-492033,20000,-7486
2025-02-19,2360,481981,0,15166,497147,13868,1298
2025-02-20,2360,112479,-227,10235,122487,6247,3988
2025-02-21,2360,194419,-1000,41613,235032,33973,7640
2025-02-24,2360,-346722,-224000,64733,-505989,60029,4704
2025-02-25,2360,-861770,230000,-13176,-644946,4000,-17176
2025-02-26,2360,-72972,0,70046,-2926,46329,23717
2025-02-27,2360,-254213,11000,-12089,-255302,-19000,6911
2025-03-03,2360,-231790,-153000,-78674,-463464,-51291,-27383
2025-03-04,2360,208919,-237234,5562,-22753,9005,-3443
2025-03-05,2360,-581008,-93000,104745,-569263,96693,8052
2025-03-06,2360,-487609,95000,-11768,-404377,-9000,-2768
2025-03-07,2360,-983557,1173000,4494,193937,-2327,6821
2025-03-10,2360,-423090,549000,-18825,107085,-22000,3175
2025-03-11,2360,-581664,1000,-65581,-646245,-49725,-15856
2025-03-12,2360,-129650,272124,-11821,130653,-12000,179
2025-03-13,2360,-334964,41000,-13766,-307730,-2000,-11766
2025-03-14,2360,174390,3000,-14578,162812,-14000,-578
2025-03-17,2360,-26820,-6000,-7545,-40365,-8000,455
2025-03-18,2360,-177330,-3000,11845,-168485,10000,1845
2025-03-19,2360,-539387,0,-42904,-582291,-50774,7870
2025-03-20,2360,-49233,1000,36522,-11711,28999,7523
2025-03-21,2360,-372689,153436,-42263,-261516,-17000,-25263
2025-03-24,2360,-234000,1000,-24218,-257218,-9000,-15218
2025-03-25,2360,182619,0,-1671,180948,-1000,-671
2025-03-26,2360,-75917,181000,14577,119660,7000,7577
2025-03-27,2360,-380087,1000,34877,-344210,46000,-11123
2025-03-28,2360,-42715,-223000,-18312,-284027,-1000,-17312
2025-03-31,2360,720398,-212000,-110649,397749,-89000,-21649
2025-04-01,2360,-39261,2000,-19033,-56294,-19000,-33
2025-04-02,2360,-62373,-1299,-9831,-73503,-11000,1169
2025-04-07,2360,68302,0,-310,67992,0,-310
2025-04-08,2360,331309,-10000,93412,414721,98000,-4588
2025-04-09,2360,644075,-58000,-242002,344073,-192155,-49847
2025-04-10,2360,-36030,0,48000,11970,-1000,49000
2025-04-11,2360,35205,276011,-91680,219536,-41000,-50680
2025-04-14,2360,-182024,-32024,-50903,-264951,-51000,97
2025-04-15,2360,3566,-3328,23932,24170,21000,2932
2025-04-16,2360,-187728,-12000,-29150,-228878,-16000,-13150
2025-04-17,2360,7505,0,20656,28161,8500,12156
2025-04-18,2360,-72186,85000,-9075,3739,0,-9075
2025-04-21,2360,47224,-2000,-7420,37804,1000,-8420
2025-04-22,2360,69986,0,12667,82653,10000,2667
2025-04-23,2360,-53840,0,26189,-27651,6000,20189
2025-04-24,2360,-16379,219991,-33289,170323,11700,-44989
2025-04-25,2360,-160848,42000,60344,-58504,43000,17344
2025-04-28,2360,-468022,409000,21907,-37115,14800,7107
2025-04-29,2360,-141234,17000,7600,-116634,9000,-1400
2025-04-30,2360,-12601,12000,-20116,-20717,8600,-28716
2025-05-02,2360,-188713,134000,-1943,-56656,-17000,15057
2025-05-05,2360,-184192,597010,-28325,384493,-7578,-20747
2025-05-06,2360,-372108,154772,-37788,-255124,-10011,-27777
2025-05-07,2360,-165511,48772,1635,-115104,-1000,2635
2025-05-08,2360,-255509,505000,21361,270852,6066,15295
2025-05-09,2360,-53106,30000,6424,-16682,-767,7191
2025-05-12,2360,87159,-119000,-22750,-54591,-21918,-832
2025-05-13,2360,-66988,117340,-14710,35642,-14300,-410
2025-05-14,2360,-13776,-1000,39432,24656,32000,7432
2025-05-15,2360,88841,209,22993,112043,13536,9457
2025-05-16,2360,303365,2345,-8256,297454,-10000,1744
2025-05-19,2360,-106644,110957,-13034,-8721,-4000,-9034
2025-05-20,2360,-159440,134150,14380,-10910,7000,7380
2025-05-21,2360,-75799,107000,15109,46310,1000,14109
2025-05-22,2360,-167379,-9313,-7875,-184567,-5000,-2875
2025-05-23,2360,146952,-1000,-9767,136185,-7000,-2767
2025-05-26,2360,162591,165771,-18868,309494,-17000,-1868
2025-05-27,2360,35124,17422,-52705,-159,-47000,-5705
2025-05-28,2360,-153516,87000,-17156,-83672,-12000,-5156
2025-05-29,2360,45691,-10000,18033,53724,10000,8033
2025-06-02,2360,106741,-12000,-40769,53972,-33363,-7406
2025-06-03,2360,321947,-3000,2821,321768,-4000,6821
2025-06-04,2360,-207757,45000,25096,-137661,-20000,45096
2025-06-05,2360,-589214,76671,7266,-505277,17359,-10093
2025-06-06,2360,-215312,1000,4070,-210242,4000,70
2025-06-09,2360,-676839,34000,6188,-636651,11000,-4812
2025-06-10,2360,-488084,-3000,69525,-421559,53000,16525
2025-06-11,2360,609924,31000,9912,650836,-16000,25912
2025-06-12,2360,-839774,20651,-13084,-832207,-1000,-12084
2025-06-13,2360,-842920,-329,-47467,-890716,-46000,-1467
2025-06-16,2360,754486,275436,1147,1031069,4000,-2853
2025-06-17,2360,-130782,-14034,-11514,-156330,-10000,-1514
2025-06-18,2360,-628353,224343,-49169,-453179,-27000,-22169
2025-06-19,2360,171873,-7000,546,165419,-3000,3546
2025-06-20,2360,-349207,121000,-29870,-258077,-8000,-21870
2025-06-23,2360,-30468,208000,-2986,174546,-2000,-986
2025-06-24,2360,-1156382,603343,21730,-531309,-15000,36730
2025-06-25,2360,-1105827,1264696,5490,164359,-12800,18290
2025-06-26,2360,-1665402,1867671,46924,249193,-22000,68924
2025-06-27,2360,-274691,517000,-174680,67629,-64000,-110680
2025-06-30,2360,-712139,981593,78533,347987,54400,24133
2025-07-01,2360,-103990,227000,2762,125772,-4130,6892
2025-07-02,2360,56385,62000,-25104,93281,-8492,-16612
2025-07-03,2360,358393,-264191,-12913,81289,-5152,-7761
2025-07-04,2360,143525,175436,316,319277,2000,-1684
2025-07-07,2360,429376,30343,-9296,450423,-9000,-296
2025-07-08,2360,1304915,-8000,18489,1315404,1000,17489
2025-07-09,2360,260133,-78655,-11499,169979,9000,-20499
2025-07-10,2360,448582,-124000,22432,347014,17465,4967
2025-07-11,2360,252480,66000,225490,543970,141234,84256
2025-07-14,2360,-16152,-2563,44378,25663,19000,25378
2025-07-15,2360,199586,-93000,98805,205391,46504,52301
2025-07-16,2360,118470,202345,2237,323052,-33342,35579
2025-07-17,2360,-713860,418672,120737,-174451,103629,17108
2025-07-18,2360,28929,200690,27896,257515,30269,-2373
2025-07-21,2360,-273924,32765,16358,-224801,16100,258
2025-07-22,2360,33457,227017,7821,268295,3319,4502
2025-07-23,2360,320996,3000,9476,333472,6683,2793
2025-07-24,2360,172591,57000,-833,228758,-368,-465
2025-07-25,2360,-42091,1000,-16759,-57850,-2000,-14759
2025-07-28,2360,-328758,409000,11703,91945,6128,5575
2025-07-29,2360,160875,26671,-362550,-175004,-172037,-190513
2025-07-30,2360,-188558,0,3086,-185472,-1000,4086
2025-07-31,2360,-857615,180271,324552,-352792,208329,116223
2025-08-01,2360,1236169,34357,-45134,1225392,-57002,11868
2025-08-04,2360,424163,1552100,-253003,1723260,-142571,-110432
2025-08-05,2360,-173676,186671,-435,12560,-2895,2460
2025-08-06,2360,-585215,311000,-40066,-314281,-26000,-14066
2025-08-07,2360,271007,-220000,49264,100271,12073,37191
2025-08-08,2360,409218,66000,-19229,455989,-21000,1771
2025-08-11,2360,158194,235772,53845,447811,16000,37845
2025-08-12,2360,35912,161974,-66615,131271,-18001,-48614
2025-08-13,2360,385869,297338,24932,708139,3000,21932
2025-08-14,2360,336241,-266596,23683,93328,6000,17683
2025-08-15,2360,-124230,205430,26563,107763,3184,23379
2025-08-18,2360,-59833,87090,7410,34667,11067,-3657
2025-08-19,2360,-454828,341000,2046,-111782,7526,-5480
2025-08-20,2360,49972,127000,-147103,29869,-89000,-58103
2025-08-21,2360,-48749,94000,42321,87572,13000,29321
2025-08-22,2360,-16543,-72331,-18565,-107439,-11000,-7565
2025-08-25,2360,-81530,57337,-3781,-27974,0,-3781
2025-08-26,2360,-632052,396000,191315,-44737,80002,111313
2025-08-27,2360,-1332875,1031500,30057,-271318,14000,16057
2025-08-28,2360,-270759,354336,-107720,-24143,-41000,-66720
2025-08-29,2360,-2497026,1150000,82542,-1264484,38441,44101
2025-09-01,2360,59795,425000,50768,535563,23826,26942
2025-09-02,2360,306958,286000,-119428,473530,-49496,-69932
2025-09-03,2360,-183545,207000,-25990,-2535,-28000,2010
2025-09-04,2360,-268016,109668,-7816,-166164,-1000,-6816
2025-09-05,2360,-825246,439668,121397,-264181,21015,100382
2025-09-08,2360,-262471,52005,-40061,-250527,3000,-43061
2025-09-09,2360,-215652,18738,33387,-163527,-9253,42640
2025-09-10,2360,-49851,6000,65272,21421,4000,61272
2025-09-11,2360,401160,-287236,-33114,80810,1413,-34527
2025-09-12,2360,203485,-199864,-37574,-33953,-4000,-33574
2025-09-15,2360,393900,-491000,-94716,-191816,-57000,-37716
2025-09-16,2360,201698,-264000,10384,-51918,-1000,11384
2025-09-17,2360,51381,-145177,-47344,-141140,-26000,-21344
2025-09-18,2360,-407549,279000,230142,101593,163735,66407
2025-09-19,2360,-238948,227406,-108403,-119945,-37949,-70454
2025-09-22,2360,-775667,-37000,68915,-743752,11000,57915
2025-09-23,2360,-1015205,8067,90295,-916843,14512,75783
2025-09-24,2360,-259271,8335,123104,-127832,66303,56801
2025-09-25,2360,81974,-124000,195781,153755,60130,135651
2025-09-26,2360,-91917,-95200,3741,-183376,21000,-17259
2025-09-30,2360,-598348,178000,146043,-274305,61086,84957
2025-10-01,2360,-530638,631745,15462,116569,3045,12417
2025-10-02,2360,-1186579,643000,72021,-471558,47956,24065
2025-10-03,2360,442733,-333000,-51765,57968,-7000,-44765
2025-10-07,2360,421283,-2000,-77738,341545,-29000,-48738
2025-10-08,2360,314569,-166000,-39251,109318,-5886,-33365
2025-10-09,2360,209220,-281271,-36856,-108907,-19487,-17369
2025-10-13,2360,-44397,435758,25128,416489,343,24785
2025-10-14,2360,5602,329758,-156785,178575,-38970,-117815
2025-10-15,2360,-993540,406067,19647,-567826,-28907,48554
2025-10-16,2360,-92070,161067,23487,92484,49798,-26311
2025-10-17,2360,-145700,130000,533,-15167,-3514,4047
2025-10-20,2360,184840,-169932,33642,48550,30291,3351
2025-10-21,2360,-1233,-172000,2687,-170546,-8000,10687
2025-10-22,2360,-119304,-98000,17408,-199896,18000,-592
2025-10-23,2360,102793,-92000,-96827,-86034,-29000,-67827
2025-10-27,2360,-380113,-530022,67347,-842788,55000,12347
2025-10-28,2360,-634505,239000,27164,-368341,-503,27667
2025-10-29,2360,-700525,150000,66931,-483594,37503,29428
2025-10-30,2360,460732,-12000,172824,621556,93928,78896
2025-10-31,2360,270025,171768,-63221,378572,-29000,-34221
2025-11-03,2360,791377,-3063,-62844,725470,-11690,-51154
2025-11-04,2360,-106174,-242000,-68127,-416301,-44532,-23595
2025-11-05,2360,690366,-587631,62071,164806,31900,30171
2025-11-06,2360,186083,-661523,80018,-395422,31937,48081
2025-11-07,2360,-8897,-64284,-21743,-94924,-18600,-3143
2025-11-10,2360,-130998,-57158,47058,-141098,700,46358
2025-11-11,2360,-618984,-2500,43626,-577858,23748,19878
2025-11-12,2360,-911937,222000,54247,-635690,-28600,82847
2025-11-13,2360,-741987,-6000,-92769,-840756,-63000,-29769
2025-11-14,2360,-789129,95000,-73569,-767698,-22000,-51569
2025-11-17,2360,-350919,21842,-59759,-388836,-35513,-24246
2025-11-18,2360,-194748,18683,-145259,-321324,-72100,-73159
2025-11-19,2360,-116056,428397,-101900,210441,-62891,-39009
2025-11-20,2360,-50232,414478,-17268,346978,27700,-44968
2025-11-21,2360,-542875,116480,-43411,-469806,-14400,-29011
2025-11-24,2360,-208995,234687,45707,71399,-2021,47728
2025-11-25,2360,-731138,367931,-16233,-379440,-34967,18734
2025-11-26,2360,-804274,27000,40691,-736583,51600,-10909
2025-11-27,2360,-76222,-3470,-25848,-105540,-2900,-22948
2025-11-28,2360,264371,-65000,64726,264097,48687,16039
2025-12-01,2360,-131131,-723013,27655,-826489,12110,15545
2025-12-02,2360,-14916,-537217,71226,-480907,26400,44826
2025-12-03,2360,546193,-324000,4536,226729,2100,2436
2025-12-04,2360,-755215,-37001,-21086,-813302,-6600,-14486
2025-12-05,2360,437009,-113000,31895,355904,7373,24522
2025-12-08,2360,10979,6730,-10380,7329,1100,-11480
2025-12-09,2360,-81600,-254215,13719,-322096,-7903,21622
2025-12-10,2360,-73537,-50718,-40515,-164770,-6973,-33542
2025-12-11,2360,541206,-583223,23045,-18972,12768,10277
2025-12-12,2360,63092,18937,-21431,60598,-11221,-10210
2025-12-15,2360,-1117280,-411324,7391,-1521213,11700,-4309
2025-12-16,2360,1440878,-1468554,-66987,-94663,-25000,-41987
2025-12-17,2360,-150207,-82000,-30617,-262824,-3511,-27106
2025-12-18,2360,52472,-294000,43728,-197800,42046,1682
2025-12-19,2360,-8252255,7716447,57453,-478355,20998,36455
2025-12-22,2360,-638629,288486,99373,-250770,67690,31683
2025-12-23,2360,-151435,30000,98665,-22770,50300,48365
2025-12-24,2360,73807,-24000,-28732,21075,15900,-44632
2025-12-26,2360,310482,55000,42131,407613,38000,4131
2025-12-29,2360,-260531,12937,9181,-238413,13926,-4745
2025-12-30,2360,-96986,-84182,26523,-154645,6186,20337
2025-12-31,2360,-26943,-41257,-23080,-91280,4873,-27953
2026-01-02,2360,536740,24082,13168,573990,16378,-3210
2026-01-05,2360,693281,19134,78783,791198,21200,57583
2026-01-06,2360,296178,-81146,57309,272341,55300,2009
2026-01-07,2360,1186744,-31918,-81741,1073085,-7800,-73941
2026-01-08,2360,476643,40947,-63511,454079,-29770,-33741
2026-01-09,2360,603106,73507,-24821,651792,-7300,-17521
2026-01-12,2360,637398,-237682,39072,438788,-15100,54172
2026-01-13,2360,147239,-6794,-44939,95506,-2600,-42339
2026-01-14,2360,195098,-103706,2209,93601,-11500,13709
2026-01-15,2360,154072,-80524,-55042,18506,-42400,-12642
2026-01-16,2360,453328,-297023,-18196,138109,-48500,30304
2026-01-19,2360,391974,-346811,-82606,-37443,-91000,8394
2026-01-20,2360,1798198,-569631,23455,1252022,-39000,62455
2026-01-21,2360,77471,-54436,20319,43354,10000,10319
2026-01-22,2360,-124703,9483,42534,-72686,19658,22876
2026-01-23,2360,25150,39640,-7637,57153,5753,-13390
2026-01-26,2360,68134,-53119,-32637,-17622,-2900,-29737
2026-01-27,2360,463521,56876,42094,562491,23446,18648
2026-01-28,2360,-525901,106171,-3963,-423693,-500,-3463
2026-01-29,2360,372469,12671,-43975,341165,-21100,-22875
2026-01-30,2360,184814,-14697,-21469,148648,-12570,-8899
2026-02-02,2360,-70067,24969,-27687,-72785,-9101,-18586
2026-02-03,2360,-60277,160733,78658,179114,16900,61758
2026-02-04,2360,34229,64479,-50102,48606,-2100,-48002
2026-02-05,2360,-490477,-67410,-66139,-624026,-56311,-9828
2026-02-06,2360,-68579,-26202,-8082,-102863,-8595,513
2026-02-09,2360,541942,-132039,8601,418504,9384,-783
2026-02-10,2360,292515,-12659,13403,293259,43368,-29965
2026-02-11,2360,267271,-51001,-10103,206167,-857,-9246
2026-02-23,2360,-350226,50341,52544,-247341,24363,28181
2026-02-24,2360,-697450,473778,127179,-96493,92906,34273
2026-02-25,2360,-614088,405012,61976,-147100,32700,29276
2026-02-26,2360,-1460451,-782483,45859,-2197075,13800,32059
2026-03-02,2360,-388856,522012,36193,169349,33911,2282
2026-03-03,2360,-419719,-21329,186363,-254685,132894,53469
2026-03-04,2360,-1082378,243684,131075,-707619,82152,48923
2026-03-05,2360,-109924,141685,-60136,-28375,-42850,-17286
2026-03-06,2360,-161311,38000,38172,-85139,31700,6472
2026-03-09,2360,-230733,39753,-33717,-224697,-58000,24283
2026-03-10,2360,1111496,122082,-283304,950274,-251000,-32304
2026-03-11,2360,239154,5000,27971,272125,21000,6971
2026-03-12,2360,82905,-3329,74321,153897,64926,9395
2026-03-13,2360,-162334,-157115,54293,-265156,43878,10415
2026-03-16,2360,-442762,-80000,-16729,-539491,-18305,1576
2026-03-17,2360,-517553,516346,63122,61915,3893,59229
2026-03-18,2360,140518,365758,77052,583328,42528,34524
2026-03-19,2360,-943517,136814,105688,-701015,64574,41114
2026-03-20,2360,-311520,287553,23455,-512,13935,9520
2026-03-23,2360,-50825,715928,-34143,630960,-45815,11672
2026-03-24,2360,-309145,823452,-150828,363479,-77410,-73418
2026-03-25,2360,-251944,78000,7131,-166813,1000,6131
2026-03-26,2360,-145905,70162,10075,-65668,39977,-29902
2026-03-27,2360,-409662,188231,28370,-193061,1634,26736
2026-03-30,2360,382037,180227,-114372,447892,-94409,-19963
2026-03-31,2360,-191182,-84369,-96646,-372197,-112600,15954
2026-04-01,2360,525128,-32277,-23245,469606,6100,-29345
2026-04-02,2360,-423756,288656,55184,-79916,57219,-2035
2026-04-07,2360,-526212,88634,33402,-404176,24426,8976
2026-04-08,2360,93562,-8839,6052,90775,-8317,14369
2026-04-09,2360,697336,379389,-89462,987263,-48476,-40986
2026-04-10,2360,-967215,3547,-10,-963678,1736,-1746
2026-04-13,2360,-1480287,843970,11307,-625010,-17400,28707
2026-04-14,2360,-831014,72269,17484,-741261,-10536,28020
2026-04-15,2360,-357891,271434,12646,-73811,7000,5646
2026-04-16,2360,-1998702,607268,-149326,-1540760,-54914,-94412
2026-04-17,2360,-1438395,275258,-6609,-1169746,-3000,-3609
2026-04-20,2360,-3111586,-215970,261543,-3066013,139500,122043
2026-04-21,2360,-312389,-125313,139432,-298270,46100,93332
2026-04-22,2360,447680,-86830,36150,397000,25749,10401
2026-04-23,2360,199930,-363991,-59419,-223480,-38400,-21019
2026-04-24,2360,-97151,-21252,-32140,-150543,-29200,-2940
2026-04-27,2360,1302397,-1626831,65295,-259139,36147,29148
2026-04-28,2360,301685,89826,-41856,349655,-19150,-22706
2026-04-29,2360,-147371,178968,5504,37101,3400,2104
2026-04-30,2360,-248169,128448,-11821,-131542,500,-12321
2026-05-04,2360,-199787,308585,-107897,901,-8400,-99497
2026-05-05,2360,-800244,117913,49370,-632961,30500,18870
2026-05-06,2360,998239,51751,-157654,892336,-109297,-48357
2026-05-07,2360,-406745,-68909,18505,-457149,4700,13805
2026-05-08,2360,248050,71675,-74293,245432,-73600,-693
2026-05-11,2360,-64659,107449,-17022,25768,-17600,578
2026-05-12,2360,232437,412308,-49423,595322,-22370,-27053
2026-05-13,2360,430762,-1594,-5952,423216,-33707,27755
2026-05-14,2360,367381,-393326,-29816,-55761,-22412,-7404
2026-05-15,2360,-131923,245910,-17561,96426,-23402,5841
2026-05-18,2360,111123,-16000,-1024,94099,8200,-9224
2026-05-19,2360,1206405,-607150,-3800,595455,-14706,10906
2026-05-20,2360,127272,-25654,-50645,50973,-50047,-598
2026-05-21,2360,-482904,-23000,28557,-477347,5180,23377
2026-05-22,2360,-231894,284127,-6476,45757,11300,-17776
2026-05-25,2360,350531,184000,33122,567653,20400,12722
2026-05-26,2360,176684,34433,-22784,188333,-8090,-14694
2026-05-27,2360,-169226,134171,-46284,-81339,-39480,-6804
2026-05-28,2360,-244443,-151529,-14553,-410525,-19000,4447
2026-05-29,2360,-69452,-250285,-208,-319945,721,-929
2026-06-01,2360,-655375,-252116,-11773,-919264,1000,-12773
2026-06-02,2360,882222,-684961,4067,201328,-5901,9968
2026-06-03,2360,520851,-130614,-1636,388601,-2250,614
2026-06-04,2360,223656,15546,14181,253383,160,14021
2026-06-05,2360,58806,159441,-2438,215809,-7500,5062
2026-06-08,2360,-45837,149910,6586,110659,-4620,11206
2026-06-09,2360,510768,-462203,63964,112529,-8000,71964
2026-06-10,2360,396996,-457221,29964,-30261,2530,27434
2026-06-11,2360,653637,12109,58626,724372,21030,37596
2026-06-12,2360,205432,-155404,-581,49447,-2150,1569
2026-06-15,2360,8627,-226986,17620,-200739,14536,3084
2026-06-16,2360,835627,-661071,24608,199164,8350,16258
2026-06-17,2360,891291,-986822,-1524,-97055,19437,-20961
2026-06-18,2360,467444,-359026,-1091,107327,-2641,1550
2026-06-22,2360,825072,-565697,20761,280136,13100,7661
2026-06-23,2360,72544,-120775,13825,-34406,-1100,14925
2026-06-24,2360,515953,-698000,30818,-151229,3010,27808
2026-06-25,2360,260089,-249276,3535,14348,2357,1178
2026-06-26,2360,185516,-70252,-6420,108844,-10181,3761
2026-06-29,2360,67288,-9723,1173,58738,-4800,5973
2026-06-30,2360,19055,136791,-13834,142012,-11000,-2834
2026-07-01,2360,-163956,-22377,23332,-163001,27540,-4208
2026-07-02,2360,-1407,-54434,15887,-39954,10060,5827
2026-07-03,2360,99081,-96126,28820,31775,6450,22370
2026-07-06,2360,-101986,-216568,411,-318143,-4770,5181
2026-07-07,2360,-14281,-437843,27997,-424127,15990,12007
2026-07-08,2360,1253360,-428386,25018,849992,-16200,41218
2026-07-09,2360,782294,-509039,21175,294430,7900,13275
2026-07-13,2360,111315,-83552,-54428,-26665,-6000,-48428
2026-07-14,2360,462337,-281544,61018,241811,12780,48238
2026-07-15,2360,-46936,95464,-105251,-56723,-27516,-77735
2026-07-16,2360,-1121995,685777,-3031,-439249,-3325,294
2026-07-17,2360,-727648,334016,101751,-291881,20600,81151
2026-07-20,2360,-109075,98047,114257,103229,43900,70357
2026-07-21,2360,-1012403,712998,1152,-298253,15000,-13848
2026-07-22,2360,-579052,686725,-14588,93085,3700,-18288
2026-07-23,2360,-469505,197858,3099,-268548,3520,-421
2026-07-24,2360,-97909,292623,4043,198757,-2600,6643
2026-07-27,2360,-605779,254654,1964,-349161,-15300,17264
2026-07-28,2360,-447697,435068,102091,89462,-18800,120891
2026-07-29,2360,-608627,569614,70187,31174,-23329,93516
2026-07-30,2360,-2059760,1518157,24060,-517543,9709,14351
2026-07-31,2360,-1944678,1543272,-121284,-522690,-5870,-115414
2026-08-03,2360,-895059,-87640,9953,-972746,1200,8753
2026-08-04,2360,2044768,-2553000,64016,-444216,9500,54516
2026-08-05,2360,733653,-1120922,-10812,-398081,-13050,2238
2026-08-06,2360,793987,-459846,61,334202,2300,-2239
2026-08-07,2360,144700,165000,-154927,154773,-55800,-99127
2026-08-10,2360,-173325,-28264,35184,-166405,23820,11364
2026-08-11,2360,194821,18637,-2549,210909,-5500,2951
2026-08-12,2360,-156304,229949,40569,114214,31100,9469
2026-08-13,2360,270973,220020,-44138,446855,-16800,-27338
2026-08-14,2360,156093,10881,-32715,134259,-24500,-8215
2026-08-17,2360,104447,-129984,64999,39462,44700,20299
2026-08-18,2360,51918,61592,-39694,73816,-25800,-13894
2026-08-19,2360,239885,-776000,37282,-498833,13060,24222
2026-08-20,2360,-38430,-31864,-1524,-71818,-3919,2395
2026-08-21,2360,322798,-327235,1111,-3326,-3080,4191
2026-08-24,2360,70116,-29098,-3450,37568,-2400,-1050
2026-08-25,2360,989638,-887980,41843,143501,11600,30243
2026-08-26,2360,-185866,-130957,75259,-241564,5500,69759
2026-08-27,2360,182324,-268226,30960,-54942,4400,26560
2026-08-28,2360,57483,-32818,-12251,12414,-3900,-8351
2026-08-31,2360,300416,-33205,14045,281256,-5881,19926
2026-09-01,2360,-122115,72220,24224,-25671,20090,4134
2026-09-02,2360,-167772,-74294,-5407,-247473,-9068,3661
2026-09-03,2360,210293,-24250,-4895,181148,-4012,-883
2026-09-04,2360,-293171,-31000,32538,-291633,9500,23038
2026-09-07,2360,570699,31241,64244,666184,26290,37954
2026-09-08,2360,441059,564933,-137553,868439,8220,-145773
2026-09-09,2360,-9051,715116,15068,721133,12410,2658
2026-09-10,2360,-543081,-25891,-21528,-590500,-10062,-11466
2026-09-11,2360,143404,92941,-11149,225196,-7950,-3199
2026-09-14,2360,-47166,3273,41067,-2826,16110,24957
2026-09-15,2360,-73294,-12847,21305,-64836,8610,12695
2026-09-16,2360,-103031,25486,1560,-75985,-2570,4130
2026-09-17,2360,70641,-27193,31224,74672,4749,26475
2026-09-18,2360,-166234,88874,82438,5078,34428,48010
2026-09-21,2360,594191,-264075,-29209,300907,8620,-37829
2026-09-22,2360,-13199,-74294,16089,-71404,7076,9013
2026-09-23,2360,251314,-276000,86467,61781,57500,28967
2026-09-24,2360,680963,-237000,68809,512772,37837,30972
2026-09-29,2360,-25606,-446000,-18887,-490493,-24619,5732
2026-09-30,2360,69119,-552000,42000,-440881,9795,32205
2026-10-01,2360,307909,-1192000,76176,-807915,2836,73340
2026-10-02,2360,1006191,-457551,15600,564240,5267,10333
2026-10-05,2360,578621,-19135,-67219,492267,-7786,-59433
2026-10-06,2360,166343,-48000,-25992,92351,-207,-25785
2026-10-07,2360,789424,20222,-173124,636522,-104080,-69044
2026-10-08,2360,-51489,22865,-22290,-50914,-21609,-681
