date,stock_id,foreign,trust,dealer,total,dealer_self,dealer_hedge
2015-01-05,8121,55000,0,-23000,32000,0,-23000
2015-01-06,8121,16000,0,-110000,-94000,0,-110000
2015-01-07,8121,-94000,0,28000,-66000,0,28000
2015-01-08,8121,-127000,0,-43000,-170000,0,-43000
2015-01-09,8121,-19000,0,5000,-14000,0,5000
2015-01-12,8121,-171000,0,-16000,-187000,0,-16000
2015-01-13,8121,-38000,0,-9000,-47000,0,-9000
2015-01-14,8121,3000,0,170000,173000,0,170000
2015-01-15,8121,-11000,0,-46000,-57000,0,-46000
2015-01-16,8121,-293000,0,-53000,-346000,0,-53000
2015-01-19,8121,-66000,0,-2000,-68000,0,-2000
2015-01-20,8121,101000,0,-11000,90000,0,-11000
2015-01-21,8121,-82000,0,6000,-76000,0,6000
2015-01-22,8121,-24000,0,6000,-18000,0,6000
2015-01-23,8121,-55000,0,102000,47000,0,102000
2015-01-26,8121,-12000,0,-59000,-71000,0,-59000
2015-01-27,8121,-193000,0,37000,-156000,1000,36000
2015-01-28,8121,1000,0,-14000,-13000,-1000,-13000
2015-01-29,8121,-31500,0,-21000,-52500,0,-21000
2015-01-30,8121,-4000,0,-32000,-36000,0,-32000
2015-02-02,8121,-5000,0,-31000,-36000,0,-31000
2015-02-03,8121,-12000,0,-13000,-25000,0,-13000
2015-02-04,8121,7000,0,16000,23000,0,16000
2015-02-05,8121,-5000,0,-67000,-72000,0,-67000
2015-02-06,8121,-42000,0,-3000,-45000,0,-3000
2015-02-09,8121,-6000,0,-34000,-40000,0,-34000
2015-02-10,8121,-20000,0,7000,-13000,0,7000
2015-02-11,8121,-16000,0,-18000,-34000,0,-18000
2015-02-12,8121,-101000,0,18000,-83000,0,18000
2015-02-13,8121,15000,0,-33000,-18000,0,-33000
2015-02-24,8121,34000,0,10000,44000,0,10000
2015-02-25,8121,112000,0,6000,118000,0,6000
2015-02-26,8121,109000,-91000,-10000,8000,1000,-11000
2015-03-02,8121,217000,-104000,46000,159000,-1000,47000
2015-03-03,8121,212000,-145000,375000,442000,2000,373000
2015-03-04,8121,28000,-145000,-141000,-258000,-2000,-139000
2015-03-05,8121,30000,0,36000,66000,0,36000
2015-03-06,8121,122000,0,136000,258000,0,136000
2015-03-09,8121,7000,0,347000,354000,30000,317000
2015-03-10,8121,153000,0,-358000,-205000,-60000,-298000
2015-03-11,8121,-81000,0,-48000,-129000,10000,-58000
2015-03-12,8121,178000,0,-51000,127000,-20000,-31000
2015-03-13,8121,46000,0,84000,130000,-10000,94000
2015-03-16,8121,133000,0,-76000,57000,0,-76000
2015-03-17,8121,20000,0,-72000,-52000,-25000,-47000
2015-03-18,8121,177000,0,10000,187000,0,10000
2015-03-19,8121,245000,0,10000,255000,10000,0
2015-03-20,8121,1194786,0,470000,1664786,80000,390000
2015-03-23,8121,340000,0,-214000,126000,0,-214000
2015-03-24,8121,-125000,0,-78000,-203000,0,-78000
2015-03-25,8121,-180000,0,-69000,-249000,0,-69000
2015-03-26,8121,-6000,0,30000,24000,-2000,32000
2015-03-27,8121,-29000,-38000,-59000,-126000,0,-59000
2015-03-30,8121,-160000,0,-83000,-243000,1000,-84000
2015-03-31,8121,9000,0,-3000,6000,-1000,-2000
2015-04-01,8121,-77000,0,-51000,-128000,0,-51000
2015-04-02,8121,-93000,0,-9000,-102000,0,-9000
2015-04-07,8121,-77000,0,0,-77000,0,0
2015-04-08,8121,-2000,0,-14000,-16000,0,-14000
2015-04-09,8121,-49000,0,0,-49000,0,0
2015-04-10,8121,-65000,0,-23000,-88000,0,-23000
2015-04-13,8121,-105000,0,41000,-64000,0,41000
2015-04-14,8121,-269000,0,15000,-254000,0,15000
2015-04-15,8121,-73000,0,-1000,-74000,0,-1000
2015-04-16,8121,-59000,0,104000,45000,0,104000
2015-04-17,8121,-115000,0,-171000,-286000,0,-171000
2015-04-20,8121,-8000,0,-5000,-13000,1000,-6000
2015-04-21,8121,4000,0,-41000,-37000,-1000,-40000
2015-04-22,8121,-260000,-204000,6000,-458000,0,6000
2015-04-23,8121,-95000,-316000,74000,-337000,0,74000
2015-04-24,8121,1000,0,-38000,-37000,0,-38000
2015-04-27,8121,-6000,0,5000,-1000,0,5000
2015-04-28,8121,-39000,0,-5000,-44000,0,-5000
2015-04-29,8121,140000,0,17000,157000,0,17000
2015-04-30,8121,310000,0,69000,379000,0,69000
2015-05-04,8121,279000,0,-91000,188000,2000,-93000
2015-05-05,8121,263000,0,-14000,249000,-15000,1000
2015-05-06,8121,-16000,0,28000,12000,0,28000
2015-05-07,8121,-171000,0,-30000,-201000,0,-30000
2015-05-08,8121,43000,0,-5000,38000,0,-5000
2015-05-11,8121,-31000,0,-62000,-93000,0,-62000
2015-05-12,8121,18000,0,-14000,4000,0,-14000
2015-05-13,8121,114000,0,26000,140000,0,26000
2015-05-14,8121,-57000,0,-16000,-73000,0,-16000
2015-05-15,8121,-1000,0,-10000,-11000,0,-10000
2015-05-18,8121,276000,0,-33000,243000,2000,-35000
2015-05-19,8121,168000,0,6000,174000,-2000,8000
2015-05-20,8121,-79000,0,28000,-51000,0,28000
2015-05-21,8121,-36000,0,-22000,-58000,0,-22000
2015-05-22,8121,131000,0,0,131000,0,0
2015-05-25,8121,8000,0,-4000,4000,0,-4000
2015-05-26,8121,172000,0,0,172000,0,0
2015-05-27,8121,-1000,0,89081,88081,0,89081
2015-05-28,8121,-30000,0,-14000,-44000,0,-14000
2015-05-29,8121,-190000,0,-40000,-230000,0,-40000
2015-06-01,8121,-143000,0,-5000,-148000,0,-5000
2015-06-02,8121,-67000,0,2000,-65000,0,2000
2015-06-03,8121,-75000,0,-15000,-90000,0,-15000
2015-06-04,8121,-40000,0,-54000,-94000,0,-54000
2015-06-05,8121,-62000,0,-23000,-85000,0,-23000
2015-06-08,8121,195000,0,-10000,185000,0,-10000
2015-06-09,8121,151000,0,-6000,145000,0,-6000
2015-06-10,8121,156000,0,10000,166000,0,10000
2015-06-11,8121,-62000,0,-15000,-77000,0,-15000
2015-06-12,8121,64000,0,4000,68000,0,4000
2015-06-15,8121,-180000,0,59000,-121000,50000,9000
2015-06-16,8121,-404000,0,-2000,-406000,-10000,8000
2015-06-17,8121,-70000,0,-3000,-73000,0,-3000
2015-06-18,8121,-37000,0,-8000,-45000,-10000,2000
2015-06-22,8121,-113000,0,1000,-112000,0,1000
2015-06-23,8121,-27000,0,-19000,-46000,-15000,-4000
2015-06-24,8121,-105000,0,11000,-94000,-15000,26000
2015-06-25,8121,-67000,0,30000,-37000,0,30000
2015-06-26,8121,-99000,0,57000,-42000,0,57000
2015-06-29,8121,-28000,0,-43000,-71000,0,-43000
2015-06-30,8121,56000,0,-16000,40000,0,-16000
2015-07-01,8121,84000,0,1000,85000,0,1000
2015-07-02,8121,63000,0,124000,187000,0,124000
2015-07-03,8121,63000,0,-58000,5000,0,-58000
2015-07-06,8121,40000,0,-10000,30000,0,-10000
2015-07-07,8121,88000,0,-17000,71000,0,-17000
2015-07-08,8121,-153000,0,-23000,-176000,0,-23000
2015-07-09,8121,-468000,0,-12000,-480000,0,-12000
2015-07-13,8121,-254000,0,18000,-236000,0,18000
2015-07-14,8121,43000,0,-10000,33000,0,-10000
2015-07-15,8121,-151000,0,17000,-134000,0,17000
2015-07-16,8121,-18000,0,-24000,-42000,0,-24000
2015-07-17,8121,17000,0,1000,18000,0,1000
2015-07-20,8121,36000,0,-29000,7000,0,-29000
2015-07-21,8121,72000,0,18000,90000,0,18000
2015-07-22,8121,27000,0,-24000,3000,0,-24000
2015-07-23,8121,9000,0,55000,64000,1000,54000
2015-07-24,8121,-47000,0,23000,-24000,-1000,24000
2015-07-27,8121,-21000,0,-12000,-33000,0,-12000
2015-07-28,8121,144000,0,26000,170000,1000,25000
2015-07-29,8121,-12000,0,-15000,-27000,-1000,-14000
2015-07-30,8121,82000,0,-4000,78000,0,-4000
2015-07-31,8121,-22000,0,-3000,-25000,0,-3000
2015-08-03,8121,13000,0,-3000,10000,0,-3000
2015-08-04,8121,22000,0,-7000,15000,0,-7000
2015-08-05,8121,178000,0,2000,180000,0,2000
2015-08-06,8121,-2000,0,8000,6000,0,8000
2015-08-07,8121,87000,0,4000,91000,0,4000
2015-08-10,8121,7000,0,8000,15000,0,8000
2015-08-11,8121,-26000,0,-4000,-30000,0,-4000
2015-08-12,8121,-33000,0,2000,-31000,2000,0
2015-08-13,8121,-34000,0,-2000,-36000,-2000,0
2015-08-14,8121,10000,0,0,10000,0,0
2015-08-17,8121,-17000,0,2000,-15000,2000,0
2015-08-18,8121,16000,0,-6000,10000,-2000,-4000
2015-08-19,8121,-35000,0,-6000,-41000,0,-6000
2015-08-20,8121,-11000,0,0,-11000,0,0
2015-08-21,8121,-44000,0,-5000,-49000,0,-5000
2015-08-24,8121,69000,0,-3000,66000,1000,-4000
2015-08-25,8121,103000,0,1000,104000,-1000,2000
2015-08-26,8121,-1000,0,-1000,-2000,0,-1000
2015-08-27,8121,59000,0,6000,65000,0,6000
2015-08-28,8121,73000,0,-1000,72000,0,-1000
2015-08-31,8121,123000,0,5000,128000,0,5000
2015-09-01,8121,42000,0,7000,49000,0,7000
2015-09-02,8121,148000,0,-3000,145000,0,-3000
2015-09-03,8121,68000,0,58000,126000,0,58000
2015-09-04,8121,150000,0,-26000,124000,0,-26000
2015-09-07,8121,60000,0,-61538,-1538,0,-61538
2015-09-08,8121,84000,0,0,84000,0,0
2015-09-09,8121,17000,0,13000,30000,0,13000
2015-09-10,8121,98000,0,801,98801,0,801
2015-09-11,8121,36000,0,0,36000,0,0
2015-09-14,8121,27000,0,-3000,24000,0,-3000
2015-09-15,8121,11000,0,-15000,-4000,0,-15000
2015-09-16,8121,46000,0,7000,53000,0,7000
2015-09-17,8121,9000,0,75000,84000,0,75000
2015-09-18,8121,-7000,0,138000,131000,0,138000
2015-09-21,8121,-65000,0,-129000,-194000,0,-129000
2015-09-22,8121,33000,0,33000,66000,0,33000
2015-09-23,8121,-30000,0,-56000,-86000,0,-56000
2015-09-24,8121,-126000,0,28000,-98000,0,28000
2015-09-25,8121,38000,0,-9000,29000,0,-9000
2015-09-30,8121,-23000,0,-36000,-59000,0,-36000
2015-10-01,8121,106000,0,48000,154000,0,48000
2015-10-02,8121,-4000,0,44000,40000,0,44000
2015-10-05,8121,4000,0,8000,12000,0,8000
2015-10-06,8121,-29000,0,-64000,-93000,0,-64000
2015-10-07,8121,80000,0,14000,94000,0,14000
2015-10-08,8121,-65000,0,-52000,-117000,0,-52000
2015-10-12,8121,-8000,0,5000,-3000,0,5000
2015-10-13,8121,60000,0,11000,71000,0,11000
2015-10-14,8121,1000,0,124000,125000,0,124000
2015-10-15,8121,-27000,0,-7000,-34000,1000,-8000
2015-10-16,8121,-14000,0,-98000,-112000,-1000,-97000
2015-10-19,8121,-2000,0,7000,5000,0,7000
2015-10-20,8121,-88000,0,205000,117000,0,205000
2015-10-21,8121,-212000,0,-167000,-379000,0,-167000
2015-10-22,8121,33000,0,-9000,24000,0,-9000
2015-10-23,8121,-76000,0,11000,-65000,0,11000
2015-10-26,8121,-22000,0,97000,75000,0,97000
2015-10-27,8121,-73000,0,-92000,-165000,0,-92000
2015-10-28,8121,-63000,0,67000,4000,0,67000
2015-10-29,8121,-107000,0,36000,-71000,0,36000
2015-10-30,8121,77000,0,91000,168000,2000,89000
2015-11-02,8121,65000,0,-113000,-48000,-2000,-111000
2015-11-03,8121,-7000,0,12000,5000,0,12000
2015-11-04,8121,-4000,0,38000,34000,0,38000
2015-11-05,8121,-40000,0,-42000,-82000,1000,-43000
2015-11-06,8121,-127000,0,-52000,-179000,-1000,-51000
2015-11-09,8121,-157000,0,9000,-148000,1000,8000
2015-11-10,8121,-32000,0,-14000,-46000,-1000,-13000
2015-11-11,8121,26000,0,-61000,-35000,1000,-62000
2015-11-12,8121,-32000,0,-40000,-72000,0,-40000
2015-11-13,8121,22000,0,13000,35000,-1000,14000
2015-11-16,8121,31000,0,22000,53000,0,22000
2015-11-17,8121,-11000,0,18000,7000,1000,17000
2015-11-18,8121,78000,0,-15000,63000,-1000,-14000
2015-11-19,8121,23000,0,-45000,-22000,0,-45000
2015-11-20,8121,10000,0,6000,16000,0,6000
2015-11-23,8121,-4000,0,99000,95000,86000,13000
2015-11-24,8121,-21000,0,15000,-6000,30000,-15000
2015-11-25,8121,-16000,0,29000,13000,49000,-20000
2015-11-26,8121,64000,0,77000,141000,78000,-1000
2015-11-27,8121,-53000,0,-5000,-58000,0,-5000
2015-11-30,8121,-115000,0,-42000,-157000,-42000,0
2015-12-01,8121,306000,0,236000,542000,19000,217000
2015-12-02,8121,0,0,86000,86000,-39000,125000
2015-12-03,8121,-212000,0,-76000,-288000,-39000,-37000
2015-12-04,8121,-86000,0,-50000,-136000,36000,-86000
2015-12-07,8121,-25000,0,64000,39000,0,64000
2015-12-08,8121,-66000,0,-54000,-120000,-177000,123000
2015-12-09,8121,43000,0,-20000,23000,1000,-21000
2015-12-10,8121,108000,0,-30000,78000,0,-30000
2015-12-11,8121,-28000,0,-70000,-98000,-2000,-68000
2015-12-14,8121,-7000,0,-14000,-21000,0,-14000
2015-12-15,8121,-8000,0,41000,33000,0,41000
2015-12-16,8121,92000,0,6000,98000,0,6000
2015-12-17,8121,2000,0,137000,139000,0,137000
2015-12-18,8121,-51000,0,-99000,-150000,0,-99000
2015-12-21,8121,59000,0,226000,285000,0,226000
2015-12-22,8121,-9000,0,38000,29000,0,38000
2015-12-23,8121,8000,0,-148000,-140000,0,-148000
2015-12-24,8121,-14000,0,-105000,-119000,0,-105000
2015-12-25,8121,49000,0,0,49000,0,0
2015-12-28,8121,12000,0,12000,24000,1000,11000
2015-12-29,8121,-123000,0,-23000,-146000,-1000,-22000
2015-12-30,8121,-31858,0,25000,-6858,0,25000
2015-12-31,8121,-15000,0,2000,-13000,0,2000
2016-01-04,8121,12000,0,-68000,-56000,0,-68000
2016-01-05,8121,353000,0,86000,439000,0,86000
2016-01-06,8121,-227000,0,4000,-223000,0,4000
2016-01-07,8121,-82000,0,-65000,-147000,0,-65000
2016-01-08,8121,-48000,0,-10000,-58000,0,-10000
2016-01-11,8121,-21000,0,-171000,-192000,0,-171000
2016-01-12,8121,-57000,0,-96000,-153000,0,-96000
2016-01-13,8121,54000,0,3000,57000,0,3000
2016-01-14,8121,243000,0,-3000,240000,0,-3000
2016-01-15,8121,83000,0,-64000,19000,0,-64000
2016-01-18,8121,152000,0,36000,188000,0,36000
2016-01-19,8121,-8000,0,37000,29000,0,37000
2016-01-20,8121,13000,0,-1000,12000,0,-1000
2016-01-21,8121,-43000,0,-90000,-133000,0,-90000
2016-01-22,8121,20000,0,-8000,12000,0,-8000
2016-01-25,8121,6000,0,12000,18000,0,12000
2016-01-26,8121,8000,0,0,8000,0,0
2016-01-27,8121,-8000,0,7000,-1000,0,7000
2016-01-28,8121,14000,0,-3000,11000,0,-3000
2016-01-29,8121,14000,0,-8000,6000,0,-8000
2016-01-30,8121,0,0,-3000,-3000,0,-3000
2016-02-01,8121,-41000,0,-4000,-45000,0,-4000
2016-02-02,8121,0,0,-4000,-4000,0,-4000
2016-02-03,8121,-27000,0,-25000,-52000,0,-25000
2016-02-15,8121,11000,0,7000,18000,0,7000
2016-02-16,8121,28000,0,147104,175104,156000,-8896
2016-02-17,8121,17000,0,22000,39000,22000,0
2016-02-18,8121,17000,0,14000,31000,0,14000
2016-02-19,8121,30000,0,0,30000,0,0
2016-02-22,8121,-17000,0,-8000,-25000,-8000,0
2016-02-23,8121,25000,0,-11000,14000,0,-11000
2016-02-24,8121,0,0,0,0,0,0
2016-02-25,8121,38000,0,-20000,18000,-20000,0
2016-02-26,8121,-22000,0,-3000,-25000,0,-3000
2016-03-01,8121,-12000,0,0,-12000,0,0
2016-03-02,8121,60000,0,-150000,-90000,-150000,0
2016-03-03,8121,62000,0,0,62000,0,0
2016-03-04,8121,-78000,0,0,-78000,0,0
2016-03-07,8121,29000,0,0,29000,0,0
2016-03-08,8121,31000,0,0,31000,0,0
2016-03-09,8121,115000,0,-4000,111000,0,-4000
2016-03-10,8121,-72000,0,18000,-54000,0,18000
2016-03-11,8121,-80000,0,-11000,-91000,0,-11000
2016-03-14,8121,10000,0,0,10000,0,0
2016-03-15,8121,-104000,0,-3000,-107000,0,-3000
2016-03-16,8121,65000,0,-16000,49000,0,-16000
2016-03-17,8121,54000,0,0,54000,0,0
2016-03-18,8121,41000,0,-14000,27000,0,-14000
2016-03-21,8121,-23000,0,0,-23000,0,0
2016-03-22,8121,-56000,0,0,-56000,0,0
2016-03-23,8121,-62000,0,0,-62000,0,0
2016-03-24,8121,-24000,0,0,-24000,0,0
2016-03-25,8121,-21000,0,0,-21000,0,0
2016-03-28,8121,43078,0,0,43078,0,0
2016-03-29,8121,-23000,0,0,-23000,0,0
2016-03-30,8121,-2000,0,0,-2000,0,0
2016-03-31,8121,-6000,0,0,-6000,0,0
2016-04-01,8121,-2000,0,0,-2000,0,0
2016-04-06,8121,6000,0,0,6000,0,0
2016-04-07,8121,-17000,0,0,-17000,0,0
2016-04-08,8121,63000,0,0,63000,0,0
2016-04-11,8121,-3000,0,0,-3000,0,0
2016-04-12,8121,-40000,0,0,-40000,0,0
2016-04-13,8121,-10000,0,0,-10000,0,0
2016-04-14,8121,1000,0,0,1000,0,0
2016-04-15,8121,-21000,0,0,-21000,0,0
2016-04-18,8121,-4000,0,0,-4000,0,0
2016-04-19,8121,-6000,0,0,-6000,0,0
2016-04-20,8121,397000,0,0,397000,0,0
2016-04-21,8121,-156000,0,0,-156000,0,0
2016-04-22,8121,-279000,0,0,-279000,0,0
2016-04-25,8121,-3000,0,0,-3000,0,0
2016-04-26,8121,-23000,0,0,-23000,0,0
2016-04-27,8121,-46000,0,0,-46000,0,0
2016-04-28,8121,-36000,0,0,-36000,0,0
2016-04-29,8121,-116000,0,0,-116000,0,0
2016-05-03,8121,-80000,0,0,-80000,0,0
2016-05-04,8121,-17000,0,0,-17000,0,0
2016-05-05,8121,7000,0,0,7000,0,0
2016-05-06,8121,-9000,0,0,-9000,0,0
2016-05-09,8121,-43000,0,0,-43000,0,0
2016-05-10,8121,2000,0,0,2000,0,0
2016-05-11,8121,-3000,0,0,-3000,0,0
2016-05-12,8121,20000,0,0,20000,0,0
2016-05-13,8121,48000,0,11000,59000,11000,0
2016-05-16,8121,91000,0,-11000,80000,-11000,0
2016-05-17,8121,3000,0,0,3000,0,0
2016-05-18,8121,-57000,0,0,-57000,0,0
2016-05-19,8121,-6000,0,0,-6000,0,0
2016-05-20,8121,7000,0,0,7000,0,0
2016-05-23,8121,62000,0,0,62000,0,0
2016-05-24,8121,13000,0,0,13000,0,0
2016-05-25,8121,33000,0,0,33000,0,0
2016-05-26,8121,35000,0,0,35000,0,0
2016-05-27,8121,25000,0,0,25000,0,0
2016-05-30,8121,53000,0,0,53000,0,0
2016-05-31,8121,23000,0,0,23000,0,0
2016-06-01,8121,65000,0,0,65000,0,0
2016-06-02,8121,-14000,0,0,-14000,0,0
2016-06-03,8121,20000,0,0,20000,0,0
2016-06-06,8121,19000,0,0,19000,0,0
2016-06-07,8121,20000,0,0,20000,0,0
2016-06-08,8121,13000,0,0,13000,0,0
2016-06-13,8121,17000,0,0,17000,0,0
2016-06-14,8121,28000,0,0,28000,0,0
2016-06-15,8121,25000,0,0,25000,0,0
2016-06-16,8121,8000,0,0,8000,0,0
2016-06-17,8121,32000,0,0,32000,0,0
2016-06-20,8121,39000,0,0,39000,0,0
2016-06-21,8121,6000,0,0,6000,0,0
2016-06-22,8121,13000,0,0,13000,0,0
2016-06-23,8121,-14000,0,0,-14000,0,0
2016-06-24,8121,-33000,0,0,-33000,0,0
2016-06-27,8121,8000,0,0,8000,0,0
2016-06-28,8121,15000,0,0,15000,0,0
2016-06-29,8121,6000,0,0,6000,0,0
2016-06-30,8121,12000,0,0,12000,0,0
2016-07-01,8121,-4000,0,0,-4000,0,0
2016-07-04,8121,11000,0,0,11000,0,0
2016-07-05,8121,34000,0,0,34000,0,0
2016-07-06,8121,-21000,0,0,-21000,0,0
2016-07-07,8121,6000,0,0,6000,0,0
2016-07-11,8121,19000,0,0,19000,0,0
2016-07-12,8121,4000,0,0,4000,0,0
2016-07-13,8121,29000,0,0,29000,0,0
2016-07-14,8121,27000,0,0,27000,0,0
2016-07-15,8121,11000,0,0,11000,0,0
2016-07-18,8121,32000,0,0,32000,0,0
2016-07-19,8121,10000,0,0,10000,0,0
2016-07-20,8121,15000,0,0,15000,0,0
2016-07-21,8121,-8000,0,0,-8000,0,0
2016-07-22,8121,-18000,0,0,-18000,0,0
2016-07-25,8121,-20000,0,0,-20000,0,0
2016-07-26,8121,-11000,0,0,-11000,0,0
2016-07-27,8121,-18000,0,0,-18000,0,0
2016-07-28,8121,-20000,0,0,-20000,0,0
2016-07-29,8121,-11000,0,0,-11000,0,0
2016-08-01,8121,-2000,0,0,-2000,0,0
2016-08-02,8121,2000,0,0,2000,0,0
2016-08-04,8121,-9000,0,1000,-8000,1000,0
2016-08-05,8121,4000,0,0,4000,0,0
2016-08-08,8121,-8000,0,-1000,-9000,-1000,0
2016-08-09,8121,-23000,0,0,-23000,0,0
2016-08-10,8121,-4000,0,0,-4000,0,0
2016-08-11,8121,-25000,0,0,-25000,0,0
2016-08-12,8121,-11000,0,0,-11000,0,0
2016-08-15,8121,-9000,0,0,-9000,0,0
2016-08-17,8121,-2000,0,0,-2000,0,0
2016-08-18,8121,-6000,0,0,-6000,0,0
2016-08-19,8121,-13000,0,0,-13000,0,0
2016-08-22,8121,-18000,0,0,-18000,0,0
2016-08-23,8121,-3000,0,0,-3000,0,0
2016-08-24,8121,-2000,0,0,-2000,0,0
2016-08-25,8121,-1000,0,0,-1000,0,0
2016-08-29,8121,-5000,0,0,-5000,0,0
2016-08-30,8121,1000,0,0,1000,0,0
2016-08-31,8121,1000,0,0,1000,0,0
2016-09-01,8121,-31000,0,0,-31000,0,0
2016-09-02,8121,-33497,0,0,-33497,0,0
2016-09-05,8121,-15000,0,0,-15000,0,0
2016-09-06,8121,-5000,0,0,-5000,0,0
2016-09-07,8121,2000,0,0,2000,0,0
2016-09-08,8121,23000,0,0,23000,0,0
2016-09-09,8121,7000,0,0,7000,0,0
2016-09-12,8121,-25000,0,0,-25000,0,0
2016-09-13,8121,-17000,0,0,-17000,0,0
2016-09-14,8121,-19000,0,0,-19000,0,0
2016-09-19,8121,13000,0,0,13000,0,0
2016-09-20,8121,13000,0,0,13000,0,0
2016-09-21,8121,2000,0,0,2000,0,0
2016-09-22,8121,13000,0,0,13000,0,0
2016-09-23,8121,10000,0,0,10000,0,0
2016-09-26,8121,4000,0,0,4000,0,0
2016-09-29,8121,-9000,0,0,-9000,0,0
2016-09-30,8121,-6000,0,0,-6000,0,0
2016-10-03,8121,0,0,12000,12000,12000,0
2016-10-04,8121,0,0,-12000,-12000,-12000,0
2016-10-05,8121,187000,0,0,187000,0,0
2016-10-06,8121,41000,0,0,41000,0,0
2016-10-11,8121,3000,0,0,3000,0,0
2016-10-12,8121,-6000,0,0,-6000,0,0
2016-10-13,8121,-8000,0,0,-8000,0,0
2016-10-14,8121,-19000,0,0,-19000,0,0
2016-10-17,8121,-5000,0,1000,-4000,1000,0
2016-10-18,8121,-2000,0,0,-2000,0,0
2016-10-19,8121,6000,0,0,6000,0,0
2016-10-20,8121,16000,0,0,16000,0,0
2016-10-21,8121,25000,0,0,25000,0,0
2016-10-24,8121,12000,0,0,12000,0,0
2016-10-25,8121,13000,0,0,13000,0,0
2016-10-26,8121,6000,0,0,6000,0,0
2016-10-27,8121,6000,0,0,6000,0,0
2016-10-28,8121,-2000,0,0,-2000,0,0
2016-10-31,8121,-16000,0,0,-16000,0,0
2016-11-01,8121,-8000,0,0,-8000,0,0
2016-11-02,8121,-19000,0,-1000,-20000,-1000,0
2016-11-03,8121,-7000,0,7000,0,7000,0
2016-11-08,8121,0,0,-2000,-2000,-2000,0
2016-11-09,8121,0,0,-1000,-1000,-1000,0
2016-11-10,8121,1000,0,-4000,-3000,-4000,0
2016-11-11,8121,-1000,0,0,-1000,0,0
2016-11-16,8121,1000,0,0,1000,0,0
2016-11-17,8121,2000,0,0,2000,0,0
2016-11-18,8121,14000,0,0,14000,0,0
2016-11-21,8121,1000,0,0,1000,0,0
2016-11-22,8121,7000,0,0,7000,0,0
2016-11-23,8121,6000,0,0,6000,0,0
2016-11-25,8121,4000,0,0,4000,0,0
2016-11-28,8121,5000,0,0,5000,0,0
2016-11-29,8121,18000,0,0,18000,0,0
2016-11-30,8121,14000,0,0,14000,0,0
2016-12-01,8121,39000,0,0,39000,0,0
2016-12-02,8121,1000,0,0,1000,0,0
2016-12-05,8121,-5000,0,0,-5000,0,0
2016-12-06,8121,-3000,0,0,-3000,0,0
2016-12-07,8121,21000,0,0,21000,0,0
2016-12-08,8121,4000,0,0,4000,0,0
2016-12-09,8121,56000,0,0,56000,0,0
2016-12-12,8121,77000,0,0,77000,0,0
2016-12-13,8121,-3000,0,0,-3000,0,0
2016-12-14,8121,10000,0,0,10000,0,0
2016-12-15,8121,1000,0,0,1000,0,0
2016-12-16,8121,55000,0,0,55000,0,0
2016-12-19,8121,52000,0,0,52000,0,0
2016-12-20,8121,26000,0,0,26000,0,0
2016-12-21,8121,66000,0,0,66000,0,0
2016-12-22,8121,1000,0,0,1000,0,0
2016-12-23,8121,29000,0,0,29000,0,0
2016-12-26,8121,10000,0,0,10000,0,0
2016-12-27,8121,3000,0,0,3000,0,0
2016-12-28,8121,53000,0,0,53000,0,0
2016-12-29,8121,41000,0,0,41000,0,0
2016-12-30,8121,16000,0,0,16000,0,0
2017-01-03,8121,55000,0,0,55000,0,0
2017-01-04,8121,50000,0,2000,52000,2000,0
2017-01-05,8121,29000,0,0,29000,0,0
2017-01-06,8121,14000,0,-2000,12000,-2000,0
2017-01-09,8121,0,0,0,0,0,0
2017-01-10,8121,12000,0,0,12000,0,0
2017-01-11,8121,4000,0,0,4000,0,0
2017-01-12,8121,16000,0,0,16000,0,0
2017-01-13,8121,15000,0,0,15000,0,0
2017-01-16,8121,7000,0,0,7000,0,0
2017-01-17,8121,8000,0,0,8000,0,0
2017-01-18,8121,23000,0,0,23000,0,0
2017-01-19,8121,35000,0,0,35000,0,0
2017-01-20,8121,14000,0,0,14000,0,0
2017-01-23,8121,13820,0,0,13820,0,0
2017-01-24,8121,20000,0,0,20000,0,0
2017-02-02,8121,17000,0,0,17000,0,0
2017-02-03,8121,20000,0,1000,21000,1000,0
2017-02-06,8121,41000,0,0,41000,0,0
2017-02-07,8121,-37000,0,-1000,-38000,-1000,0
2017-02-08,8121,2000,0,6000,8000,6000,0
2017-02-09,8121,27000,0,-1000,26000,-1000,0
2017-02-10,8121,11000,0,2000,13000,2000,0
2017-02-13,8121,7000,0,-1000,6000,-1000,0
2017-02-14,8121,17000,0,-5000,12000,-5000,0
2017-02-15,8121,3000,0,-1000,2000,-1000,0
2017-02-16,8121,-11000,0,0,-11000,0,0
2017-02-17,8121,-13000,0,0,-13000,0,0
2017-02-20,8121,19000,0,6000,25000,6000,0
2017-02-21,8121,-29000,0,-4000,-33000,-4000,0
2017-02-22,8121,21000,0,0,21000,0,0
2017-02-23,8121,34000,0,0,34000,0,0
2017-02-24,8121,50000,0,0,50000,0,0
2017-03-01,8121,6000,0,-2000,4000,-2000,0
2017-03-02,8121,-16000,0,0,-16000,0,0
2017-03-03,8121,2000,0,0,2000,0,0
2017-03-07,8121,-5000,0,0,-5000,0,0
2017-03-09,8121,-38000,0,0,-38000,0,0
2017-03-10,8121,-30000,0,0,-30000,0,0
2017-03-13,8121,-13000,0,0,-13000,0,0
2017-03-14,8121,-1000,0,0,-1000,0,0
2017-03-15,8121,-8000,0,0,-8000,0,0
2017-03-16,8121,-4000,0,0,-4000,0,0
2017-03-17,8121,0,0,0,0,0,0
2017-03-20,8121,5000,0,0,5000,0,0
2017-03-22,8121,-19000,0,0,-19000,0,0
2017-03-23,8121,8000,0,0,8000,0,0
2017-03-24,8121,-27000,0,0,-27000,0,0
2017-03-27,8121,-42000,0,0,-42000,0,0
2017-03-28,8121,-16000,0,3000,-13000,3000,0
2017-03-29,8121,0,0,0,0,0,0
2017-03-30,8121,0,0,-3000,-3000,-3000,0
2017-03-31,8121,-3000,0,0,-3000,0,0
2017-04-07,8121,7000,0,0,7000,0,0
2017-04-10,8121,2,0,0,2,0,0
2017-04-11,8121,3000,0,0,3000,0,0
2017-04-12,8121,-4000,0,0,-4000,0,0
2017-04-13,8121,-1000,0,2000,1000,2000,0
2017-04-14,8121,-15000,0,4000,-11000,4000,0
2017-04-17,8121,2000,0,1000,3000,1000,0
2017-04-18,8121,4000,0,-6000,-2000,-6000,0
2017-04-19,8121,-1000,0,-1000,-2000,-1000,0
2017-04-20,8121,-13000,0,0,-13000,0,0
2017-04-21,8121,-10000,0,0,-10000,0,0
2017-04-25,8121,-3000,0,0,-3000,0,0
2017-04-26,8121,8000,0,0,8000,0,0
2017-04-27,8121,4000,0,0,4000,0,0
2017-04-28,8121,36000,0,0,36000,0,0
2017-05-02,8121,-9000,0,7000,-2000,7000,0
2017-05-03,8121,-7000,0,0,-7000,0,0
2017-05-08,8121,0,0,-2000,-2000,-2000,0
2017-05-09,8121,0,0,-5000,-5000,-5000,0
2017-05-10,8121,1000,0,0,1000,0,0
2017-05-16,8121,1000,0,5000,6000,5000,0
2017-05-18,8121,-15000,0,-1000,-16000,-1000,0
2017-05-19,8121,31000,0,-4000,27000,-4000,0
2017-05-22,8121,10000,0,0,10000,0,0
2017-05-24,8121,5000,0,1000,6000,1000,0
2017-05-26,8121,4000,0,0,4000,0,0
2017-05-31,8121,-14000,0,-1000,-15000,-1000,0
2017-06-01,8121,-90000,0,0,-90000,0,0
2017-06-02,8121,9000,0,0,9000,0,0
2017-06-05,8121,13000,0,2000,15000,2000,0
2017-06-06,8121,5000,0,-2000,3000,-2000,0
2017-06-09,8121,5000,0,0,5000,0,0
2017-06-12,8121,12000,0,0,12000,0,0
2017-06-14,8121,-10000,0,0,-10000,0,0
2017-06-15,8121,-51000,0,0,-51000,0,0
2017-06-16,8121,3000,0,0,3000,0,0
2017-06-19,8121,11000,0,0,11000,0,0
2017-06-20,8121,0,0,0,0,0,0
2017-06-21,8121,21000,0,0,21000,0,0
2017-06-22,8121,6000,0,0,6000,0,0
2017-06-23,8121,6000,0,0,6000,0,0
2017-06-26,8121,6000,0,0,6000,0,0
2017-06-27,8121,5000,0,0,5000,0,0
2017-06-28,8121,12000,0,0,12000,0,0
2017-06-29,8121,22000,0,2000,24000,2000,0
2017-06-30,8121,8000,0,0,8000,0,0
2017-07-03,8121,19000,0,0,19000,0,0
2017-07-04,8121,-31000,0,-2000,-33000,-2000,0
2017-07-05,8121,-21000,0,1000,-20000,1000,0
2017-07-06,8121,-41000,0,-1000,-42000,-1000,0
2017-07-07,8121,-29000,0,0,-29000,0,0
2017-07-10,8121,-6000,0,0,-6000,0,0
2017-07-11,8121,-27000,0,0,-27000,0,0
2017-07-12,8121,-14000,0,0,-14000,0,0
2017-07-13,8121,-3000,0,0,-3000,0,0
2017-07-18,8121,0,0,3000,3000,3000,0
2017-07-19,8121,0,0,-3000,-3000,-3000,0
2017-07-28,8121,7000,0,0,7000,0,0
2017-08-03,8121,-4000,0,0,-4000,0,0
2017-08-08,8121,0,0,5000,5000,5000,0
2017-08-10,8121,-22000,0,-4000,-26000,-4000,0
2017-08-14,8121,0,0,3000,3000,3000,0
2017-08-15,8121,-15000,0,0,-15000,0,0
2017-08-16,8121,-1000,0,-4000,-5000,-4000,0
2017-08-17,8121,-103000,0,0,-103000,0,0
2017-08-18,8121,4000,0,1000,5000,1000,0
2017-08-21,8121,-71000,0,3000,-68000,3000,0
2017-08-22,8121,21000,0,-3000,18000,-3000,0
2017-08-23,8121,-52000,0,18000,-34000,18000,0
2017-08-24,8121,82000,0,-8000,74000,-8000,0
2017-08-25,8121,-58000,0,16000,-42000,16000,0
2017-08-28,8121,-52000,0,-1000,-53000,-1000,0
2017-08-29,8121,-42000,0,-26000,-68000,-26000,0
2017-08-30,8121,49000,0,0,49000,0,0
2017-08-31,8121,96000,0,0,96000,0,0
2017-09-01,8121,-37000,0,6000,-31000,6000,0
2017-09-04,8121,-27000,0,-6000,-33000,-6000,0
2017-09-05,8121,-218000,0,0,-218000,0,0
2017-09-06,8121,-10000,0,9000,-1000,9000,0
2017-09-07,8121,-54000,0,-7000,-61000,-7000,0
2017-09-08,8121,-50000,0,-2000,-52000,-2000,0
2017-09-11,8121,-24000,0,1000,-23000,1000,0
2017-09-12,8121,54000,0,0,54000,0,0
2017-09-13,8121,129000,0,19000,148000,19000,0
2017-09-14,8121,-6000,0,-20000,-26000,-20000,0
2017-09-15,8121,-145000,0,0,-145000,0,0
2017-09-18,8121,-47000,0,0,-47000,0,0
2017-09-19,8121,3000,0,0,3000,0,0
2017-09-20,8121,35000,0,0,35000,0,0
2017-09-21,8121,113000,300000,0,413000,0,0
2017-09-22,8121,-302000,0,0,-302000,0,0
2017-09-25,8121,85164,0,15000,100164,15000,0
2017-09-26,8121,-178263,0,-5000,-183263,-5000,0
2017-09-27,8121,480000,0,-9000,471000,-9000,0
2017-09-28,8121,-6000,0,-1000,-7000,-1000,0
2017-09-29,8121,-247000,0,7000,-240000,7000,0
2017-09-30,8121,-1000,0,6000,5000,6000,0
2017-10-02,8121,-37000,0,-13000,-50000,-13000,0
2017-10-03,8121,-29000,0,0,-29000,0,0
2017-10-05,8121,-96000,0,2000,-94000,2000,0
2017-10-06,8121,-64000,0,-2000,-66000,-2000,0
2017-10-11,8121,-52000,0,0,-52000,0,0
2017-10-12,8121,157000,0,14000,171000,14000,0
2017-10-13,8121,-60000,0,-1000,-61000,-1000,0
2017-10-16,8121,-3000,0,-6000,-9000,-6000,0
2017-10-17,8121,256000,0,-7000,249000,-7000,0
2017-10-18,8121,142000,-105000,2000,39000,2000,0
2017-10-19,8121,531000,0,-2000,529000,-2000,0
2017-10-20,8121,-323000,0,3000,-320000,3000,0
2017-10-23,8121,55000,0,-3000,52000,-3000,0
2017-10-24,8121,-78000,0,0,-78000,0,0
2017-10-25,8121,-460481,0,0,-460481,0,0
2017-10-26,8121,40000,0,0,40000,0,0
2017-10-27,8121,-71000,0,0,-71000,0,0
2017-10-30,8121,367000,0,2000,369000,2000,0
2017-10-31,8121,156000,0,-2000,154000,-2000,0
2017-11-01,8121,-149000,0,0,-149000,0,0
2017-11-02,8121,565000,-195000,0,370000,0,0
2017-11-03,8121,119000,0,0,119000,0,0
2017-11-06,8121,-150000,0,0,-150000,0,0
2017-11-07,8121,621000,0,22000,643000,22000,0
2017-11-08,8121,-898000,0,19000,-879000,19000,0
2017-11-09,8121,-236000,0,-40000,-276000,-40000,0
2017-11-10,8121,196000,0,-1000,195000,-1000,0
2017-11-13,8121,-223000,0,0,-223000,0,0
2017-11-14,8121,258000,0,6000,264000,6000,0
2017-11-15,8121,174000,0,-6000,168000,-6000,0
2017-11-16,8121,51000,0,0,51000,0,0
2017-11-17,8121,30000,0,0,30000,0,0
2017-11-20,8121,79000,0,0,79000,0,0
2017-11-21,8121,493000,0,0,493000,0,0
2017-11-22,8121,-337000,0,0,-337000,0,0
2017-11-23,8121,147000,0,0,147000,0,0
2017-11-24,8121,-177000,0,0,-177000,0,0
2017-11-27,8121,43000,0,0,43000,0,0
2017-11-28,8121,72000,0,0,72000,0,0
2017-11-29,8121,110000,0,0,110000,0,0
2017-11-30,8121,85000,0,3000,88000,3000,0
2017-12-01,8121,302000,0,2000,304000,2000,0
2017-12-04,8121,185000,0,-3000,182000,-3000,0
2017-12-05,8121,-148000,0,-1000,-149000,-1000,0
2017-12-06,8121,246000,0,-1000,245000,-1000,0
2017-12-07,8121,246000,0,0,246000,0,0
2017-12-08,8121,115000,0,0,115000,0,0
2017-12-11,8121,48000,0,0,48000,0,0
2017-12-12,8121,-6000,0,0,-6000,0,0
2017-12-13,8121,147000,0,0,147000,0,0
2017-12-14,8121,40000,0,0,40000,0,0
2017-12-15,8121,21000,0,0,21000,0,0
2017-12-18,8121,30000,0,0,30000,0,0
2017-12-19,8121,-74000,0,0,-74000,0,0
2017-12-20,8121,65000,0,0,65000,0,0
2017-12-21,8121,62000,0,0,62000,0,0
2017-12-22,8121,-34000,0,0,-34000,0,0
2017-12-25,8121,4000,0,0,4000,0,0
2017-12-26,8121,-50000,0,0,-50000,0,0
2017-12-27,8121,12000,0,0,12000,0,0
2017-12-28,8121,139000,0,0,139000,0,0
2017-12-29,8121,76000,0,0,76000,0,0
2018-01-02,8121,-22000,0,0,-22000,0,0
2018-01-03,8121,89000,0,0,89000,0,0
2018-01-04,8121,-209000,0,0,-209000,0,0
2018-01-05,8121,-99000,0,1000,-98000,1000,0
2018-01-08,8121,-49000,0,-1000,-50000,-1000,0
2018-01-09,8121,63000,0,0,63000,0,0
2018-01-10,8121,-11000,0,2000,-9000,2000,0
2018-01-11,8121,-154000,0,2000,-152000,2000,0
2018-01-12,8121,30000,0,-4000,26000,-4000,0
2018-01-15,8121,4000,0,4000,8000,4000,0
2018-01-16,8121,13000,0,0,13000,0,0
2018-01-17,8121,-35000,0,-4000,-39000,-4000,0
2018-01-18,8121,30000,0,0,30000,0,0
2018-01-19,8121,5000,0,0,5000,0,0
2018-01-22,8121,95000,0,13000,108000,13000,0
2018-01-23,8121,353000,0,-9000,344000,-9000,0
2018-01-24,8121,206000,0,-4000,202000,-4000,0
2018-01-25,8121,-931000,0,7000,-924000,7000,0
2018-01-26,8121,460000,0,-7000,453000,-7000,0
2018-01-29,8121,-782000,0,0,-782000,0,0
2018-01-30,8121,-45000,0,0,-45000,0,0
2018-01-31,8121,165000,0,2000,167000,2000,0
2018-02-01,8121,-247000,0,-2000,-249000,-2000,0
2018-02-02,8121,-21000,0,0,-21000,0,0
2018-02-05,8121,31000,0,3000,34000,3000,0
2018-02-06,8121,-134000,0,-3000,-137000,-3000,0
2018-02-07,8121,46000,0,0,46000,0,0
2018-02-08,8121,-12000,0,0,-12000,0,0
2018-02-09,8121,205000,0,0,205000,0,0
2018-02-12,8121,-186000,0,0,-186000,0,0
2018-02-21,8121,15000,0,0,15000,0,0
2018-02-22,8121,33000,0,0,33000,0,0
2018-02-23,8121,-41000,0,0,-41000,0,0
2018-02-26,8121,-3000,0,7000,4000,7000,0
2018-02-27,8121,26000,0,-7000,19000,-7000,0
2018-03-01,8121,-30000,0,0,-30000,0,0
2018-03-02,8121,-38000,0,0,-38000,0,0
2018-03-05,8121,0,0,3000,3000,3000,0
2018-03-06,8121,-18000,0,0,-18000,0,0
2018-03-07,8121,-93000,0,-3000,-96000,-3000,0
2018-03-08,8121,11000,0,5000,16000,5000,0
2018-03-09,8121,39000,0,-5000,34000,-5000,0
2018-03-12,8121,6000,0,0,6000,0,0
2018-03-13,8121,63000,0,0,63000,0,0
2018-03-14,8121,13000,0,0,13000,0,0
2018-03-15,8121,8000,0,0,8000,0,0
2018-03-16,8121,-54000,0,0,-54000,0,0
2018-03-19,8121,-121000,0,1000,-120000,1000,0
2018-03-20,8121,-33000,0,0,-33000,0,0
2018-03-21,8121,-27000,0,-1000,-28000,-1000,0
2018-03-22,8121,-22000,0,0,-22000,0,0
2018-03-23,8121,22000,0,0,22000,0,0
2018-03-26,8121,-35000,0,0,-35000,0,0
2018-03-27,8121,-6000,0,0,-6000,0,0
2018-03-28,8121,-2000,0,0,-2000,0,0
2018-03-29,8121,-33000,0,0,-33000,0,0
2018-03-30,8121,-14000,0,0,-14000,0,0
2018-04-02,8121,8000,0,0,8000,0,0
2018-04-03,8121,-13000,0,0,-13000,0,0
2018-04-09,8121,-32000,0,0,-32000,0,0
2018-04-10,8121,-3000,0,0,-3000,0,0
2018-04-11,8121,999,0,0,999,0,0
2018-04-12,8121,-16000,0,0,-16000,0,0
2018-04-13,8121,-10000,0,0,-10000,0,0
2018-04-16,8121,53000,0,4000,57000,4000,0
2018-04-17,8121,-162000,0,-2000,-164000,-2000,0
2018-04-18,8121,-19000,0,-2000,-21000,-2000,0
2018-04-19,8121,-22000,0,5000,-17000,5000,0
2018-04-20,8121,3000,0,-5000,-2000,-5000,0
2018-04-23,8121,-19000,0,0,-19000,0,0
2018-04-24,8121,-36000,0,0,-36000,0,0
2018-04-25,8121,30000,0,14000,44000,14000,0
2018-04-26,8121,-55000,0,-14000,-69000,-14000,0
2018-04-27,8121,3000,0,3000,6000,3000,0
2018-04-30,8121,-11000,0,0,-11000,0,0
2018-05-02,8121,-5000,0,0,-5000,0,0
2018-05-03,8121,-3000,0,-3000,-6000,-3000,0
2018-05-04,8121,-9000,0,0,-9000,0,0
2018-05-07,8121,-11000,0,0,-11000,0,0
2018-05-08,8121,-11000,0,0,-11000,0,0
2018-05-09,8121,-15000,0,0,-15000,0,0
2018-05-10,8121,10000,0,0,10000,0,0
2018-05-11,8121,-41000,0,0,-41000,0,0
2018-05-14,8121,-4000,0,0,-4000,0,0
2018-05-15,8121,-42000,0,0,-42000,0,0
2018-05-16,8121,-13000,0,0,-13000,0,0
2018-05-17,8121,24000,0,0,24000,0,0
2018-05-18,8121,-9000,0,0,-9000,0,0
2018-05-21,8121,40000,0,0,40000,0,0
2018-05-22,8121,-14000,0,0,-14000,0,0
2018-05-23,8121,-9000,0,0,-9000,0,0
2018-05-24,8121,105000,0,11000,116000,11000,0
2018-05-25,8121,-94000,0,-11000,-105000,-11000,0
2018-05-28,8121,407000,0,12000,419000,12000,0
2018-05-29,8121,-312000,0,-12000,-324000,-12000,0
2018-05-30,8121,196000,0,12000,208000,12000,0
2018-05-31,8121,-331000,0,1000,-330000,1000,0
2018-06-01,8121,20000,0,-13000,7000,-13000,0
2018-06-04,8121,30000,0,0,30000,0,0
2018-06-05,8121,19000,0,0,19000,0,0
2018-06-06,8121,64000,0,0,64000,0,0
2018-06-07,8121,39000,0,2000,41000,2000,0
2018-06-08,8121,133000,0,-2000,131000,-2000,0
2018-06-11,8121,6000,0,0,6000,0,0
2018-06-12,8121,282000,0,3000,285000,3000,0
2018-06-13,8121,-333000,0,2000,-331000,2000,0
2018-06-14,8121,38000,0,-5000,33000,-5000,0
2018-06-15,8121,-30000,0,0,-30000,0,0
2018-06-19,8121,41000,0,0,41000,0,0
2018-06-20,8121,-15000,0,3000,-12000,3000,0
2018-06-21,8121,4000,0,-3000,1000,-3000,0
2018-06-22,8121,51000,0,0,51000,0,0
2018-06-25,8121,43000,0,0,43000,0,0
2018-06-26,8121,9000,0,3000,12000,3000,0
2018-06-27,8121,-450000,0,2000,-448000,2000,0
2018-06-28,8121,14000,0,-5000,9000,-5000,0
2018-06-29,8121,-31000,0,0,-31000,0,0
2018-07-02,8121,-54000,0,0,-54000,0,0
2018-07-03,8121,-98000,0,0,-98000,0,0
2018-07-04,8121,125000,0,0,125000,0,0
2018-07-05,8121,-286000,0,3000,-283000,3000,0
2018-07-06,8121,6000,0,-1000,5000,-1000,0
2018-07-09,8121,-16000,0,4000,-12000,4000,0
2018-07-10,8121,42000,0,-6000,36000,-6000,0
2018-07-11,8121,-151000,0,0,-151000,0,0
2018-07-12,8121,-2000,0,0,-2000,0,0
2018-07-16,8121,2000,0,0,2000,0,0
2018-07-17,8121,2000,0,0,2000,0,0
2018-07-19,8121,17000,0,0,17000,0,0
2018-07-20,8121,-15000,0,0,-15000,0,0
2018-07-23,8121,-14000,0,0,-14000,0,0
2018-07-24,8121,48000,0,0,48000,0,0
2018-07-25,8121,-47000,0,0,-47000,0,0
2018-07-26,8121,5000,0,0,5000,0,0
2018-07-27,8121,-2000,0,0,-2000,0,0
2018-07-30,8121,-1000,0,0,-1000,0,0
2018-08-01,8121,15000,0,0,15000,0,0
2018-08-02,8121,-18000,0,0,-18000,0,0
2018-08-03,8121,267000,0,4000,271000,4000,0
2018-08-06,8121,-252000,0,0,-252000,0,0
2018-08-07,8121,-17000,0,0,-17000,0,0
2018-08-10,8121,0,0,-4000,-4000,-4000,0
2018-08-14,8121,57000,0,0,57000,0,0
2018-08-15,8121,-56000,0,4000,-52000,4000,0
2018-08-16,8121,73000,0,0,73000,0,0
2018-08-17,8121,-74000,0,0,-74000,0,0
2018-08-20,8121,5000,0,3000,8000,3000,0
2018-08-21,8121,119000,0,0,119000,0,0
2018-08-22,8121,-109000,0,0,-109000,0,0
2018-08-23,8121,-8000,0,0,-8000,0,0
2018-08-24,8121,351000,0,-7000,344000,-7000,0
2018-08-27,8121,-356000,0,0,-356000,0,0
2018-08-28,8121,16000,0,0,16000,0,0
2018-08-29,8121,17000,0,0,17000,0,0
2018-08-30,8121,-20000,0,0,-20000,0,0
2018-08-31,8121,45000,0,0,45000,0,0
2018-09-03,8121,-31000,0,0,-31000,0,0
2018-09-04,8121,142000,0,0,142000,0,0
2018-09-05,8121,-43000,0,0,-43000,0,0
2018-09-06,8121,-55000,0,0,-55000,0,0
2018-09-07,8121,-46000,0,0,-46000,0,0
2018-09-10,8121,-7000,0,0,-7000,0,0
2018-09-11,8121,32000,0,10000,42000,10000,0
2018-09-12,8121,-13000,0,-10000,-23000,-10000,0
2018-09-13,8121,-12000,0,0,-12000,0,0
2018-09-14,8121,31000,0,0,31000,0,0
2018-09-17,8121,-5000,0,0,-5000,0,0
2018-09-18,8121,-4000,0,0,-4000,0,0
2018-09-19,8121,-10000,0,0,-10000,0,0
2018-09-20,8121,-11000,0,0,-11000,0,0
2018-09-21,8121,-5000,0,2000,-3000,2000,0
2018-09-25,8121,-16000,0,-2000,-18000,-2000,0
2018-09-26,8121,-4000,0,0,-4000,0,0
2018-09-27,8121,-5000,0,0,-5000,0,0
2018-09-28,8121,-7000,0,3000,-4000,3000,0
2018-10-01,8121,5000,0,0,5000,0,0
2018-10-02,8121,14000,0,-1000,13000,-1000,0
2018-10-03,8121,-28000,0,-2000,-30000,-2000,0
2018-10-04,8121,-19000,0,0,-19000,0,0
2018-10-05,8121,26000,0,0,26000,0,0
2018-10-08,8121,15000,0,0,15000,0,0
2018-10-09,8121,-6000,0,0,-6000,0,0
2018-10-11,8121,21000,0,9000,30000,9000,0
2018-10-12,8121,36000,0,-9000,27000,-9000,0
2018-10-15,8121,18000,0,10000,28000,10000,0
2018-10-16,8121,8000,0,4000,12000,4000,0
2018-10-17,8121,4000,0,-9000,-5000,-9000,0
2018-10-18,8121,18000,0,0,18000,0,0
2018-10-19,8121,10000,0,0,10000,0,0
2018-10-22,8121,38000,0,0,38000,0,0
2018-10-23,8121,-16000,0,10000,-6000,10000,0
2018-10-24,8121,19000,0,-10000,9000,-10000,0
2018-10-25,8121,-1000,0,7000,6000,7000,0
2018-10-26,8121,6000,0,-7000,-1000,-7000,0
2018-10-29,8121,17000,0,0,17000,0,0
2018-10-30,8121,29000,0,0,29000,0,0
2018-10-31,8121,68000,0,0,68000,0,0
2018-11-01,8121,13000,0,0,13000,0,0
2018-11-02,8121,-77000,0,0,-77000,0,0
2018-11-05,8121,26000,0,0,26000,0,0
2018-11-06,8121,5000,0,15000,20000,15000,0
2018-11-07,8121,37000,0,0,37000,0,0
2018-11-08,8121,11000,0,1000,12000,1000,0
2018-11-09,8121,8000,0,0,8000,0,0
2018-11-12,8121,2000,0,0,2000,0,0
2018-11-13,8121,25000,0,0,25000,0,0
2018-11-14,8121,-5000,0,0,-5000,0,0
2018-11-15,8121,7000,0,0,7000,0,0
2018-11-16,8121,42000,0,0,42000,0,0
2018-11-19,8121,55000,0,0,55000,0,0
2018-11-20,8121,14000,0,0,14000,0,0
2018-11-21,8121,51000,0,0,51000,0,0
2018-11-22,8121,7000,0,0,7000,0,0
2018-11-23,8121,-35000,0,0,-35000,0,0
2018-11-26,8121,-3000,0,0,-3000,0,0
2018-11-27,8121,3000,0,0,3000,0,0
2018-11-28,8121,28000,0,0,28000,0,0
2018-11-29,8121,1000,0,0,1000,0,0
2018-11-30,8121,24000,0,0,24000,0,0
2018-12-03,8121,28000,0,0,28000,0,0
2018-12-04,8121,-4000,0,0,-4000,0,0
2018-12-05,8121,19000,0,0,19000,0,0
2018-12-06,8121,-79000,0,0,-79000,0,0
2018-12-07,8121,-10000,0,0,-10000,0,0
2018-12-10,8121,-39000,0,-5000,-44000,-5000,0
2018-12-11,8121,-19000,0,0,-19000,0,0
2018-12-12,8121,20000,0,0,20000,0,0
2018-12-13,8121,-3000,0,0,-3000,0,0
2018-12-14,8121,-9000,0,0,-9000,0,0
2018-12-17,8121,-14000,0,0,-14000,0,0
2018-12-18,8121,-55000,0,0,-55000,0,0
2018-12-19,8121,-35000,0,0,-35000,0,0
2018-12-20,8121,-37000,0,0,-37000,0,0
2018-12-21,8121,1000,0,-16000,-15000,-16000,0
2018-12-24,8121,-15000,0,0,-15000,0,0
2018-12-25,8121,-29000,0,0,-29000,0,0
2018-12-26,8121,-22000,0,0,-22000,0,0
2018-12-27,8121,-5000,0,0,-5000,0,0
2018-12-28,8121,-16000,0,0,-16000,0,0
2019-01-02,8121,-16000,0,0,-16000,0,0
2019-01-03,8121,-19000,0,0,-19000,0,0
2019-01-04,8121,-13000,0,0,-13000,0,0
2019-01-07,8121,-13000,0,0,-13000,0,0
2019-01-08,8121,-16999,0,0,-16999,0,0
2019-01-09,8121,4000,0,0,4000,0,0
2019-01-10,8121,-6000,0,0,-6000,0,0
2019-01-11,8121,-6000,0,0,-6000,0,0
2019-01-14,8121,-17000,0,0,-17000,0,0
2019-01-15,8121,4000,0,0,4000,0,0
2019-01-16,8121,1000,0,0,1000,0,0
2019-01-17,8121,-2000,0,0,-2000,0,0
2019-01-18,8121,9000,0,0,9000,0,0
2019-01-21,8121,6000,0,0,6000,0,0
2019-01-22,8121,-24000,0,0,-24000,0,0
2019-01-23,8121,-44000,0,0,-44000,0,0
2019-01-24,8121,-17000,0,0,-17000,0,0
2019-01-25,8121,-5000,0,0,-5000,0,0
2019-01-28,8121,-9000,0,0,-9000,0,0
2019-01-29,8121,-29000,0,0,-29000,0,0
2019-02-11,8121,-16000,0,0,-16000,0,0
2019-02-12,8121,5000,0,0,5000,0,0
2019-02-13,8121,9000,0,0,9000,0,0
2019-02-14,8121,-6000,0,0,-6000,0,0
2019-02-15,8121,-27000,0,0,-27000,0,0
2019-02-18,8121,5000,0,0,5000,0,0
2019-02-19,8121,18000,0,0,18000,0,0
2019-02-20,8121,31000,0,0,31000,0,0
2019-02-21,8121,-20000,0,0,-20000,0,0
2019-02-22,8121,-31000,0,0,-31000,0,0
2019-02-25,8121,2000,0,0,2000,0,0
2019-02-26,8121,-19000,0,0,-19000,0,0
2019-02-27,8121,-17000,0,0,-17000,0,0
2019-03-04,8121,2000,0,0,2000,0,0
2019-03-05,8121,5000,0,0,5000,0,0
2019-03-06,8121,-2000,0,0,-2000,0,0
2019-03-08,8121,-5000,0,12000,7000,12000,0
2019-03-11,8121,-1000,0,0,-1000,0,0
2019-03-12,8121,0,0,-1000,-1000,-1000,0
2019-03-13,8121,1000,0,0,1000,0,0
2019-03-14,8121,-1000,0,-7000,-8000,-7000,0
2019-03-15,8121,8000,0,0,8000,0,0
2019-03-18,8121,-8000,0,0,-8000,0,0
2019-03-21,8121,8000,0,0,8000,0,0
2019-03-22,8121,-1000,0,0,-1000,0,0
2019-03-25,8121,-7000,0,0,-7000,0,0
2019-03-28,8121,3000,0,0,3000,0,0
2019-03-29,8121,-3000,0,715,-2285,715,0
2019-04-01,8121,0,0,-4458,-4458,-4458,0
2019-04-02,8121,22000,0,0,22000,0,0
2019-04-03,8121,5000,0,-80,4920,-80,0
2019-04-08,8121,-11000,0,114,-10886,114,0
2019-04-09,8121,-1000,0,0,-1000,0,0
2019-04-10,8121,-1000,0,4709,3709,4709,0
2019-04-11,8121,-8000,0,0,-8000,0,0
2019-04-15,8121,2000,0,0,2000,0,0
2019-04-16,8121,32000,0,0,32000,0,0
2019-04-17,8121,-13000,0,0,-13000,0,0
2019-04-18,8121,-14000,0,-5000,-19000,-5000,0
2019-04-19,8121,9000,0,0,9000,0,0
2019-04-22,8121,14000,0,0,14000,0,0
2019-04-23,8121,-5000,0,228,-4772,228,0
2019-04-24,8121,2000,0,801,2801,801,0
2019-04-25,8121,5000,0,-1000,4000,-1000,0
2019-04-26,8121,-34000,0,0,-34000,0,0
2019-04-29,8121,-16000,0,-29,-16029,-29,0
2019-04-30,8121,-9000,0,0,-9000,0,0
2019-05-02,8121,1000,0,0,1000,0,0
2019-05-03,8121,15000,0,0,15000,0,0
2019-05-06,8121,-16000,0,1280,-14720,1280,0
2019-05-07,8121,-3000,0,-1000,-4000,-1000,0
2019-05-08,8121,0,0,4000,4000,4000,0
2019-05-09,8121,-11000,0,-2023,-13023,-2023,0
2019-05-10,8121,-7000,0,-257,-7257,-257,0
2019-05-13,8121,-6000,0,0,-6000,0,0
2019-05-14,8121,-6000,0,-2000,-8000,-2000,0
2019-05-15,8121,-5000,0,1651,-3349,1651,0
2019-05-16,8121,-6000,0,-161,-6161,-161,0
2019-05-17,8121,-6000,0,0,-6000,0,0
2019-05-20,8121,-11000,0,1510,-9490,1510,0
2019-05-21,8121,-6000,0,-3000,-9000,-3000,0
2019-05-22,8121,-5000,0,0,-5000,0,0
2019-05-23,8121,-6000,0,0,-6000,0,0
2019-05-24,8121,-7000,0,0,-7000,0,0
2019-05-27,8121,-7000,0,0,-7000,0,0
2019-05-28,8121,-7000,0,0,-7000,0,0
2019-05-29,8121,0,0,2000,2000,2000,0
2019-05-30,8121,-4000,0,1000,-3000,1000,0
2019-05-31,8121,6000,0,0,6000,0,0
2019-06-03,8121,-8000,0,0,-8000,0,0
2019-06-04,8121,-4000,0,0,-4000,0,0
2019-06-05,8121,-4000,0,-3000,-7000,-3000,0
2019-06-06,8121,-2000,0,0,-2000,0,0
2019-06-11,8121,-5000,0,0,-5000,0,0
2019-06-13,8121,2000,0,0,2000,0,0
2019-06-14,8121,-5000,0,0,-5000,0,0
2019-06-17,8121,0,0,0,0,0,0
2019-06-18,8121,-3000,0,0,-3000,0,0
2019-06-19,8121,-3000,0,0,-3000,0,0
2019-06-20,8121,18000,0,0,18000,0,0
2019-06-21,8121,2000,0,0,2000,0,0
2019-06-24,8121,5000,0,0,5000,0,0
2019-06-25,8121,-13000,0,0,-13000,0,0
2019-06-26,8121,-9000,0,0,-9000,0,0
2019-06-27,8121,3000,0,0,3000,0,0
2019-06-28,8121,8000,0,0,8000,0,0
2019-07-01,8121,12000,0,0,12000,0,0
2019-07-02,8121,2000,0,0,2000,0,0
2019-07-03,8121,2000,0,0,2000,0,0
2019-07-04,8121,2000,0,0,2000,0,0
2019-07-05,8121,-13000,0,0,-13000,0,0
2019-07-08,8121,-19000,0,4000,-15000,4000,0
2019-07-09,8121,-16000,0,-4000,-20000,-4000,0
2019-07-10,8121,-5000,0,0,-5000,0,0
2019-07-11,8121,-3000,0,0,-3000,0,0
2019-07-12,8121,0,0,5000,5000,5000,0
2019-07-15,8121,-4000,0,0,-4000,0,0
2019-07-16,8121,-14000,0,0,-14000,0,0
2019-07-17,8121,-121000,0,-3000,-124000,-3000,0
2019-07-18,8121,-8000,0,0,-8000,0,0
2019-07-19,8121,-3000,0,0,-3000,0,0
2019-07-22,8121,25000,0,-1000,24000,-1000,0
2019-07-23,8121,8000,0,0,8000,0,0
2019-07-24,8121,-17000,0,0,-17000,0,0
2019-07-25,8121,-2000,0,-1000,-3000,-1000,0
2019-07-26,8121,18000,0,0,18000,0,0
2019-07-29,8121,-8000,0,0,-8000,0,0
2019-08-06,8121,11000,0,0,11000,0,0
2019-08-07,8121,-6000,0,0,-6000,0,0
2019-08-08,8121,-1000,0,6000,5000,6000,0
2019-08-12,8121,-3000,0,-3000,-6000,-3000,0
2019-08-13,8121,0,0,-1000,-1000,-1000,0
2019-08-14,8121,-3000,0,-2000,-5000,-2000,0
2019-08-15,8121,1000,0,0,1000,0,0
2019-08-16,8121,-1000,0,0,-1000,0,0
2019-08-19,8121,2000,0,0,2000,0,0
2019-08-20,8121,6000,0,0,6000,0,0
2019-08-21,8121,11000,0,0,11000,0,0
2019-08-22,8121,2000,0,0,2000,0,0
2019-08-23,8121,3000,0,0,3000,0,0
2019-08-26,8121,-21000,0,0,-21000,0,0
2019-08-27,8121,-14000,0,0,-14000,0,0
2019-08-28,8121,3000,0,0,3000,0,0
2019-08-29,8121,6000,0,0,6000,0,0
2019-08-30,8121,13000,0,0,13000,0,0
2019-09-02,8121,15000,0,0,15000,0,0
2019-09-03,8121,13000,0,0,13000,0,0
2019-09-04,8121,17000,0,0,17000,0,0
2019-09-05,8121,0,0,0,0,0,0
2019-09-06,8121,14000,0,0,14000,0,0
2019-09-09,8121,2000,0,0,2000,0,0
2019-09-10,8121,-5000,0,0,-5000,0,0
2019-09-11,8121,-11000,0,0,-11000,0,0
2019-09-12,8121,-9000,0,0,-9000,0,0
2019-09-17,8121,7000,0,0,7000,0,0
2019-09-18,8121,-6000,0,0,-6000,0,0
2019-09-19,8121,-4000,0,0,-4000,0,0
2019-09-20,8121,-1000,0,0,-1000,0,0
2019-09-23,8121,-3000,0,0,-3000,0,0
2019-09-24,8121,-4000,0,0,-4000,0,0
2019-09-25,8121,-16000,0,4000,-12000,4000,0
2019-09-26,8121,-9000,0,0,-9000,0,0
2019-09-27,8121,-17000,0,0,-17000,0,0
2019-10-01,8121,-7000,0,-4000,-11000,-4000,0
2019-10-02,8121,-12000,0,0,-12000,0,0
2019-10-03,8121,-16000,0,0,-16000,0,0
2019-10-04,8121,-3000,0,0,-3000,0,0
2019-10-07,8121,-13000,0,0,-13000,0,0
2019-10-09,8121,-3000,0,0,-3000,0,0
2019-10-15,8121,1000,0,0,1000,0,0
2019-10-21,8121,1000,0,0,1000,0,0
2019-10-22,8121,-1000,0,0,-1000,0,0
2019-10-23,8121,1000,0,0,1000,0,0
2019-10-24,8121,7000,0,0,7000,0,0
2019-10-25,8121,3000,0,0,3000,0,0
2019-10-28,8121,-13000,0,0,-13000,0,0
2019-10-29,8121,-6000,0,0,-6000,0,0
2019-10-30,8121,-4000,0,0,-4000,0,0
2019-11-01,8121,-3000,0,0,-3000,0,0
2019-11-04,8121,-3000,0,0,-3000,0,0
2019-11-05,8121,-4000,0,0,-4000,0,0
2019-11-07,8121,-6000,0,0,-6000,0,0
2019-11-08,8121,-4000,0,0,-4000,0,0
2019-11-11,8121,-3000,0,0,-3000,0,0
2019-11-12,8121,4000,0,4000,8000,4000,0
2019-11-13,8121,7000,0,-4000,3000,-4000,0
2019-11-14,8121,-2000,0,0,-2000,0,0
2019-11-15,8121,-26000,0,0,-26000,0,0
2019-11-20,8121,-1000,0,0,-1000,0,0
2019-11-21,8121,-4000,0,0,-4000,0,0
2019-11-22,8121,-1000,0,0,-1000,0,0
2019-11-25,8121,2000,0,0,2000,0,0
2019-11-26,8121,-9000,0,0,-9000,0,0
2019-11-27,8121,1000,0,0,1000,0,0
2019-11-29,8121,-1000,0,0,-1000,0,0
2019-12-02,8121,-8000,0,0,-8000,0,0
2019-12-03,8121,-4000,0,0,-4000,0,0
2019-12-04,8121,-1000,0,0,-1000,0,0
2019-12-05,8121,-9061,0,0,-9061,0,0
2019-12-06,8121,2000,0,0,2000,0,0
2019-12-10,8121,-1000,0,0,-1000,0,0
2019-12-11,8121,-6033,0,0,-6033,0,0
2019-12-12,8121,-1000,0,0,-1000,0,0
2019-12-13,8121,-4000,0,0,-4000,0,0
2019-12-16,8121,-6000,0,0,-6000,0,0
2019-12-17,8121,1000,0,0,1000,0,0
2019-12-19,8121,-6000,0,0,-6000,0,0
2019-12-20,8121,-6000,0,0,-6000,0,0
2019-12-23,8121,-3000,0,0,-3000,0,0
2019-12-24,8121,-7000,0,0,-7000,0,0
2019-12-27,8121,1000,0,0,1000,0,0
2019-12-30,8121,-8000,0,0,-8000,0,0
2019-12-31,8121,-1000,0,0,-1000,0,0
2020-01-03,8121,-2000,0,0,-2000,0,0
2020-01-06,8121,-3000,0,0,-3000,0,0
2020-01-07,8121,-11000,0,0,-11000,0,0
2020-01-08,8121,-9000,0,0,-9000,0,0
2020-01-09,8121,0,0,0,0,0,0
2020-01-10,8121,-3000,0,0,-3000,0,0
2020-01-13,8121,-1000,0,0,-1000,0,0
2020-01-14,8121,-7000,0,0,-7000,0,0
2020-01-15,8121,-2000,0,0,-2000,0,0
2020-01-16,8121,0,0,0,0,0,0
2020-01-17,8121,-8000,0,0,-8000,0,0
2020-01-20,8121,7000,0,5000,12000,5000,0
2020-01-30,8121,-14000,0,0,-14000,0,0
2020-01-31,8121,-8000,0,0,-8000,0,0
2020-02-03,8121,-31000,0,-5000,-36000,-5000,0
2020-02-04,8121,20000,0,6000,26000,6000,0
2020-02-05,8121,0,0,-3000,-3000,-3000,0
2020-02-07,8121,-3000,0,0,-3000,0,0
2020-02-10,8121,11000,0,3000,14000,3000,0
2020-02-11,8121,0,0,0,0,0,0
2020-02-12,8121,-6000,0,0,-6000,0,0
2020-02-14,8121,-1000,0,-6000,-7000,-6000,0
2020-02-18,8121,-27000,0,0,-27000,0,0
2020-02-19,8121,-2000,0,0,-2000,0,0
2020-02-20,8121,17593,0,0,17593,0,0
2020-02-21,8121,-3000,0,0,-3000,0,0
2020-02-24,8121,3000,0,12000,15000,12000,0
2020-02-26,8121,0,0,-8000,-8000,-8000,0
2020-02-27,8121,-28000,0,-1000,-29000,-1000,0
2020-03-02,8121,-3000,0,-1000,-4000,-1000,0
2020-03-03,8121,1000,0,8000,9000,8000,0
2020-03-04,8121,-6000,0,-7000,-13000,-7000,0
2020-03-05,8121,2000,0,-3000,-1000,-3000,0
2020-03-06,8121,-2000,0,0,-2000,0,0
2020-03-09,8121,6000,0,0,6000,0,0
2020-03-10,8121,17000,0,0,17000,0,0
2020-03-11,8121,-2000,0,0,-2000,0,0
2020-03-12,8121,-22000,0,14000,-8000,14000,0
2020-03-13,8121,-19000,0,-14000,-33000,-14000,0
2020-03-16,8121,-11000,0,3000,-8000,3000,0
2020-03-17,8121,-17000,0,0,-17000,0,0
2020-03-18,8121,-7000,0,-3000,-10000,-3000,0
2020-03-19,8121,23000,0,12000,35000,12000,0
2020-03-20,8121,10000,0,-8000,2000,-8000,0
2020-03-23,8121,0,0,-4000,-4000,-4000,0
2020-03-25,8121,3000,0,0,3000,0,0
2020-03-26,8121,3000,0,0,3000,0,0
2020-03-27,8121,-23000,0,0,-23000,0,0
2020-03-30,8121,-1000,0,0,-1000,0,0
2020-03-31,8121,-12000,0,6000,-6000,6000,0
2020-04-01,8121,22000,0,-3000,19000,-3000,0
2020-04-06,8121,-6000,0,-1000,-7000,-1000,0
2020-04-07,8121,-13000,0,-2000,-15000,-2000,0
2020-04-08,8121,26000,0,0,26000,0,0
2020-04-09,8121,-6000,0,0,-6000,0,0
2020-04-10,8121,-14000,0,0,-14000,0,0
2020-04-13,8121,1000,0,0,1000,0,0
2020-04-14,8121,21000,0,0,21000,0,0
2020-04-15,8121,2000,0,0,2000,0,0
2020-04-16,8121,30000,0,0,30000,0,0
2020-04-17,8121,-2000,0,0,-2000,0,0
2020-04-20,8121,28000,0,0,28000,0,0
2020-04-21,8121,-40000,0,0,-40000,0,0
2020-04-22,8121,-5000,0,0,-5000,0,0
2020-04-23,8121,43000,0,0,43000,0,0
2020-04-24,8121,11000,0,0,11000,0,0
2020-04-27,8121,38000,0,0,38000,0,0
2020-04-28,8121,-20000,0,0,-20000,0,0
2020-04-29,8121,26000,0,0,26000,0,0
2020-04-30,8121,15000,0,0,15000,0,0
2020-05-04,8121,-6000,0,0,-6000,0,0
2020-05-05,8121,-15000,0,0,-15000,0,0
2020-05-06,8121,0,0,0,0,0,0
2020-05-07,8121,30000,0,0,30000,0,0
2020-05-08,8121,-15000,0,0,-15000,0,0
2020-05-11,8121,30000,0,0,30000,0,0
2020-05-12,8121,14000,0,0,14000,0,0
2020-05-13,8121,-20000,0,7000,-13000,7000,0
2020-05-14,8121,-63000,0,0,-63000,0,0
2020-05-15,8121,-17000,0,0,-17000,0,0
2020-05-18,8121,-36000,0,0,-36000,0,0
2020-05-19,8121,-11000,0,0,-11000,0,0
2020-05-20,8121,0,0,0,0,0,0
2020-05-21,8121,-10000,0,0,-10000,0,0
2020-05-22,8121,-22000,0,0,-22000,0,0
2020-05-25,8121,15000,0,0,15000,0,0
2020-05-26,8121,-20000,0,-4000,-24000,-4000,0
2020-05-27,8121,-15000,0,0,-15000,0,0
2020-05-28,8121,-8000,0,0,-8000,0,0
2020-05-29,8121,0,0,0,0,0,0
2020-06-01,8121,12000,0,0,12000,0,0
2020-06-02,8121,8000,0,0,8000,0,0
2020-06-03,8121,20000,0,0,20000,0,0
2020-06-04,8121,-8000,0,0,-8000,0,0
2020-06-05,8121,21000,0,0,21000,0,0
2020-06-08,8121,11000,0,0,11000,0,0
2020-06-09,8121,-1000,0,0,-1000,0,0
2020-06-10,8121,-2000,0,0,-2000,0,0
2020-06-11,8121,-12000,0,0,-12000,0,0
2020-06-12,8121,-3000,0,-3000,-6000,-3000,0
2020-06-15,8121,-5000,0,0,-5000,0,0
2020-06-16,8121,-4000,0,0,-4000,0,0
2020-06-17,8121,1000,0,0,1000,0,0
2020-06-18,8121,9000,0,0,9000,0,0
2020-06-19,8121,27000,0,0,27000,0,0
2020-06-22,8121,-22000,0,0,-22000,0,0
2020-06-23,8121,-13000,0,0,-13000,0,0
2020-06-24,8121,-7000,0,0,-7000,0,0
2020-06-29,8121,-9000,0,0,-9000,0,0
2020-06-30,8121,1000,0,0,1000,0,0
2020-07-01,8121,18000,0,0,18000,0,0
2020-07-02,8121,12000,0,0,12000,0,0
2020-07-03,8121,-8000,0,0,-8000,0,0
2020-07-06,8121,26000,0,0,26000,0,0
2020-07-07,8121,-7000,0,0,-7000,0,0
2020-07-08,8121,-59000,0,0,-59000,0,0
2020-07-09,8121,8000,0,0,8000,0,0
2020-07-10,8121,-14000,0,0,-14000,0,0
2020-07-13,8121,7000,0,0,7000,0,0
2020-07-14,8121,6000,0,0,6000,0,0
2020-07-15,8121,-11000,0,0,-11000,0,0
2020-07-17,8121,-1000,0,0,-1000,0,0
2020-07-20,8121,1000,0,0,1000,0,0
2020-07-21,8121,0,0,0,0,0,0
2020-07-22,8121,15000,0,0,15000,0,0
2020-07-23,8121,9000,0,0,9000,0,0
2020-07-24,8121,-10000,0,0,-10000,0,0
2020-07-27,8121,6000,0,0,6000,0,0
2020-07-28,8121,-21000,0,0,-21000,0,0
2020-07-29,8121,6000,0,0,6000,0,0
2020-07-30,8121,5000,0,0,5000,0,0
2020-07-31,8121,15000,0,0,15000,0,0
2020-08-03,8121,-16000,0,0,-16000,0,0
2020-08-04,8121,1000,0,0,1000,0,0
2020-08-05,8121,-11000,0,0,-11000,0,0
2020-08-06,8121,2000,0,0,2000,0,0
2020-08-07,8121,46000,0,0,46000,0,0
2020-08-10,8121,-48000,0,0,-48000,0,0
2020-08-11,8121,36000,0,0,36000,0,0
2020-08-12,8121,11000,0,0,11000,0,0
2020-08-13,8121,0,0,0,0,0,0
2020-08-14,8121,11000,0,0,11000,0,0
2020-08-18,8121,-43000,0,5000,-38000,5000,0
2020-08-19,8121,-3000,0,-5000,-8000,-5000,0
2020-08-20,8121,6000,0,0,6000,0,0
2020-08-21,8121,0,0,0,0,0,0
2020-08-24,8121,2000,0,0,2000,0,0
2020-08-25,8121,11000,0,0,11000,0,0
2020-08-26,8121,-3000,0,0,-3000,0,0
2020-08-27,8121,19000,0,0,19000,0,0
2020-08-28,8121,11000,0,0,11000,0,0
2020-08-31,8121,32000,0,4000,36000,4000,0
2020-09-01,8121,-5000,0,0,-5000,0,0
2020-09-02,8121,55000,0,0,55000,0,0
2020-09-03,8121,-12000,0,0,-12000,0,0
2020-09-04,8121,34000,0,0,34000,0,0
2020-09-07,8121,2000,0,0,2000,0,0
2020-09-08,8121,136000,0,0,136000,0,0
2020-09-09,8121,74000,0,0,74000,0,0
2020-09-10,8121,-23000,0,0,-23000,0,0
2020-09-11,8121,-13000,0,-1000,-14000,-1000,0
2020-09-14,8121,-95000,0,0,-95000,0,0
2020-09-15,8121,45000,0,-3000,42000,-3000,0
2020-09-16,8121,-77000,0,0,-77000,0,0
2020-09-17,8121,28000,0,0,28000,0,0
2020-09-18,8121,31000,0,0,31000,0,0
2020-09-21,8121,-31000,0,0,-31000,0,0
2020-09-22,8121,42000,0,0,42000,0,0
2020-09-23,8121,-14000,0,0,-14000,0,0
2020-09-24,8121,-27000,0,0,-27000,0,0
2020-09-25,8121,22000,0,0,22000,0,0
2020-09-28,8121,-16000,0,0,-16000,0,0
2020-09-29,8121,0,0,0,0,0,0
2020-09-30,8121,2000,0,0,2000,0,0
2020-10-05,8121,43000,0,0,43000,0,0
2020-10-06,8121,1000,0,0,1000,0,0
2020-10-07,8121,19000,0,0,19000,0,0
2020-10-08,8121,8000,0,0,8000,0,0
2020-10-12,8121,3000,0,0,3000,0,0
2020-10-13,8121,6000,0,0,6000,0,0
2020-10-14,8121,36000,0,0,36000,0,0
2020-10-15,8121,-7000,0,0,-7000,0,0
2020-10-16,8121,2000,0,0,2000,0,0
2020-10-19,8121,21000,0,0,21000,0,0
2020-10-20,8121,6000,0,0,6000,0,0
2020-10-21,8121,0,0,0,0,0,0
2020-10-22,8121,14000,0,0,14000,0,0
2020-10-23,8121,13000,0,0,13000,0,0
2020-10-26,8121,3000,0,0,3000,0,0
2020-10-27,8121,2000,0,0,2000,0,0
2020-10-28,8121,-7000,0,0,-7000,0,0
2020-10-29,8121,124000,0,0,124000,0,0
2020-10-30,8121,-48000,0,0,-48000,0,0
2020-11-02,8121,4000,0,0,4000,0,0
2020-11-03,8121,6000,0,0,6000,0,0
2020-11-04,8121,25000,0,0,25000,0,0
2020-11-05,8121,34000,0,0,34000,0,0
2020-11-06,8121,10000,0,0,10000,0,0
2020-11-09,8121,-104000,0,0,-104000,0,0
2020-11-10,8121,-10000,0,0,-10000,0,0
2020-11-11,8121,20000,0,0,20000,0,0
2020-11-12,8121,-35000,0,0,-35000,0,0
2020-11-13,8121,18000,0,0,18000,0,0
2020-11-16,8121,-17000,0,0,-17000,0,0
2020-11-17,8121,51000,0,0,51000,0,0
2020-11-18,8121,2000,0,0,2000,0,0
2020-11-19,8121,-9000,0,0,-9000,0,0
2020-11-20,8121,-1000,0,0,-1000,0,0
2020-11-23,8121,28000,0,0,28000,0,0
2020-11-24,8121,38000,0,0,38000,0,0
2020-11-25,8121,-41000,0,0,-41000,0,0
2020-11-26,8121,-11000,0,0,-11000,0,0
2020-11-27,8121,-27000,0,0,-27000,0,0
2020-11-30,8121,5000,0,0,5000,0,0
2020-12-01,8121,9000,0,0,9000,0,0
2020-12-02,8121,-12000,0,0,-12000,0,0
2020-12-03,8121,29000,0,0,29000,0,0
2020-12-04,8121,-15000,0,0,-15000,0,0
2020-12-07,8121,18000,0,1,18001,1,0
2020-12-08,8121,83000,0,100,83100,100,0
2020-12-09,8121,97000,0,-1,96999,-1,0
2020-12-10,8121,-68000,0,-26,-68026,-26,0
2020-12-11,8121,-5000,0,127,-4873,127,0
2020-12-14,8121,-59000,0,-201,-59201,-201,0
2020-12-15,8121,21000,0,0,21000,0,0
2020-12-16,8121,-11000,0,63,-10937,63,0
2020-12-17,8121,9000,0,1,9001,1,0
2020-12-18,8121,26000,0,-64,25936,-64,0
2020-12-21,8121,-8000,0,0,-8000,0,0
2020-12-22,8121,-4000,0,0,-4000,0,0
2020-12-23,8121,59000,0,0,59000,0,0
2020-12-24,8121,-7000,0,0,-7000,0,0
2020-12-25,8121,8000,0,40,8040,40,0
2020-12-28,8121,-36000,0,-2,-36002,-2,0
2020-12-29,8121,55000,0,-6,54994,-6,0
2020-12-30,8121,-7000,0,-23,-7023,-23,0
2020-12-31,8121,-10000,0,0,-10000,0,0
2021-01-04,8121,-3000,0,-1,-3001,-1,0
2021-01-05,8121,7000,0,0,7000,0,0
2021-01-06,8121,68000,0,-1,67999,-1,0
2021-01-07,8121,23000,0,0,23000,0,0
2021-01-08,8121,-40000,0,-4,-40004,-4,0
2021-01-11,8121,-52000,0,-3,-52003,-3,0
2021-01-12,8121,4000,0,75071,79071,71,75000
2021-01-13,8121,24000,0,-38071,-14071,-71,-38000
2021-01-14,8121,31000,0,10000,41000,0,10000
2021-01-15,8121,44000,0,-14000,30000,0,-14000
2021-01-18,8121,177000,0,89000,266000,0,89000
2021-01-19,8121,-234000,0,-100000,-334000,0,-100000
2021-01-20,8121,28000,0,5000,33000,0,5000
2021-01-21,8121,-5999,0,0,-5999,0,0
2021-01-22,8121,68000,0,-1000,67000,0,-1000
2021-01-25,8121,-18000,0,0,-18000,0,0
2021-01-26,8121,-29000,0,1000,-28000,0,1000
2021-01-27,8121,0,0,0,0,0,0
2021-01-28,8121,34000,0,2000,36000,0,2000
2021-01-29,8121,-47000,0,3000,-44000,0,3000
2021-02-01,8121,67000,0,2000,69000,0,2000
2021-02-02,8121,15000,0,0,15000,0,0
2021-02-03,8121,-41000,0,0,-41000,0,0
2021-02-04,8121,-2000,0,0,-2000,0,0
2021-02-05,8121,-36000,0,1000,-35000,0,1000
2021-02-17,8121,1001,0,6000,7001,0,6000
2021-02-18,8121,36000,0,2000,38000,0,2000
2021-02-19,8121,129000,0,-1000,128000,0,-1000
2021-02-22,8121,-24000,0,4000,-20000,0,4000
2021-02-23,8121,109000,0,154000,263000,0,154000
2021-02-24,8121,-76000,0,-101000,-177000,0,-101000
2021-02-25,8121,-12000,0,-22000,-34000,0,-22000
2021-02-26,8121,49000,0,-12000,37000,0,-12000
2021-03-02,8121,-5000,0,0,-5000,0,0
2021-03-03,8121,237000,0,0,237000,0,0
2021-03-04,8121,-132000,0,4000,-128000,0,4000
2021-03-05,8121,10000,0,-12000,-2000,0,-12000
2021-03-08,8121,-87000,0,0,-87000,0,0
2021-03-09,8121,83000,0,0,83000,0,0
2021-03-10,8121,-44000,0,-3000,-47000,0,-3000
2021-03-11,8121,63000,0,0,63000,0,0
2021-03-12,8121,8000,0,100,8100,100,0
2021-03-15,8121,5000,0,-45,4955,-45,0
2021-03-16,8121,33000,0,0,33000,0,0
2021-03-17,8121,-14000,0,-35,-14035,-35,0
2021-03-18,8121,123000,0,27997,150997,-3,28000
2021-03-19,8121,-1000,0,-5017,-6017,-17,-5000
2021-03-22,8121,7000,0,0,7000,0,0
2021-03-23,8121,-86000,0,0,-86000,0,0
2021-03-24,8121,32000,0,0,32000,0,0
2021-03-25,8121,-53000,0,0,-53000,0,0
2021-03-26,8121,1000,0,0,1000,0,0
2021-03-29,8121,-13000,0,0,-13000,0,0
2021-03-30,8121,-407999,0,0,-407999,0,0
2021-03-31,8121,-12000,0,-3000,-15000,0,-3000
2021-04-01,8121,-15000,0,0,-15000,0,0
2021-04-06,8121,117000,0,0,117000,0,0
2021-04-07,8121,433000,0,78000,511000,0,78000
2021-04-08,8121,-51000,0,-17000,-68000,0,-17000
2021-04-09,8121,-257000,0,59000,-198000,0,59000
2021-04-12,8121,-183000,0,-10997,-193997,3,-11000
2021-04-13,8121,158000,0,-53003,104997,-3,-53000
2021-04-14,8121,-38000,0,-16000,-54000,0,-16000
2021-04-15,8121,102000,0,15000,117000,0,15000
2021-04-16,8121,397000,0,60000,457000,0,60000
2021-04-19,8121,-225000,0,4000,-221000,0,4000
2021-04-20,8121,205000,0,10000,215000,0,10000
2021-04-21,8121,-77000,0,0,-77000,0,0
2021-04-22,8121,186000,0,-10000,176000,0,-10000
2021-04-23,8121,239000,0,74000,313000,0,74000
2021-04-26,8121,152000,0,-12000,140000,0,-12000
2021-04-27,8121,155000,0,0,155000,0,0
2021-04-28,8121,1144000,0,92000,1236000,0,92000
2021-04-29,8121,-583000,0,-100996,-683996,4,-101000
2021-05-03,8121,-644000,0,-58004,-702004,-4,-58000
2021-05-04,8121,21000,0,-11000,10000,0,-11000
2021-05-05,8121,-32000,0,2,-31998,2,0
2021-05-06,8121,39000,0,-2,38998,-2,0
2021-05-07,8121,341000,0,24000,365000,0,24000
2021-05-10,8121,-134000,0,-3000,-137000,0,-3000
2021-05-11,8121,23000,0,-36000,-13000,0,-36000
2021-05-12,8121,50000,0,0,50000,0,0
2021-05-13,8121,82000,0,-6000,76000,0,-6000
2021-05-14,8121,-59000,0,2,-58998,2,0
2021-05-17,8121,143000,0,-2,142998,-2,0
2021-05-18,8121,291000,0,0,291000,0,0
2021-05-19,8121,-116000,0,0,-116000,0,0
2021-05-20,8121,-46000,0,-12000,-58000,0,-12000
2021-05-21,8121,130000,0,0,130000,0,0
2021-05-24,8121,158000,0,0,158000,0,0
2021-05-25,8121,-100000,0,22000,-78000,0,22000
2021-05-26,8121,6000,0,0,6000,0,0
2021-05-27,8121,22000,0,0,22000,0,0
2021-05-28,8121,-10000,0,0,-10000,0,0
2021-05-31,8121,32000,0,13000,45000,0,13000
2021-06-01,8121,-34000,0,0,-34000,0,0
2021-06-02,8121,-83000,0,0,-83000,0,0
2021-06-03,8121,64000,0,8000,72000,0,8000
2021-06-04,8121,-29000,0,-8000,-37000,0,-8000
2021-06-07,8121,-19000,0,-12000,-31000,0,-12000
2021-06-08,8121,45000,0,0,45000,0,0
2021-06-09,8121,-24000,0,0,-24000,0,0
2021-06-10,8121,10000,0,0,10000,0,0
2021-06-11,8121,-67000,0,0,-67000,0,0
2021-06-15,8121,-64000,0,14000,-50000,0,14000
2021-06-16,8121,-169000,0,-18999,-187999,1,-19000
2021-06-17,8121,78000,0,-10000,68000,0,-10000
2021-06-18,8121,-416000,0,10000,-406000,0,10000
2021-06-21,8121,28000,0,-5001,22999,-1,-5000
2021-06-22,8121,-127000,0,0,-127000,0,0
2021-06-23,8121,36000,0,39000,75000,0,39000
2021-06-24,8121,-123000,0,0,-123000,0,0
2021-06-25,8121,5000,0,-17000,-12000,0,-17000
2021-06-28,8121,239000,0,-5000,234000,0,-5000
2021-06-29,8121,-160000,0,0,-160000,0,0
2021-06-30,8121,243000,0,22000,265000,0,22000
2021-07-01,8121,-413000,0,0,-413000,0,0
2021-07-02,8121,185000,0,0,185000,0,0
2021-07-05,8121,170000,0,0,170000,0,0
2021-07-06,8121,-129000,0,-5000,-134000,0,-5000
2021-07-07,8121,-15000,0,8000,-7000,0,8000
2021-07-08,8121,121000,0,4000,125000,0,4000
2021-07-09,8121,-143000,0,302001,159001,1,302000
2021-07-12,8121,192000,0,-142000,50000,0,-142000
2021-07-13,8121,-641000,0,-74001,-715001,-1,-74000
2021-07-14,8121,-130000,0,3000,-127000,0,3000
2021-07-15,8121,-51000,0,31000,-20000,0,31000
2021-07-16,8121,368000,0,22000,390000,0,22000
2021-07-19,8121,148000,0,0,148000,0,0
2021-07-20,8121,-382000,0,-14000,-396000,0,-14000
2021-07-21,8121,148000,0,0,148000,0,0
2021-07-22,8121,394000,0,14000,408000,0,14000
2021-07-23,8121,-176000,0,13000,-163000,0,13000
2021-07-26,8121,340000,0,24000,364000,0,24000
2021-07-27,8121,-70000,0,0,-70000,0,0
2021-07-28,8121,-186000,0,0,-186000,0,0
2021-07-29,8121,490000,0,11000,501000,0,11000
2021-07-30,8121,196000,0,0,196000,0,0
2021-08-02,8121,11000,0,-10000,1000,0,-10000
2021-08-03,8121,105000,0,0,105000,0,0
2021-08-04,8121,-80000,0,-100000,-180000,0,-100000
2021-08-05,8121,84000,0,-1000,83000,0,-1000
2021-08-06,8121,-11000,0,-43000,-54000,0,-43000
2021-08-09,8121,838000,0,0,838000,0,0
2021-08-10,8121,-1354000,0,0,-1354000,0,0
2021-08-11,8121,26000,0,-8000,18000,0,-8000
2021-08-12,8121,11000,0,0,11000,0,0
2021-08-13,8121,-283000,0,-39000,-322000,0,-39000
2021-08-16,8121,132000,0,-104000,28000,0,-104000
2021-08-17,8121,30000,0,-6000,24000,0,-6000
2021-08-18,8121,91000,0,0,91000,0,0
2021-08-19,8121,-109000,0,-10000,-119000,0,-10000
2021-08-20,8121,49000,0,0,49000,0,0
2021-08-23,8121,58000,0,8,58008,8,0
2021-08-24,8121,-171000,0,-8,-171008,-8,0
2021-08-25,8121,85000,0,0,85000,0,0
2021-08-26,8121,24000,0,0,24000,0,0
2021-08-27,8121,-80000,0,0,-80000,0,0
2021-08-30,8121,-1000,0,0,-1000,0,0
2021-08-31,8121,37000,0,0,37000,0,0
2021-09-01,8121,25000,0,0,25000,0,0
2021-09-02,8121,453000,0,0,453000,0,0
2021-09-03,8121,779000,0,224564,1003564,0,224564
2021-09-06,8121,226000,0,290603,516603,0,290603
2021-09-07,8121,-264000,0,85000,-179000,0,85000
2021-09-08,8121,334000,0,-2000,332000,0,-2000
2021-09-09,8121,289000,0,254000,543000,0,254000
2021-09-10,8121,-24000,0,188000,164000,50000,138000
2021-09-13,8121,12000,0,98000,110000,0,98000
2021-09-14,8121,102000,0,160000,262000,0,160000
2021-09-15,8121,-105000,0,480000,375000,0,480000
2021-09-16,8121,853000,0,-19000,834000,1000,-20000
2021-09-17,8121,-18000,0,-68000,-86000,-51000,-17000
2021-09-22,8121,118000,0,187000,305000,0,187000
2021-09-23,8121,16000,0,115000,131000,0,115000
2021-09-24,8121,-70000,0,-8000,-78000,0,-8000
2021-09-27,8121,11000,0,-3000,8000,0,-3000
2021-09-28,8121,163500,0,73000,236500,40000,33000
2021-09-29,8121,-145000,0,10000,-135000,0,10000
2021-09-30,8121,-4000,0,159000,155000,40000,119000
2021-10-01,8121,-8000,0,-41000,-49000,-80000,39000
2021-10-04,8121,-100000,0,-125000,-225000,0,-125000
2021-10-05,8121,-154000,0,79000,-75000,0,79000
2021-10-06,8121,-86000,0,209000,123000,0,209000
2021-10-07,8121,-12000,0,120000,108000,0,120000
2021-10-08,8121,1316000,0,-235088,1080912,0,-235088
2021-10-12,8121,-1437000,0,-227666,-1664666,0,-227666
2021-10-13,8121,-1096000,0,-143488,-1239488,0,-143488
2021-10-14,8121,-1714000,0,-487453,-2201453,0,-487453
2021-10-15,8121,-99000,0,-48255,-147255,0,-48255
2021-10-18,8121,-568000,0,-150797,-718797,0,-150797
2021-10-19,8121,308000,0,90348,398348,-3000,93348
2021-10-20,8121,-796000,0,18068,-777932,0,18068
2021-10-21,8121,242000,0,40000,282000,0,40000
2021-10-22,8121,-12000,0,40000,28000,0,40000
2021-10-25,8121,206000,0,4000,210000,0,4000
2021-10-26,8121,137000,0,7000,144000,0,7000
2021-10-27,8121,44000,0,18000,62000,0,18000
2021-10-28,8121,146000,0,3000,149000,0,3000
2021-10-29,8121,11000,0,10000,21000,0,10000
2021-11-01,8121,67000,0,-31000,36000,3000,-34000
2021-11-02,8121,117000,0,-96000,21000,0,-96000
2021-11-03,8121,-87000,0,15000,-72000,0,15000
2021-11-04,8121,2811000,0,-205000,2606000,0,-205000
2021-11-05,8121,-3094982,0,-111553,-3206535,0,-111553
2021-11-08,8121,377982,0,-27819,350163,0,-27819
2021-11-09,8121,-516000,0,22610,-493390,0,22610
2021-11-10,8121,-370000,0,878,-369122,0,878
2021-11-11,8121,55000,0,0,55000,0,0
2021-11-12,8121,40000,0,37000,77000,0,37000
2021-11-15,8121,248000,0,21000,269000,0,21000
2021-11-16,8121,457000,0,8000,465000,0,8000
2021-11-17,8121,444000,0,2000,446000,0,2000
2021-11-18,8121,71000,0,0,71000,0,0
2021-11-19,8121,-10000,0,30000,20000,0,30000
2021-11-22,8121,12000,0,-1000,11000,0,-1000
2021-11-23,8121,-4000,0,3000,-1000,0,3000
2021-11-24,8121,26000,0,37000,63000,0,37000
2021-11-25,8121,7000,0,58000,65000,0,58000
2021-11-26,8121,1000,0,232000,233000,0,232000
2021-11-29,8121,-52000,0,-236372,-288372,0,-236372
2021-11-30,8121,-564000,0,-160186,-724186,0,-160186
2021-12-01,8121,-183000,0,42000,-141000,0,42000
2021-12-02,8121,-38000,0,-46000,-84000,0,-46000
2021-12-03,8121,253000,0,0,253000,0,0
2021-12-06,8121,144000,0,0,144000,0,0
2021-12-07,8121,226999,0,0,226999,0,0
2021-12-08,8121,125000,0,-9000,116000,0,-9000
2021-12-09,8121,177000,0,-20000,157000,0,-20000
2021-12-10,8121,131000,0,-6000,125000,0,-6000
2021-12-13,8121,203000,0,-2000,201000,0,-2000
2021-12-14,8121,59000,0,-8000,51000,0,-8000
2021-12-15,8121,-137000,0,0,-137000,0,0
2021-12-16,8121,-67000,0,-33000,-100000,0,-33000
2021-12-17,8121,-42000,0,-13000,-55000,0,-13000
2021-12-20,8121,34000,0,0,34000,0,0
2021-12-21,8121,-102000,0,145000,43000,0,145000
2021-12-22,8121,-25000,0,12000,-13000,0,12000
2021-12-23,8121,25000,0,17000,42000,0,17000
2021-12-24,8121,20000,0,40000,60000,0,40000
2021-12-27,8121,4000,0,89000,93000,0,89000
2021-12-28,8121,60000,0,-299464,-239464,0,-299464
2021-12-29,8121,-217000,0,-6932,-223932,0,-6932
2021-12-30,8121,-81000,0,-2740,-83740,0,-2740
2022-01-03,8121,-593000,0,-4641,-597641,8000,-12641
2022-01-04,8121,-298000,0,-8192,-306192,0,-8192
2022-01-05,8121,-163000,0,-10160,-173160,0,-10160
2022-01-06,8121,108000,0,30205,138205,0,30205
2022-01-07,8121,326000,0,-34282,291718,0,-34282
2022-01-10,8121,-23000,0,4644,-18356,0,4644
2022-01-11,8121,-240000,10000,-9135,-239135,0,-9135
2022-01-12,8121,305000,0,-13065,291935,0,-13065
2022-01-13,8121,251000,0,-2459,248541,0,-2459
2022-01-14,8121,-852000,0,1731,-850269,0,1731
2022-01-17,8121,202000,0,52534,254534,0,52534
2022-01-18,8121,-444000,0,-12227,-456227,-8000,-4227
2022-01-19,8121,-126000,0,-25476,-151476,0,-25476
2022-01-20,8121,149000,0,-637,148363,0,-637
2022-01-21,8121,34000,0,-24793,9207,-482,-24311
2022-01-24,8121,552000,0,-31467,520533,-516,-30951
2022-01-25,8121,-515000,0,-64,-515064,0,-64
2022-01-26,8121,289000,0,-1536,287464,0,-1536
2022-02-07,8121,162000,0,27998,189998,0,27998
2022-02-08,8121,-116000,0,7768,-108232,0,7768
2022-02-09,8121,371000,0,42808,413808,0,42808
2022-02-10,8121,-211000,0,-511,-211511,0,-511
2022-02-11,8121,132000,0,19,132019,0,19
2022-02-14,8121,-321000,0,-37043,-358043,0,-37043
2022-02-15,8121,-81999,0,-148,-82147,0,-148
2022-02-16,8121,277000,0,622,277622,0,622
2022-02-17,8121,-398000,0,222,-397778,0,222
2022-02-18,8121,-1000,0,-3,-1003,0,-3
2022-02-21,8121,-15000,0,0,-15000,0,0
2022-02-22,8121,-119000,0,-33908,-152908,0,-33908
2022-02-23,8121,67000,0,-8045,58955,0,-8045
2022-02-24,8121,421000,-10000,-23968,387032,0,-23968
2022-02-25,8121,399000,0,15553,414553,0,15553
2022-03-01,8121,234500,0,19940,254440,0,19940
2022-03-02,8121,-84000,0,201,-83799,0,201
2022-03-03,8121,187000,0,26,187026,0,26
2022-03-04,8121,-172000,0,-71,-172071,0,-71
2022-03-07,8121,446000,0,-107700,338300,0,-107700
2022-03-08,8121,1017000,0,-71282,945718,0,-71282
2022-03-09,8121,122000,0,-6969,115031,0,-6969
2022-03-10,8121,-603000,0,20873,-582127,0,20873
2022-03-11,8121,39000,0,-19566,19434,0,-19566
2022-03-14,8121,323500,0,-46245,277255,0,-46245
2022-03-15,8121,416000,0,-64189,351811,0,-64189
2022-03-16,8121,499000,0,-89,498911,0,-89
2022-03-17,8121,-28500,0,80525,52025,35000,45525
2022-03-18,8121,-2169000,0,57069,-2111931,0,57069
2022-03-21,8121,-357000,0,-14070,-371070,0,-14070
2022-03-22,8121,-83000,0,38208,-44792,15000,23208
2022-03-23,8121,-275000,0,3455,-271545,0,3455
2022-03-24,8121,88000,0,264,88264,0,264
2022-03-25,8121,-320000,0,5209,-314791,0,5209
2022-03-28,8121,34000,0,23891,57891,-50000,73891
2022-03-29,8121,-251000,0,4992,-246008,0,4992
2022-03-30,8121,558000,0,-23085,534915,0,-23085
2022-03-31,8121,-838000,0,48709,-789291,0,48709
2022-04-01,8121,-348500,0,-50113,-398613,0,-50113
2022-04-06,8121,-49000,0,-19869,-68869,0,-19869
2022-04-07,8121,-219000,0,-32757,-251757,0,-32757
2022-04-08,8121,54000,0,15649,69649,0,15649
2022-04-11,8121,39000,0,-137008,-98008,0,-137008
2022-04-12,8121,-21000,0,-41963,-62963,0,-41963
2022-04-13,8121,-4000,0,18819,14819,0,18819
2022-04-14,8121,0,0,-8536,-8536,0,-8536
2022-04-15,8121,-197000,0,-59439,-256439,0,-59439
2022-04-18,8121,123000,0,-21599,101401,0,-21599
2022-04-19,8121,-31000,0,-5142,-36142,0,-5142
2022-04-20,8121,23000,0,2575,25575,0,2575
2022-04-21,8121,-12000,0,738,-11262,0,738
2022-04-22,8121,-88000,0,-14292,-102292,0,-14292
2022-04-25,8121,-34000,0,-77003,-111003,0,-77003
2022-04-26,8121,14000,0,-2861,11139,0,-2861
2022-04-27,8121,622861,0,-57275,565586,0,-57275
2022-04-28,8121,81000,0,-1536,79464,0,-1536
2022-04-29,8121,29000,0,998,29998,0,998
2022-05-03,8121,190000,0,-201,189799,0,-201
2022-05-04,8121,1000,0,-1111,-111,0,-1111
2022-05-05,8121,68000,0,1949,69949,0,1949
2022-05-06,8121,-193000,0,949,-192051,0,949
2022-05-09,8121,-146000,0,-5004,-151004,0,-5004
2022-05-10,8121,372000,0,-14773,357227,0,-14773
2022-05-11,8121,173000,0,3896,176896,0,3896
2022-05-12,8121,85000,0,-8193,76807,0,-8193
2022-05-13,8121,104000,0,-2212,101788,0,-2212
2022-05-16,8121,56000,0,-1044,54956,0,-1044
2022-05-17,8121,334000,0,-7253,326747,0,-7253
2022-05-18,8121,85139,0,10921,96060,0,10921
2022-05-19,8121,40000,0,-6002,33998,0,-6002
2022-05-20,8121,-62000,0,-4120,-66120,0,-4120
2022-05-23,8121,61000,0,867,61867,0,867
2022-05-24,8121,20000,0,-23186,-3186,0,-23186
2022-05-25,8121,121000,0,-1000,120000,0,-1000
2022-05-26,8121,40000,0,-1036,38964,0,-1036
2022-05-27,8121,99000,0,6000,105000,0,6000
2022-05-30,8121,118000,0,5002,123002,0,5002
2022-05-31,8121,-67000,0,2000,-65000,0,2000
2022-06-01,8121,-74000,0,3949,-70051,0,3949
2022-06-02,8121,-2000,0,-389,-2389,0,-389
2022-06-06,8121,42000,0,-1221,40779,0,-1221
2022-06-07,8121,132000,0,4000,136000,0,4000
2022-06-08,8121,-19000,0,9738,-9262,0,9738
2022-06-09,8121,-1285000,0,134912,-1150088,0,134912
2022-06-10,8121,-213000,0,-41494,-254494,0,-41494
2022-06-13,8121,-192900,0,-77155,-270055,0,-77155
2022-06-14,8121,-248500,0,34243,-214257,0,34243
2022-06-15,8121,-217900,0,1793,-216107,0,1793
2022-06-16,8121,78200,0,-11858,66342,0,-11858
2022-06-17,8121,85000,0,-37697,47303,0,-37697
2022-06-20,8121,-358900,0,-3197,-362097,0,-3197
2022-06-21,8121,-234000,0,10232,-223768,0,10232
2022-06-22,8121,-123000,0,-7564,-130564,0,-7564
2022-06-23,8121,-97000,0,-2103,-99103,0,-2103
2022-06-24,8121,-5000,0,8350,3350,0,8350
2022-06-27,8121,-2000,0,-1562,-3562,0,-1562
2022-06-28,8121,24000,0,187,24187,0,187
2022-06-29,8121,7000,0,-425,6575,0,-425
2022-06-30,8121,-27000,0,-8078,-35078,0,-8078
2022-07-01,8121,-146000,0,-5013,-151013,0,-5013
2022-07-04,8121,-39000,0,430,-38570,0,430
2022-07-05,8121,13000,0,-1999,11001,1,-2000
2022-07-06,8121,-84000,0,-6398,-90398,0,-6398
2022-07-07,8121,103000,0,1982,104982,0,1982
2022-07-08,8121,-20000,0,-1231,-21231,0,-1231
2022-07-11,8121,120000,0,-2007,117993,0,-2007
2022-07-12,8121,88000,0,-1,87999,0,-1
2022-07-13,8121,-24000,0,2000,-22000,0,2000
2022-07-14,8121,-317000,0,18000,-299000,0,18000
2022-07-15,8121,197000,0,56000,253000,0,56000
2022-07-18,8121,206000,0,-36000,170000,0,-36000
2022-07-19,8121,53000,0,48000,101000,0,48000
2022-07-20,8121,58000,0,-47000,11000,0,-47000
2022-07-21,8121,236000,0,-1000,235000,0,-1000
2022-07-22,8121,-42000,0,49945,7945,0,49945
2022-07-25,8121,293000,0,-45060,247940,0,-45060
2022-07-26,8121,-201000,0,-2005,-203005,0,-2005
2022-07-27,8121,19000,0,-2057,16943,0,-2057
2022-07-28,8121,-220000,0,0,-220000,0,0
2022-07-29,8121,15000,0,-10154,4846,0,-10154
2022-08-01,8121,-15000,0,972,-14028,0,972
2022-08-02,8121,-286000,0,-4131,-290131,0,-4131
2022-08-03,8121,-53900,0,-5788,-59688,0,-5788
2022-08-04,8121,11000,0,-5144,5856,0,-5144
2022-08-05,8121,65000,0,-1137,63863,0,-1137
2022-08-08,8121,16000,0,-1002,14998,0,-1002
2022-08-09,8121,38000,0,-3113,34887,0,-3113
2022-08-10,8121,121000,0,34860,155860,0,34860
2022-08-11,8121,-17000,0,11844,-5156,0,11844
2022-08-12,8121,135000,0,11000,146000,0,11000
2022-08-15,8121,66000,0,0,66000,0,0
2022-08-16,8121,87000,0,-29000,58000,0,-29000
2022-08-17,8121,113000,0,138109,251109,0,138109
2022-08-18,8121,-131000,0,-53003,-184003,0,-53003
2022-08-19,8121,-161000,0,-22600,-183600,0,-22600
2022-08-22,8121,-112000,0,-2001,-114001,0,-2001
2022-08-23,8121,-11000,0,-2162,-13162,-1,-2161
2022-08-24,8121,-20000,0,-3092,-23092,0,-3092
2022-08-25,8121,94000,0,-1000,93000,0,-1000
2022-08-26,8121,290000,0,-5000,285000,0,-5000
2022-08-29,8121,-330000,0,-4602,-334602,0,-4602
2022-08-30,8121,-52000,0,-5022,-57022,0,-5022
2022-08-31,8121,56000,0,-2190,53810,0,-2190
2022-09-01,8121,-162000,0,-250,-162250,0,-250
2022-09-02,8121,70000,0,1000,71000,0,1000
2022-09-05,8121,-64000,0,23595,-40405,0,23595
2022-09-06,8121,-6000,0,-45788,-51788,0,-45788
2022-09-07,8121,-7000,0,-6000,-13000,0,-6000
2022-09-08,8121,78000,0,56883,134883,0,56883
2022-09-12,8121,-120000,0,-60171,-180171,0,-60171
2022-09-13,8121,23000,0,3587,26587,0,3587
2022-09-14,8121,36000,0,-4000,32000,0,-4000
2022-09-15,8121,-79000,0,-2000,-81000,0,-2000
2022-09-16,8121,-22500,0,-3000,-25500,0,-3000
2022-09-19,8121,-45000,0,-17962,-62962,0,-17962
2022-09-20,8121,2670,0,-1714,956,0,-1714
2022-09-21,8121,-36000,0,-339,-36339,0,-339
2022-09-22,8121,158000,0,45879,203879,0,45879
2022-09-23,8121,-157000,0,-32648,-189648,0,-32648
2022-09-26,8121,31000,0,21190,52190,0,21190
2022-09-27,8121,85000,0,87000,172000,0,87000
2022-09-28,8121,-145000,0,-17634,-162634,0,-17634
2022-09-29,8121,-74000,0,-87241,-161241,0,-87241
2022-09-30,8121,58000,0,0,58000,0,0
2022-10-03,8121,89000,0,132999,221999,0,132999
2022-10-04,8121,-76000,0,-90001,-166001,0,-90001
2022-10-05,8121,45000,0,-40000,5000,0,-40000
2022-10-06,8121,-31000,0,-9000,-40000,0,-9000
2022-10-07,8121,-25000,0,-1000,-26000,0,-1000
2022-10-11,8121,-154000,0,-6566,-160566,0,-6566
2022-10-12,8121,-42000,0,-9780,-51780,0,-9780
2022-10-13,8121,-38000,0,-17868,-55868,0,-17868
2022-10-14,8121,115000,0,-2574,112426,0,-2574
2022-10-17,8121,325000,0,-7239,317761,0,-7239
2022-10-18,8121,-119000,0,-5001,-124001,0,-5001
2022-10-19,8121,-65500,0,0,-65500,0,0
2022-10-20,8121,4000,0,20000,24000,0,20000
2022-10-21,8121,-43000,0,-8181,-51181,0,-8181
2022-10-24,8121,-50000,0,-16000,-66000,0,-16000
2022-10-25,8121,43000,0,-1925,41075,0,-1925
2022-10-26,8121,33500,0,-1155,32345,0,-1155
2022-10-27,8121,31000,0,-7,30993,0,-7
2022-10-28,8121,-51000,0,-24669,-75669,0,-24669
2022-10-31,8121,55000,0,-79,54921,0,-79
2022-11-01,8121,-87000,0,-1174,-88174,0,-1174
2022-11-02,8121,163000,0,0,163000,0,0
2022-11-03,8121,74000,0,-1,73999,0,-1
2022-11-04,8121,-44000,0,0,-44000,0,0
2022-11-07,8121,-40000,0,0,-40000,0,0
2022-11-08,8121,56000,0,191,56191,0,191
2022-11-09,8121,-2000,0,0,-2000,0,0
2022-11-10,8121,5000,0,-2,4998,0,-2
2022-11-11,8121,22500,0,0,22500,0,0
2022-11-14,8121,357000,0,0,357000,0,0
2022-11-15,8121,-117000,0,0,-117000,0,0
2022-11-16,8121,-100000,0,-2187,-102187,0,-2187
2022-11-17,8121,147000,0,-122,146878,0,-122
2022-11-18,8121,-37000,0,2000,-35000,0,2000
2022-11-21,8121,-23000,0,-96,-23096,0,-96
2022-11-22,8121,-133000,0,10223,-122777,0,10223
2022-11-23,8121,-359000,0,-126,-359126,0,-126
2022-11-24,8121,-71000,0,-1,-71001,0,-1
2022-11-25,8121,-26000,0,-545,-26545,0,-545
2022-11-28,8121,-121000,0,-260,-121260,0,-260
2022-11-29,8121,375500,0,8965,384465,-35,9000
2022-11-30,8121,-34000,0,-3000,-37000,0,-3000
2022-12-01,8121,-257000,0,7342,-249658,-343,7685
2022-12-02,8121,-173450,0,999,-172451,0,999
2022-12-05,8121,-75000,0,999,-74001,0,999
2022-12-06,8121,48000,0,-4562,43438,0,-4562
2022-12-07,8121,13800,0,-9433,4367,0,-9433
2022-12-08,8121,4000,0,-35,3965,0,-35
2022-12-09,8121,-78000,0,-5136,-83136,0,-5136
2022-12-12,8121,2000,0,723,2723,0,723
2022-12-13,8121,-62000,0,-97,-62097,0,-97
2022-12-14,8121,108000,0,8999,116999,0,8999
2022-12-15,8121,-35000,0,-33,-35033,0,-33
2022-12-16,8121,-57000,0,-188,-57188,0,-188
2022-12-19,8121,54000,0,-8019,45981,0,-8019
2022-12-20,8121,-169000,0,-8102,-177102,0,-8102
2022-12-21,8121,29000,0,-21,28979,0,-21
2022-12-22,8121,2000,0,-131,1869,0,-131
2022-12-23,8121,22000,0,-2051,19949,0,-2051
2022-12-26,8121,69000,0,-22,68978,0,-22
2022-12-27,8121,-50000,0,-1,-50001,0,-1
2022-12-28,8121,-8000,0,-34,-8034,0,-34
2022-12-29,8121,44000,0,7371,51371,0,7371
2022-12-30,8121,-35000,0,-394,-35394,0,-394
2023-01-03,8121,40000,0,-302,39698,0,-302
2023-01-04,8121,49000,0,-185,48815,0,-185
2023-01-05,8121,25000,0,-2000,23000,0,-2000
2023-01-06,8121,4000,0,2000,6000,0,2000
2023-01-09,8121,-58000,0,16000,-42000,0,16000
2023-01-10,8121,-12000,0,-5134,-17134,0,-5134
2023-01-11,8121,26000,0,-137001,-111001,0,-137001
2023-01-12,8121,77000,0,-133299,-56299,0,-133299
2023-01-13,8121,-2000,0,-120816,-122816,0,-120816
2023-01-16,8121,69000,0,-53204,15796,0,-53204
2023-01-17,8121,32000,0,-60557,-28557,0,-60557
2023-01-30,8121,98800,0,-498796,-399996,0,-498796
2023-01-31,8121,239000,0,653562,892562,-125000,778562
2023-02-01,8121,-304000,0,105681,-198319,0,105681
2023-02-02,8121,2000,0,-30,1970,0,-30
2023-02-03,8121,-160000,0,2000,-158000,-45000,47000
2023-02-06,8121,-130000,0,-8771,-138771,-8000,-771
2023-02-07,8121,49600,0,-12059,37541,-25000,12941
2023-02-08,8121,-43000,0,47987,4987,0,47987
2023-02-09,8121,313455,0,14000,327455,-45000,59000
2023-02-10,8121,-190000,0,7997,-182003,-7000,14997
2023-02-13,8121,-69500,0,-27443,-96943,-25000,-2443
2023-02-14,8121,14612,0,39118,53730,-11000,50118
2023-02-15,8121,-68819,0,-57491,-126310,-76000,18509
2023-02-16,8121,299000,0,29000,328000,-33000,62000
2023-02-17,8121,-120000,0,20000,-100000,-50000,70000
2023-02-20,8121,436000,0,-15000,421000,0,-15000
2023-02-21,8121,-761000,0,-3679,-764679,0,-3679
2023-02-22,8121,-47631,0,60000,12369,0,60000
2023-02-23,8121,-53000,0,-13458,-66458,0,-13458
2023-02-24,8121,-30000,0,-23001,-53001,0,-23001
2023-03-01,8121,4000,0,76886,80886,0,76886
2023-03-02,8121,90001,0,-61000,29001,0,-61000
2023-03-03,8121,-17000,0,19000,2000,0,19000
2023-03-06,8121,92000,0,23000,115000,0,23000
2023-03-07,8121,-67000,0,67998,998,0,67998
2023-03-08,8121,-96000,0,-28000,-124000,0,-28000
2023-03-09,8121,-80900,0,-10598,-91498,0,-10598
2023-03-10,8121,-66000,0,-17010,-83010,0,-17010
2023-03-13,8121,90000,0,-3254,86746,0,-3254
2023-03-14,8121,-16000,0,8955,-7045,0,8955
2023-03-15,8121,-64000,0,3716,-60284,0,3716
2023-03-16,8121,304000,0,-7255,296745,0,-7255
2023-03-17,8121,-84000,0,-4001,-88001,0,-4001
2023-03-20,8121,10000,0,-10006,-6,0,-10006
2023-03-21,8121,658525,0,134999,793524,0,134999
2023-03-22,8121,-182699,0,-71000,-253699,0,-71000
2023-03-23,8121,48000,0,-3000,45000,0,-3000
2023-03-24,8121,248000,0,288000,536000,0,288000
2023-03-27,8121,-698760,0,-163419,-862179,0,-163419
2023-03-28,8121,501000,0,406990,907990,0,406990
2023-03-29,8121,-527000,0,-307526,-834526,0,-307526
2023-03-30,8121,-153000,0,-41023,-194023,0,-41023
2023-03-31,8121,-61000,0,-142000,-203000,0,-142000
2023-04-06,8121,88400,0,248444,336844,0,248444
2023-04-07,8121,-55000,0,-234515,-289515,0,-234515
2023-04-10,8121,7000,0,-14083,-7083,0,-14083
2023-04-11,8121,81000,0,46970,127970,0,46970
2023-04-12,8121,11000,0,-49000,-38000,0,-49000
2023-04-13,8121,-157000,0,-20240,-177240,0,-20240
2023-04-14,8121,441000,0,-66475,374525,0,-66475
2023-04-17,8121,-938000,0,14423,-923577,0,14423
2023-04-18,8121,226000,0,10710,236710,0,10710
2023-04-19,8121,-207000,0,-7856,-214856,0,-7856
2023-04-20,8121,-184000,0,-7074,-191074,0,-7074
2023-04-21,8121,132000,0,-22751,109249,0,-22751
2023-04-24,8121,192000,0,228989,420989,0,228989
2023-04-25,8121,-1000,0,-32124,-33124,0,-32124
2023-04-26,8121,-12941,0,-23002,-35943,0,-23002
2023-04-27,8121,-12000,0,-4047,-16047,0,-4047
2023-04-28,8121,424000,0,18864,442864,0,18864
2023-05-02,8121,-225000,0,-38020,-263020,0,-38020
2023-05-03,8121,279000,0,45999,324999,0,45999
2023-05-04,8121,-281000,0,-8000,-289000,0,-8000
2023-05-05,8121,-347000,0,40495,-306505,0,40495
2023-05-08,8121,-80000,0,26488,-53512,0,26488
2023-05-09,8121,-41000,0,-60198,-101198,0,-60198
2023-05-10,8121,24000,0,-16014,7986,0,-16014
2023-05-11,8121,13000,0,-23646,-10646,0,-23646
2023-05-12,8121,31000,0,6564,37564,0,6564
2023-05-15,8121,46000,0,-870,45130,0,-870
2023-05-16,8121,56000,0,8950,64950,0,8950
2023-05-17,8121,189000,0,-405,188595,0,-405
2023-05-18,8121,0,0,30836,30836,0,30836
2023-05-19,8121,195000,0,5981,200981,0,5981
2023-05-22,8121,58000,156000,-180,213820,0,-180
2023-05-23,8121,251000,134000,170000,555000,0,170000
2023-05-24,8121,413000,0,-92,412908,0,-92
2023-05-25,8121,-98000,0,237000,139000,0,237000
2023-05-26,8121,-93000,-17000,25120,-84880,0,25120
2023-05-29,8121,86000,-14000,6820,78820,0,6820
2023-05-30,8121,-37000,-2000,-37587,-76587,0,-37587
2023-05-31,8121,5000,0,59990,64990,0,59990
2023-06-01,8121,17000,0,9000,26000,0,9000
2023-06-02,8121,61000,0,3000,64000,0,3000
2023-06-05,8121,249000,0,35000,284000,0,35000
2023-06-06,8121,77000,0,7000,84000,0,7000
2023-06-07,8121,39000,-5000,0,34000,0,0
2023-06-08,8121,8000,0,-13000,-5000,0,-13000
2023-06-09,8121,-4000,0,-11008,-15008,0,-11008
2023-06-12,8121,-45000,0,-10161,-55161,0,-10161
2023-06-13,8121,-14000,0,-16000,-30000,0,-16000
2023-06-14,8121,-19000,0,-246564,-265564,0,-246564
2023-06-15,8121,-24000,0,-12000,-36000,0,-12000
2023-06-16,8121,65000,-6000,-9162,49838,0,-9162
2023-06-19,8121,83000,-7000,0,76000,0,0
2023-06-20,8121,88000,-7000,-5054,75946,0,-5054
2023-06-21,8121,25000,-7000,0,18000,0,0
2023-06-26,8121,45658,-7000,112002,150660,0,112002
2023-06-27,8121,-5000,-10000,97129,82129,0,97129
2023-06-28,8121,24000,-107000,18000,-65000,0,18000
2023-06-29,8121,8000,-101000,-118691,-211691,0,-118691
2023-06-30,8121,29000,0,51000,80000,0,51000
2023-07-03,8121,16000,0,56,16056,0,56
2023-07-04,8121,11000,0,-1000,10000,0,-1000
2023-07-05,8121,16000,0,-24437,-8437,0,-24437
2023-07-06,8121,26000,0,-130,25870,0,-130
2023-07-07,8121,20000,0,-15000,5000,0,-15000
2023-07-10,8121,-22000,0,1063,-20937,0,1063
2023-07-11,8121,-6000,0,6556,556,0,6556
2023-07-12,8121,-9000,0,1161,-7839,0,1161
2023-07-13,8121,0,0,-8000,-8000,0,-8000
2023-07-14,8121,2000,0,-49979,-47979,0,-49979
2023-07-17,8121,12500,0,-22000,-9500,0,-22000
2023-07-18,8121,6000,0,-54553,-48553,0,-54553
2023-07-19,8121,4000,0,-208346,-204346,0,-208346
2023-07-20,8121,-2000,0,-25334,-27334,0,-25334
2023-07-21,8121,44000,0,-114227,-70227,0,-114227
2023-07-24,8121,-5000,0,-45470,-50470,0,-45470
2023-07-25,8121,37000,0,-22384,14616,0,-22384
2023-07-26,8121,107000,0,-18050,88950,0,-18050
2023-07-27,8121,34000,0,-335,33665,0,-335
2023-07-28,8121,10000,0,0,10000,0,0
2023-07-31,8121,47000,0,-223,46777,0,-223
2023-08-01,8121,52000,0,-7000,45000,0,-7000
2023-08-02,8121,-19000,0,-21104,-40104,0,-21104
2023-08-04,8121,18000,0,-12420,5580,0,-12420
2023-08-07,8121,3000,0,0,3000,0,0
2023-08-08,8121,8000,0,-3000,5000,0,-3000
2023-08-09,8121,55795,0,-52241,3554,0,-52241
2023-08-10,8121,19000,0,-41058,-22058,0,-41058
2023-08-11,8121,58000,0,-72851,-14851,0,-72851
2023-08-14,8121,40000,0,-27658,12342,0,-27658
2023-08-15,8121,53000,0,-2200,50800,0,-2200
2023-08-16,8121,11000,0,-1,10999,0,-1
2023-08-17,8121,68000,0,-1,67999,0,-1
2023-08-18,8121,8000,0,-838,7162,0,-838
2023-08-21,8121,19000,0,-240,18760,0,-240
2023-08-22,8121,-5000,0,-2384,-7384,0,-2384
2023-08-23,8121,31000,0,-10352,20648,0,-10352
2023-08-24,8121,36000,0,-4009,31991,0,-4009
2023-08-25,8121,43000,0,-13022,29978,0,-13022
2023-08-28,8121,-4000,0,-2164,-6164,0,-2164
2023-08-29,8121,-2000,0,-3000,-5000,0,-3000
2023-08-30,8121,25000,0,-2,24998,0,-2
2023-08-31,8121,24000,0,-147,23853,1,-148
2023-09-01,8121,44000,0,-13044,30956,-1,-13043
2023-09-04,8121,-30000,0,-8994,-38994,0,-8994
2023-09-05,8121,-2000,0,0,-2000,0,0
2023-09-06,8121,1000,0,0,1000,0,0
2023-09-07,8121,-5000,0,-1000,-6000,0,-1000
2023-09-08,8121,-3000,0,-10,-3010,0,-10
2023-09-11,8121,51000,0,-1010,49990,0,-1010
2023-09-12,8121,59000,0,-10,58990,0,-10
2023-09-13,8121,61000,0,-1010,59990,0,-1010
2023-09-14,8121,-4000,0,0,-4000,0,0
2023-09-15,8121,-3000,0,0,-3000,0,0
2023-09-18,8121,3000,0,0,3000,0,0
2023-09-19,8121,158000,0,0,158000,0,0
2023-09-20,8121,8000,0,0,8000,0,0
2023-09-21,8121,1000,0,0,1000,0,0
2023-09-22,8121,14000,0,0,14000,0,0
2023-09-25,8121,26000,0,0,26000,0,0
2023-09-26,8121,66000,0,-8000,58000,0,-8000
2023-09-27,8121,23000,0,-16099,6901,0,-16099
2023-09-28,8121,23000,0,0,23000,0,0
2023-10-02,8121,1000,0,-5000,-4000,0,-5000
2023-10-03,8121,5000,0,-1379,3621,0,-1379
2023-10-04,8121,69000,0,-5506,63494,0,-5506
2023-10-05,8121,2648,0,-35698,-33050,0,-35698
2023-10-06,8121,0,0,-1375,-1375,0,-1375
2023-10-11,8121,64000,0,-82,63918,0,-82
2023-10-12,8121,19000,0,-263,18737,0,-263
2023-10-13,8121,1000,0,-1060,-60,0,-1060
2023-10-16,8121,-1000,0,-402,-1402,0,-402
2023-10-17,8121,2000,0,-941,1059,0,-941
2023-10-18,8121,16604,0,-1491,15113,0,-1491
2023-10-19,8121,7000,0,0,7000,0,0
2023-10-20,8121,9000,0,-86,8914,0,-86
2023-10-23,8121,30000,0,28,30028,0,28
2023-10-24,8121,12994,0,-645,12349,0,-645
2023-10-25,8121,36000,0,0,36000,0,0
2023-10-26,8121,25000,0,-500,24500,0,-500
2023-10-27,8121,44000,0,0,44000,0,0
2023-10-30,8121,6000,0,0,6000,0,0
2023-10-31,8121,4000,0,-100,3900,0,-100
2023-11-01,8121,3000,0,-256,2744,0,-256
2023-11-02,8121,10000,0,0,10000,0,0
2023-11-03,8121,33000,0,-113,32887,0,-113
2023-11-06,8121,-21000,0,-1,-21001,0,-1
2023-11-07,8121,-48000,0,-2,-48002,0,-2
2023-11-08,8121,-70000,0,-544,-70544,0,-544
2023-11-09,8121,-83000,0,-1063,-84063,0,-1063
2023-11-10,8121,2000,0,0,2000,0,0
2023-11-13,8121,24000,0,-36431,-12431,0,-36431
2023-11-14,8121,42000,0,0,42000,0,0
2023-11-15,8121,41000,0,0,41000,0,0
2023-11-16,8121,6000,0,0,6000,0,0
2023-11-17,8121,-16000,0,0,-16000,0,0
2023-11-20,8121,7000,0,0,7000,0,0
2023-11-21,8121,12000,0,0,12000,0,0
2023-11-22,8121,88000,0,0,88000,0,0
2023-11-23,8121,-140000,0,-2000,-142000,0,-2000
2023-11-24,8121,53000,0,0,53000,0,0
2023-11-27,8121,-50156,0,-11000,-61156,0,-11000
2023-11-28,8121,14000,0,1000,15000,0,1000
2023-11-29,8121,8000,0,0,8000,0,0
2023-11-30,8121,16000,0,0,16000,0,0
2023-12-01,8121,6000,0,0,6000,0,0
2023-12-04,8121,-7000,0,-9213,-16213,0,-9213
2023-12-05,8121,-32000,0,-15000,-47000,0,-15000
2023-12-06,8121,-7000,0,-11099,-18099,0,-11099
2023-12-07,8121,-9000,0,-16479,-25479,0,-16479
2023-12-08,8121,16000,0,0,16000,0,0
2023-12-11,8121,12000,0,0,12000,0,0
2023-12-12,8121,14742,0,0,14742,0,0
2023-12-13,8121,36104,0,0,36104,0,0
2023-12-14,8121,20000,0,0,20000,0,0
2023-12-15,8121,-20000,0,0,-20000,0,0
2023-12-18,8121,-22000,0,0,-22000,0,0
2023-12-19,8121,-12907,0,0,-12907,0,0
2023-12-20,8121,-3000,0,0,-3000,0,0
2023-12-21,8121,15000,0,0,15000,0,0
2023-12-22,8121,24000,0,0,24000,0,0
2023-12-25,8121,-5000,0,0,-5000,0,0
2023-12-26,8121,11000,0,0,11000,0,0
2023-12-27,8121,6000,0,0,6000,0,0
2023-12-28,8121,7272,0,0,7272,0,0
2023-12-29,8121,29000,0,0,29000,0,0
2024-01-02,8121,0,0,0,0,0,0
2024-01-03,8121,-4000,0,-11000,-15000,0,-11000
2024-01-04,8121,-9000,0,-737,-9737,0,-737
2024-01-05,8121,-18000,0,0,-18000,0,0
2024-01-08,8121,-6000,0,0,-6000,0,0
2024-01-09,8121,-18000,0,0,-18000,0,0
2024-01-10,8121,-15000,0,0,-15000,0,0
2024-01-11,8121,-7000,0,0,-7000,0,0
2024-01-12,8121,6000,0,0,6000,0,0
2024-01-15,8121,11000,0,0,11000,0,0
2024-01-16,8121,-3000,0,0,-3000,0,0
2024-01-17,8121,-6000,0,0,-6000,0,0
2024-01-18,8121,12000,0,0,12000,0,0
2024-01-19,8121,-27000,0,0,-27000,0,0
2024-01-22,8121,-4000,0,0,-4000,0,0
2024-01-23,8121,11998,0,0,11998,0,0
2024-01-24,8121,32000,0,0,32000,0,0
2024-01-25,8121,10000,0,0,10000,0,0
2024-01-26,8121,3000,0,0,3000,0,0
2024-01-29,8121,3000,0,0,3000,0,0
2024-01-30,8121,-4000,0,0,-4000,0,0
2024-01-31,8121,16000,0,0,16000,0,0
2024-02-01,8121,-10000,0,0,-10000,0,0
2024-02-02,8121,17000,0,0,17000,0,0
2024-02-05,8121,-5000,0,0,-5000,0,0
2024-02-15,8121,38000,0,0,38000,0,0
2024-02-16,8121,2000,0,0,2000,0,0
2024-02-19,8121,-53000,0,0,-53000,0,0
2024-02-20,8121,-36000,0,0,-36000,0,0
2024-02-21,8121,6000,0,0,6000,0,0
2024-02-22,8121,-7000,0,0,-7000,0,0
2024-02-23,8121,-7000,0,0,-7000,0,0
2024-02-26,8121,32000,0,0,32000,0,0
2024-02-27,8121,25000,0,-1106,23894,0,-1106
2024-02-29,8121,30000,0,0,30000,0,0
2024-03-01,8121,-21000,0,0,-21000,0,0
2024-03-04,8121,3000,0,0,3000,0,0
2024-03-05,8121,3000,0,0,3000,0,0
2024-03-06,8121,-12000,0,0,-12000,0,0
2024-03-07,8121,-3000,0,0,-3000,0,0
2024-03-08,8121,-47000,0,0,-47000,0,0
2024-03-11,8121,-23000,0,0,-23000,0,0
2024-03-12,8121,6000,0,1,6001,1,0
2024-03-13,8121,-4000,0,-1,-4001,-1,0
2024-03-14,8121,3000,0,0,3000,0,0
2024-03-15,8121,11000,0,0,11000,0,0
2024-03-18,8121,1000,0,0,1000,0,0
2024-03-19,8121,15000,0,0,15000,0,0
2024-03-20,8121,88000,0,0,88000,0,0
2024-03-21,8121,104000,0,0,104000,0,0
2024-03-22,8121,105000,0,0,105000,0,0
2024-03-25,8121,299000,0,0,299000,0,0
2024-03-26,8121,-131000,0,0,-131000,0,0
2024-03-27,8121,23000,0,0,23000,0,0
2024-03-28,8121,-98000,0,0,-98000,0,0
2024-03-29,8121,89500,0,0,89500,0,0
2024-04-01,8121,-40000,0,0,-40000,0,0
2024-04-02,8121,81000,0,0,81000,0,0
2024-04-03,8121,-60000,0,0,-60000,0,0
2024-04-08,8121,-2000,0,0,-2000,0,0
2024-04-09,8121,-4000,0,0,-4000,0,0
2024-04-10,8121,287000,0,0,287000,0,0
2024-04-11,8121,-42000,0,0,-42000,0,0
2024-04-12,8121,83000,0,0,83000,0,0
2024-04-15,8121,89000,0,0,89000,0,0
2024-04-16,8121,57000,0,0,57000,0,0
2024-04-17,8121,95000,0,0,95000,0,0
2024-04-18,8121,-389000,0,0,-389000,0,0
2024-04-19,8121,-60000,0,0,-60000,0,0
2024-04-22,8121,-33867,0,0,-33867,0,0
2024-04-23,8121,-74000,0,0,-74000,0,0
2024-04-24,8121,149000,0,0,149000,0,0
2024-04-25,8121,34150,0,0,34150,0,0
2024-04-26,8121,103000,0,0,103000,0,0
2024-04-29,8121,268100,0,0,268100,0,0
2024-04-30,8121,46000,0,0,46000,0,0
2024-05-02,8121,43000,0,-30000,13000,0,-30000
2024-05-03,8121,1052100,0,0,1052100,0,0
2024-05-06,8121,197120,0,0,197120,0,0
2024-05-07,8121,-91750,0,0,-91750,0,0
2024-05-08,8121,-95000,0,0,-95000,0,0
2024-05-09,8121,-198000,0,0,-198000,0,0
2024-05-10,8121,35000,0,0,35000,0,0
2024-05-13,8121,-61000,0,0,-61000,0,0
2024-05-14,8121,30000,0,25000,55000,25000,0
2024-05-15,8121,607000,0,15000,622000,15000,0
2024-05-16,8121,110000,0,2000,112000,2000,0
2024-05-17,8121,219000,0,-17000,202000,-17000,0
2024-05-20,8121,-6000,0,0,-6000,0,0
2024-05-21,8121,532100,0,0,532100,0,0
2024-05-22,8121,-835000,0,0,-835000,0,0
2024-05-23,8121,166000,0,0,166000,0,0
2024-05-24,8121,293000,0,0,293000,0,0
2024-05-27,8121,901000,0,0,901000,0,0
2024-05-28,8121,-12000,0,0,-12000,0,0
2024-05-29,8121,79000,0,0,79000,0,0
2024-05-30,8121,402914,0,0,402914,0,0
2024-05-31,8121,229000,0,30000,259000,30000,0
2024-06-03,8121,118580,0,-30000,88580,-30000,0
2024-06-04,8121,586100,0,20000,606100,20000,0
2024-06-05,8121,251500,0,60000,311500,60000,0
2024-06-06,8121,-664250,0,37000,-627250,37000,0
2024-06-07,8121,625000,0,81000,706000,81000,0
2024-06-11,8121,-33750,0,12000,-21750,12000,0
2024-06-12,8121,302000,0,-173000,129000,-173000,0
2024-06-13,8121,150000,0,-29000,121000,-29000,0
2024-06-14,8121,119100,0,3000,122100,3000,0
2024-06-17,8121,-266100,0,0,-266100,0,0
2024-06-18,8121,-281000,0,0,-281000,0,0
2024-06-19,8121,-572970,0,0,-572970,0,0
2024-06-20,8121,-80000,0,0,-80000,0,0
2024-06-21,8121,555000,0,0,555000,0,0
2024-06-24,8121,-786000,0,-1000,-787000,-1000,0
2024-06-25,8121,-208000,0,1000,-207000,1000,0
2024-06-26,8121,-123000,0,0,-123000,0,0
2024-06-27,8121,-169000,0,0,-169000,0,0
2024-06-28,8121,18000,0,-11000,7000,-11000,0
2024-07-01,8121,-85980,0,0,-85980,0,0
2024-07-02,8121,-119000,0,-25000,-144000,-25000,0
2024-07-03,8121,-160000,0,0,-160000,0,0
2024-07-04,8121,-177000,0,0,-177000,0,0
2024-07-05,8121,430000,0,48397,478397,0,48397
2024-07-08,8121,-1108950,0,-614,-1109564,0,-614
2024-07-09,8121,140000,0,0,140000,0,0
2024-07-10,8121,-56000,0,0,-56000,0,0
2024-07-11,8121,-198999,0,0,-198999,0,0
2024-07-12,8121,-8000,0,-16000,-24000,0,-16000
2024-07-15,8121,120000,0,-2000,118000,0,-2000
2024-07-16,8121,24000,0,0,24000,0,0
2024-07-17,8121,-81000,0,-517,-81517,0,-517
2024-07-18,8121,37000,0,-271,36729,0,-271
2024-07-19,8121,167134,0,0,167134,0,0
2024-07-22,8121,557020,0,-5294,551726,0,-5294
2024-07-23,8121,33000,0,0,33000,0,0
2024-07-26,8121,108000,0,0,108000,0,0
2024-07-29,8121,126000,0,-5000,121000,0,-5000
2024-07-30,8121,117000,0,0,117000,0,0
2024-07-31,8121,-25000,0,0,-25000,0,0
2024-08-01,8121,-19000,0,0,-19000,0,0
2024-08-02,8121,-22000,0,0,-22000,0,0
2024-08-05,8121,237000,0,0,237000,0,0
2024-08-06,8121,313000,0,-3000,310000,0,-3000
2024-08-07,8121,341000,0,2958,343958,0,2958
2024-08-08,8121,-258000,0,698,-257302,0,698
2024-08-09,8121,86000,0,0,86000,0,0
2024-08-12,8121,84000,0,2000,86000,0,2000
2024-08-13,8121,10000,0,0,10000,0,0
2024-08-14,8121,115000,0,0,115000,0,0
2024-08-15,8121,-11000,0,0,-11000,0,0
2024-08-16,8121,303000,0,0,303000,0,0
2024-08-19,8121,282000,0,3800,285800,4000,-200
2024-08-20,8121,-73000,0,5000,-68000,5000,0
2024-08-21,8121,67000,0,20000,87000,0,20000
2024-08-22,8121,203000,0,29000,232000,0,29000
2024-08-23,8121,-576000,0,56640,-519360,0,56640
2024-08-26,8121,542000,0,7060,549060,6000,1060
2024-08-27,8121,-445000,0,34657,-410343,0,34657
2024-08-28,8121,160000,0,-16000,144000,0,-16000
2024-08-29,8121,106000,0,-9103,96897,-2000,-7103
2024-08-30,8121,51400,0,4816,56216,5000,-184
2024-09-02,8121,17000,0,0,17000,0,0
2024-09-03,8121,58000,0,-61,57939,0,-61
2024-09-04,8121,144000,0,-9742,134258,-6000,-3742
2024-09-05,8121,5000,0,-10475,-5475,-4000,-6475
2024-09-06,8121,-28000,0,-8006,-36006,-8000,-6
2024-09-09,8121,-57000,0,-321,-57321,0,-321
2024-09-10,8121,31000,0,-2554,28446,0,-2554
2024-09-11,8121,-13000,0,-3000,-16000,0,-3000
2024-09-12,8121,-83000,0,-186,-83186,0,-186
2024-09-13,8121,-7000,0,0,-7000,0,0
2024-09-16,8121,-243000,0,-15,-243015,0,-15
2024-09-18,8121,-49000,0,-295,-49295,0,-295
2024-09-19,8121,67000,0,0,67000,0,0
2024-09-20,8121,-86000,0,0,-86000,0,0
2024-09-23,8121,-1000,0,0,-1000,0,0
2024-09-24,8121,47000,0,-308,46692,1,-309
2024-09-25,8121,-26000,0,0,-26000,0,0
2024-09-26,8121,-123000,0,-105,-123105,-1,-104
2024-09-27,8121,114000,0,-305,113695,0,-305
2024-09-30,8121,-67981,0,-445,-68426,0,-445
2024-10-01,8121,82000,0,-11,81989,0,-11
2024-10-04,8121,-44000,0,-6140,-50140,0,-6140
2024-10-07,8121,40000,0,0,40000,0,0
2024-10-08,8121,13000,0,0,13000,0,0
2024-10-09,8121,-193000,0,-3842,-196842,0,-3842
2024-10-11,8121,32000,0,-165,31835,0,-165
2024-10-14,8121,90000,0,0,90000,0,0
2024-10-15,8121,-94000,0,0,-94000,0,0
2024-10-16,8121,-3000,0,1000,-2000,0,1000
2024-10-17,8121,-45000,0,11000,-34000,0,11000
2024-10-18,8121,-73000,0,-10000,-83000,0,-10000
2024-10-21,8121,7000,0,-250,6750,0,-250
2024-10-22,8121,52000,0,0,52000,0,0
2024-10-23,8121,87000,0,-1,86999,0,-1
2024-10-24,8121,25000,0,27000,52000,27000,0
2024-10-25,8121,13000,0,-20047,-7047,0,-20047
2024-10-28,8121,182000,0,-8296,173704,0,-8296
2024-10-29,8121,13000,0,-176,12824,0,-176
2024-10-30,8121,-4970,0,-11,-4981,0,-11
2024-11-01,8121,110000,0,-533,109467,0,-533
2024-11-04,8121,-43000,0,0,-43000,0,0
2024-11-05,8121,-40000,0,8000,-32000,0,8000
2024-11-06,8121,-75000,0,0,-75000,0,0
2024-11-07,8121,5000,0,0,5000,0,0
2024-11-08,8121,-174000,0,-39000,-213000,-27000,-12000
2024-11-11,8121,127000,0,0,127000,0,0
2024-11-12,8121,64000,0,-19000,45000,0,-19000
2024-11-13,8121,82000,0,0,82000,0,0
2024-11-14,8121,36000,0,0,36000,0,0
2024-11-15,8121,196000,0,0,196000,0,0
2024-11-18,8121,-27000,0,-4000,-31000,0,-4000
2024-11-19,8121,25000,0,0,25000,0,0
2024-11-20,8121,-7000,0,-1000,-8000,0,-1000
2024-11-21,8121,66000,0,0,66000,0,0
2024-11-22,8121,-14970,0,0,-14970,0,0
2024-11-25,8121,-72000,0,-3000,-75000,0,-3000
2024-11-26,8121,62000,0,-12000,50000,0,-12000
2024-11-27,8121,-322000,0,-7000,-329000,0,-7000
2024-11-28,8121,133000,0,0,133000,0,0
2024-11-29,8121,47000,0,0,47000,0,0
2024-12-02,8121,2000,0,0,2000,0,0
2024-12-03,8121,68000,0,0,68000,0,0
2024-12-04,8121,-659000,0,3203,-655797,143,3060
2024-12-05,8121,-423000,0,-5733,-428733,-143,-5590
2024-12-06,8121,-265000,0,67232,-197768,0,67232
2024-12-09,8121,-753997,0,-32055,-786052,0,-32055
2024-12-10,8121,-183000,0,-20774,-203774,0,-20774
2024-12-11,8121,-96000,0,0,-96000,0,0
2024-12-12,8121,-118000,0,0,-118000,0,0
2024-12-13,8121,13000,0,-13520,-520,0,-13520
2024-12-16,8121,-186000,0,7000,-179000,0,7000
2024-12-17,8121,107000,0,-2032,104968,0,-2032
2024-12-18,8121,62000,0,-348,61652,0,-348
2024-12-19,8121,-11000,0,0,-11000,0,0
2024-12-20,8121,168000,0,0,168000,0,0
2024-12-23,8121,138000,0,13000,151000,0,13000
2024-12-24,8121,-213000,0,-1000,-214000,0,-1000
2024-12-25,8121,-418000,0,-13909,-431909,0,-13909
2024-12-26,8121,-134000,0,-8312,-142312,0,-8312
2024-12-27,8121,-275000,0,-764,-275764,0,-764
2024-12-30,8121,1030,0,-2990,-1960,0,-2990
2024-12-31,8121,70000,0,-161,69839,0,-161
2025-01-02,8121,-1000,0,-1457,-2457,0,-1457
2025-01-03,8121,-109000,0,-3175,-112175,0,-3175
2025-01-06,8121,114000,0,-1529,112471,0,-1529
2025-01-07,8121,21000,0,-360,20640,0,-360
2025-01-08,8121,38000,0,-3,37997,0,-3
2025-01-09,8121,-117000,0,-9977,-126977,0,-9977
2025-01-10,8121,217000,0,343,217343,0,343
2025-01-13,8121,102000,0,-5710,96290,0,-5710
2025-01-14,8121,103000,0,-1,102999,0,-1
2025-01-15,8121,-27000,0,-115,-27115,0,-115
2025-01-16,8121,15000,0,9000,24000,0,9000
2025-01-17,8121,-141000,0,15,-140985,0,15
2025-01-20,8121,50000,0,188,50188,0,188
2025-01-21,8121,-92000,0,-9000,-101000,0,-9000
2025-01-22,8121,73000,0,1,73001,0,1
2025-02-03,8121,-191000,0,10361,-180639,0,10361
2025-02-04,8121,66000,0,-113,65887,0,-113
2025-02-05,8121,39000,0,-5114,33886,0,-5114
2025-02-06,8121,-603000,0,-387,-603387,0,-387
2025-02-07,8121,-19000,0,-1,-19001,0,-1
2025-02-10,8121,-6000,0,-348,-6348,0,-348
2025-02-11,8121,-41000,0,235,-40765,0,235
2025-02-12,8121,13000,0,120,13120,0,120
2025-02-13,8121,126030,0,0,126030,0,0
2025-02-14,8121,21000,0,-342,20658,0,-342
2025-02-17,8121,33000,0,531,33531,0,531
2025-02-18,8121,7000,0,0,7000,0,0
2025-02-19,8121,-3000,0,0,-3000,0,0
2025-02-20,8121,-2000,0,-305,-2305,0,-305
2025-02-21,8121,-16000,0,-1,-16001,0,-1
2025-02-24,8121,71000,0,-128,70872,0,-128
2025-02-25,8121,-15000,0,525,-14475,0,525
2025-02-26,8121,-11000,0,-1,-11001,0,-1
2025-02-27,8121,-52000,0,-573,-52573,0,-573
2025-03-03,8121,-73000,0,626,-72374,0,626
2025-03-04,8121,-36000,0,28,-35972,0,28
2025-03-05,8121,-19000,0,3124,-15876,0,3124
2025-03-06,8121,-170000,0,-2,-170002,0,-2
2025-03-07,8121,-92000,0,-8830,-100830,0,-8830
2025-03-10,8121,-28000,0,384,-27616,0,384
2025-03-11,8121,-11000,0,-65,-11065,0,-65
2025-03-12,8121,-7262,0,-158,-7420,0,-158
2025-03-13,8121,-163000,0,565,-162435,0,565
2025-03-14,8121,58000,0,-163,57837,0,-163
2025-03-17,8121,10000,0,176,10176,0,176
2025-03-18,8121,15000,0,-536,14464,0,-536
2025-03-19,8121,-110000,0,69776,-40224,0,69776
2025-03-20,8121,-103000,0,2413,-100587,0,2413
2025-03-21,8121,-104999,0,0,-104999,0,0
2025-03-24,8121,-113000,0,71015,-41985,0,71015
2025-03-25,8121,-102317,0,-98760,-201077,0,-98760
2025-03-26,8121,48000,0,-20540,27460,0,-20540
2025-03-27,8121,-84000,0,-289,-84289,0,-289
2025-03-28,8121,-372000,0,-15134,-387134,0,-15134
2025-03-31,8121,-71000,0,-672,-71672,0,-672
2025-04-01,8121,17000,0,-1,16999,0,-1
2025-04-02,8121,-55738,0,6,-55732,0,6
2025-04-07,8121,599,0,0,599,0,0
2025-04-08,8121,-63000,0,-6,-63006,0,-6
2025-04-09,8121,-9000,0,-1692,-10692,0,-1692
2025-04-10,8121,59000,0,67,59067,0,67
2025-04-11,8121,57000,0,-4231,52769,0,-4231
2025-04-14,8121,-48683,0,255,-48428,0,255
2025-04-15,8121,75000,0,561,75561,0,561
2025-04-16,8121,-50000,0,-3,-50003,0,-3
2025-04-17,8121,-8000,0,4,-7996,0,4
2025-04-18,8121,10000,0,-347,9653,0,-347
2025-04-21,8121,-54000,0,319,-53681,0,319
2025-04-22,8121,31000,0,-225,30775,0,-225
2025-04-23,8121,-10000,0,945,-9055,0,945
2025-04-24,8121,11000,0,0,11000,0,0
2025-04-25,8121,52000,0,0,52000,0,0
2025-04-28,8121,86000,0,0,86000,0,0
2025-04-29,8121,44000,0,61,44061,0,61
2025-04-30,8121,-37000,0,-55,-37055,0,-55
2025-05-02,8121,37000,0,992,37992,0,992
2025-05-05,8121,-52000,0,-379,-52379,0,-379
2025-05-06,8121,-5000,0,-1107,-6107,0,-1107
2025-05-07,8121,7000,0,-260,6740,0,-260
2025-05-08,8121,80000,0,-238,79762,0,-238
2025-05-09,8121,-87000,0,-299,-87299,0,-299
2025-05-12,8121,65000,0,100,65100,0,100
2025-05-13,8121,65000,0,-1430,63570,0,-1430
2025-05-14,8121,119000,0,461,119461,0,461
2025-05-15,8121,31000,0,75,31075,0,75
2025-05-16,8121,35000,0,-53,34947,0,-53
2025-05-19,8121,45000,0,-50,44950,0,-50
2025-05-20,8121,-28000,0,742,-27258,0,742
2025-05-21,8121,-65000,0,128,-64872,0,128
2025-05-22,8121,-191000,0,1026,-189974,0,1026
2025-05-23,8121,15000,0,-67,14933,0,-67
2025-05-26,8121,-5000,0,639,-4361,0,639
2025-05-27,8121,-33960,0,-226,-34186,0,-226
2025-05-28,8121,-88856,0,-289,-89145,0,-289
2025-05-29,8121,88000,0,1,88001,0,1
2025-06-02,8121,-94000,0,27,-93973,0,27
2025-06-03,8121,-48000,0,-10,-48010,0,-10
2025-06-04,8121,25000,0,714,25714,0,714
2025-06-05,8121,17000,0,672,17672,0,672
2025-06-06,8121,45000,0,0,45000,0,0
2025-06-09,8121,161000,0,-581,160419,0,-581
2025-06-10,8121,-130000,0,419,-129581,0,419
2025-06-11,8121,-256000,0,-527,-256527,0,-527
2025-06-12,8121,38000,0,-1343,36657,0,-1343
2025-06-13,8121,-223000,0,-750,-223750,0,-750
2025-06-16,8121,5000,0,-44,4956,0,-44
2025-06-17,8121,-55000,0,186,-54814,0,186
2025-06-18,8121,-7000,0,400,-6600,0,400
2025-06-19,8121,-1000,0,-490,-1490,0,-490
2025-06-20,8121,-3000,0,124,-2876,0,124
2025-06-23,8121,-11000,0,413,-10587,0,413
2025-06-24,8121,48000,0,142,48142,0,142
2025-06-25,8121,34000,0,0,34000,0,0
2025-06-26,8121,25000,0,944,25944,0,944
2025-06-27,8121,-5000,0,414,-4586,0,414
2025-06-30,8121,-14000,0,0,-14000,0,0
2025-07-01,8121,23000,0,60,23060,0,60
2025-07-02,8121,10000,0,-684,9316,0,-684
2025-07-03,8121,20000,0,-29,19971,0,-29
2025-07-04,8121,-43000,0,203,-42797,0,203
2025-07-07,8121,-7000,0,-120,-7120,0,-120
2025-07-08,8121,-2000,0,-183,-2183,0,-183
2025-07-09,8121,51000,0,20,51020,0,20
2025-07-10,8121,-11000,0,-164,-11164,0,-164
2025-07-11,8121,42980,0,115,43095,0,115
2025-07-14,8121,-17000,0,0,-17000,0,0
2025-07-15,8121,80000,0,-82,79918,0,-82
2025-07-16,8121,37000,0,-689,36311,0,-689
2025-07-17,8121,70281,0,-150,70131,0,-150
2025-07-18,8121,-47000,0,-67,-47067,0,-67
2025-07-21,8121,7000,0,0,7000,0,0
2025-07-22,8121,-15000,0,-206,-15206,0,-206
2025-07-23,8121,1000,0,-11,989,0,-11
2025-07-24,8121,23000,0,71,23071,0,71
2025-07-25,8121,0,0,0,0,0,0
2025-07-28,8121,-1000,0,0,-1000,0,0
2025-07-29,8121,11000,0,-96,10904,0,-96
2025-07-30,8121,2000,0,-109,1891,0,-109
2025-07-31,8121,-48000,0,-353,-48353,0,-353
2025-08-01,8121,31000,0,-75,30925,0,-75
2025-08-04,8121,76000,0,353,76353,0,353
2025-08-05,8121,33000,0,-827,32173,0,-827
2025-08-06,8121,5509,0,332,5841,0,332
2025-08-07,8121,17000,0,11,17011,0,11
2025-08-08,8121,-67000,0,16,-66984,0,16
2025-08-11,8121,-88000,0,-233,-88233,0,-233
2025-08-12,8121,-75000,0,-435,-75435,0,-435
2025-08-13,8121,-154000,0,11,-153989,0,11
2025-08-14,8121,59000,0,-671,58329,0,-671
2025-08-15,8121,-44000,0,-58,-44058,0,-58
2025-08-18,8121,77000,0,1132,78132,0,1132
2025-08-19,8121,-8000,0,-707,-8707,0,-707
2025-08-20,8121,85000,0,-464,84536,0,-464
2025-08-21,8121,129000,0,567,129567,0,567
2025-08-22,8121,-162000,0,-47,-162047,0,-47
2025-08-25,8121,-2000,0,-610,-2610,0,-610
2025-08-26,8121,25000,0,0,25000,0,0
2025-08-27,8121,70140,0,0,70140,0,0
2025-08-28,8121,229000,0,1723,230723,0,1723
2025-08-29,8121,-449000,0,-929,-449929,0,-929
2025-09-01,8121,-97000,0,690,-96310,0,690
2025-09-02,8121,-152000,0,2005,-149995,0,2005
2025-09-03,8121,173000,0,797,173797,0,797
2025-09-04,8121,-100000,0,-2404,-102404,0,-2404
2025-09-05,8121,-120998,0,-207,-121205,0,-207
2025-09-08,8121,-36000,0,-648,-36648,0,-648
2025-09-09,8121,-103000,0,1303,-101697,0,1303
2025-09-10,8121,56000,0,3554,59554,0,3554
2025-09-11,8121,379000,0,-1536,377464,0,-1536
2025-09-12,8121,-94000,0,111,-93889,0,111
2025-09-15,8121,120000,0,599,120599,0,599
2025-09-16,8121,-80663,0,-101,-80764,0,-101
2025-09-17,8121,-74850,0,1679,-73171,0,1679
2025-09-18,8121,120000,0,2979,122979,0,2979
2025-09-19,8121,-218000,0,1139,-216861,0,1139
2025-09-22,8121,92513,0,-2273,90240,0,-2273
2025-09-23,8121,-3000,0,981,-2019,0,981
2025-09-24,8121,-177000,0,2,-176998,0,2
2025-09-25,8121,5000,0,1412,6412,0,1412
2025-09-26,8121,56000,0,268,56268,0,268
2025-09-30,8121,-47000,0,931,-46069,0,931
2025-10-01,8121,-29000,0,-44,-29044,0,-44
2025-10-02,8121,216000,0,-2490,213510,0,-2490
2025-10-03,8121,-117000,0,217,-116783,0,217
2025-10-07,8121,41000,0,744,41744,0,744
2025-10-08,8121,26000,0,-607,25393,0,-607
2025-10-09,8121,63000,0,1376,64376,0,1376
2025-10-13,8121,-56000,0,789,-55211,0,789
2025-10-14,8121,-20000,0,-251,-20251,0,-251
2025-10-15,8121,45000,0,69,45069,0,69
2025-10-16,8121,15000,0,-569,14431,0,-569
2025-10-17,8121,46000,0,-56,45944,0,-56
2025-10-20,8121,290000,0,741,290741,0,741
2025-10-21,8121,-64000,0,899,-63101,0,899
2025-10-22,8121,307000,0,3000,310000,0,3000
2025-10-23,8121,222000,0,18957,240957,0,18957
2025-10-27,8121,-346000,0,19137,-326863,0,19137
2025-10-28,8121,-240500,0,-232,-240732,0,-232
2025-10-29,8121,883500,0,-2283,881217,0,-2283
2025-10-30,8121,126000,0,-1434,124566,0,-1434
2025-10-31,8121,505000,0,-3880,501120,0,-3880
2025-11-03,8121,-44000,0,-688,-44688,0,-688
2025-11-04,8121,101000,0,-2429,98571,0,-2429
2025-11-05,8121,-23920,0,-233,-24153,0,-233
2025-11-06,8121,35000,0,-632,34368,0,-632
2025-11-07,8121,20000,0,-348,19652,0,-348
2025-11-10,8121,-167000,0,-2568,-169568,0,-2568
2025-11-11,8121,-134000,0,-433,-134433,0,-433
2025-11-12,8121,-287000,0,-3719,-290719,0,-3719
2025-11-13,8121,-425000,0,-146,-425146,0,-146
2025-11-14,8121,-115000,0,-3459,-118459,0,-3459
2025-11-17,8121,161000,0,-1237,159763,0,-1237
2025-11-18,8121,57000,0,-281,56719,0,-281
2025-11-19,8121,-61000,0,-300,-61300,0,-300
2025-11-20,8121,-26000,0,443,-25557,0,443
2025-11-21,8121,81000,0,-1145,79855,0,-1145
2025-11-24,8121,-1000,0,200,-800,0,200
2025-11-25,8121,26000,0,835,26835,0,835
2025-11-26,8121,13000,0,492,13492,0,492
2025-11-27,8121,-10940,0,-107,-11047,0,-107
2025-11-28,8121,-20000,0,-173,-20173,0,-173
2025-12-01,8121,-5000,0,-152,-5152,0,-152
2025-12-02,8121,-60000,0,48,-59952,0,48
2025-12-03,8121,43000,0,2424,45424,0,2424
2025-12-04,8121,-4000,0,-2350,-6350,0,-2350
2025-12-05,8121,17000,0,31,17031,0,31
2025-12-08,8121,-104000,0,869,-103131,0,869
2025-12-09,8121,138000,0,944,138944,0,944
2025-12-10,8121,47000,0,46323,93323,47000,-677
2025-12-11,8121,189000,0,7699,196699,7000,699
2025-12-12,8121,-35000,0,-333,-35333,0,-333
2025-12-15,8121,56000,0,7,56007,0,7
2025-12-16,8121,-59000,0,-1236,-60236,0,-1236
2025-12-17,8121,109000,0,21487,130487,20000,1487
2025-12-18,8121,-32000,0,1618,-30382,0,1618
2025-12-19,8121,-4000,0,1509,-2491,0,1509
2025-12-22,8121,68000,0,-357,67643,0,-357
2025-12-23,8121,33000,0,116,33116,0,116
2025-12-24,8121,46000,0,-165,45835,0,-165
2025-12-26,8121,162000,0,6185,168185,7000,-815
2025-12-29,8121,-349750,0,-192,-349942,3000,-3192
2025-12-30,8121,-392000,0,-588,-392588,0,-588
2025-12-31,8121,-63000,0,697,-62303,0,697
2026-01-02,8121,468000,0,2944,470944,2000,944
2026-01-05,8121,-155000,0,448,-154552,0,448
2026-01-06,8121,-108900,0,-1307,-110207,0,-1307
2026-01-07,8121,386600,0,1305,387905,0,1305
2026-01-08,8121,-63000,0,1309,-61691,0,1309
2026-01-09,8121,1595,0,-20093,-18498,-21000,907
2026-01-12,8121,233915,0,310,234225,0,310
2026-01-13,8121,3000,0,-36248,-33248,-38000,1752
2026-01-14,8121,807599,0,-25338,782261,-27000,1662
2026-01-15,8121,-89000,0,762,-88238,0,762
2026-01-16,8121,181000,0,1472,182472,0,1472
2026-01-19,8121,63000,0,-1727,61273,0,-1727
2026-01-20,8121,362000,0,-130,361870,0,-130
2026-01-21,8121,406000,0,317,406317,0,317
2026-01-22,8121,122000,0,328,122328,0,328
2026-01-23,8121,331000,0,963,331963,0,963
2026-01-26,8121,89000,0,732,89732,0,732
2026-01-27,8121,-70500,0,-286,-70786,0,-286
2026-01-28,8121,55000,0,-1475,53525,0,-1475
2026-01-29,8121,-28000,0,195,-27805,0,195
2026-01-30,8121,-51000,0,-1757,-52757,0,-1757
2026-02-02,8121,70000,0,-1097,68903,0,-1097
2026-02-03,8121,-190000,0,-61,-190061,0,-61
2026-02-04,8121,-128000,0,293,-127707,0,293
2026-02-05,8121,19000,0,46,19046,0,46
2026-02-06,8121,-77000,0,-563,-77563,0,-563
2026-02-09,8121,6000,0,-78,5922,0,-78
2026-02-10,8121,-20000,0,0,-20000,0,0
2026-02-11,8121,-83600,0,-1701,-85301,0,-1701
2026-02-23,8121,57000,0,-544,56456,0,-544
2026-02-24,8121,-18000,0,-915,-18915,0,-915
2026-02-25,8121,87000,0,-1033,85967,0,-1033
2026-02-26,8121,62000,0,-202,61798,0,-202
2026-03-02,8121,39000,0,76,39076,0,76
2026-03-03,8121,-37000,0,-22,-37022,0,-22
2026-03-04,8121,-183000,0,-1737,-184737,0,-1737
2026-03-05,8121,97000,0,-400,96600,0,-400
2026-03-06,8121,13000,0,367,13367,0,367
2026-03-09,8121,-97000,0,-963,-97963,0,-963
2026-03-10,8121,107000,0,-316,106684,0,-316
2026-03-11,8121,25000,0,-124,24876,0,-124
2026-03-12,8121,-17000,0,-241,-17241,0,-241
2026-03-13,8121,74001,0,-1156,72845,0,-1156
2026-03-16,8121,98000,0,-1487,96513,0,-1487
2026-03-17,8121,-112000,0,-1,-112001,0,-1
2026-03-18,8121,24000,0,273,24273,0,273
2026-03-19,8121,-121000,0,-783,-121783,0,-783
2026-03-20,8121,44000,0,-22,43978,0,-22
2026-03-23,8121,74000,0,25,74025,0,25
2026-03-24,8121,45000,0,-6,44994,0,-6
2026-03-25,8121,7001,0,458,7459,0,458
2026-03-26,8121,-14000,0,555,-13445,0,555
2026-03-27,8121,-31000,0,-332,-31332,0,-332
2026-03-30,8121,-124000,0,934,-123066,0,934
2026-03-31,8121,2000,0,328,2328,0,328
2026-04-01,8121,23000,0,-193,22807,0,-193
2026-04-02,8121,-30000,0,-12,-30012,0,-12
2026-04-07,8121,-52000,0,-332,-52332,0,-332
2026-04-08,8121,-14000,0,12,-13988,0,12
2026-04-09,8121,28000,0,579,28579,0,579
2026-04-10,8121,-122900,0,-877,-123777,0,-877
2026-04-13,8121,-30000,0,-243,-30243,0,-243
2026-04-14,8121,26000,0,-1394,24606,0,-1394
2026-04-15,8121,16000,0,-550,15450,0,-550
2026-04-16,8121,-230000,0,-1592,-231592,0,-1592
2026-04-17,8121,-1174000,0,-3131,-1177131,0,-3131
2026-04-20,8121,-171000,0,-673,-171673,0,-673
2026-04-21,8121,234000,0,-65,233935,0,-65
2026-04-22,8121,89000,0,-1253,87747,0,-1253
2026-04-23,8121,72000,0,-1076,70924,0,-1076
2026-04-24,8121,100000,0,0,100000,0,0
2026-04-27,8121,28000,0,211,28211,0,211
2026-04-28,8121,24000,0,-1,23999,0,-1
2026-04-29,8121,12000,0,0,12000,0,0
2026-04-30,8121,115000,0,-720,114280,0,-720
2026-05-04,8121,178000,0,9985,187985,0,9985
2026-05-05,8121,145400,0,-9895,135505,0,-9895
2026-05-06,8121,-52986,0,-1000,-53986,0,-1000
2026-05-07,8121,-19001,0,-275,-19276,0,-275
2026-05-08,8121,50050,0,-546,49504,0,-546
2026-05-11,8121,254000,0,1107,255107,0,1107
2026-05-12,8121,-47000,0,-750,-47750,0,-750
2026-05-13,8121,-14000,0,-45,-14045,0,-45
2026-05-14,8121,609950,0,-213,609737,0,-213
2026-05-15,8121,-202000,0,214,-201786,0,214
2026-05-18,8121,227000,0,0,227000,0,0
2026-05-19,8121,-69882,0,-13769,-83651,0,-13769
2026-05-20,8121,856997,0,370,857367,0,370
2026-05-21,8121,-448011,0,18099,-429912,19000,-901
2026-05-22,8121,824000,0,6681,830681,6000,681
2026-05-25,8121,138041,0,-144,137897,0,-144
2026-05-26,8121,-1258323,0,534,-1257789,0,534
2026-05-27,8121,5500,0,0,5500,0,0
2026-05-28,8121,276005,0,-673,275332,0,-673
2026-05-29,8121,43940,0,-9,43931,0,-9
2026-06-01,8121,117450,0,-6609,110841,-6000,-609
2026-06-02,8121,608317,0,0,608317,0,0
2026-06-03,8121,90724,0,-31,90693,0,-31
2026-06-04,8121,118000,0,0,118000,0,0
2026-06-05,8121,185270,0,646,185916,0,646
2026-06-08,8121,-370731,0,-435,-371166,0,-435
2026-06-09,8121,1104001,0,-141,1103860,0,-141
2026-06-10,8121,804789,0,-17903,786886,-19000,1097
2026-06-11,8121,179340,0,13501,192841,14000,-499
2026-06-12,8121,-275515,0,-155,-275670,0,-155
2026-06-15,8121,983800,0,1641,985441,1000,641
2026-06-16,8121,-208221,0,-681,-208902,0,-681
2026-06-17,8121,111513,0,-418,111095,0,-418
2026-06-18,8121,346000,0,561,346561,0,561
2026-06-22,8121,-1424384,0,-92,-1424476,0,-92
2026-06-23,8121,-527310,0,-459,-527769,0,-459
2026-06-24,8121,332000,0,267,332267,0,267
2026-06-25,8121,-74000,0,-5191,-79191,-5000,-191
2026-06-26,8121,403000,0,-256,402744,0,-256
2026-06-29,8121,417000,0,559,417559,0,559
2026-06-30,8121,464450,0,1163,465613,0,1163
2026-07-01,8121,272063,0,-892,271171,0,-892
2026-07-02,8121,-2310636,0,-185,-2310821,0,-185
2026-07-03,8121,138000,0,-60,137940,0,-60
2026-07-06,8121,-326852,0,137,-326715,0,137
2026-07-07,8121,403080,0,-153,402927,0,-153
2026-07-08,8121,394350,0,4377,398727,0,4377
2026-07-09,8121,-594632,0,-9907,-604539,-7000,-2907
2026-07-13,8121,387000,0,1062,388062,0,1062
2026-07-14,8121,631000,0,9524,640524,0,9524
2026-07-15,8121,572370,0,-589,571781,0,-589
2026-07-16,8121,-65571,0,-1528,-67099,0,-1528
2026-07-17,8121,-111362,0,1493,-109869,-1000,2493
2026-07-20,8121,575000,0,-86,574914,0,-86
2026-07-21,8121,-230845,0,2351,-228494,-2000,4351
2026-07-22,8121,4000,0,68,4068,0,68
2026-07-23,8121,32850,0,10195,43045,9000,1195
2026-07-24,8121,-107,0,-1169,-1276,0,-1169
2026-07-27,8121,130442,0,1743,132185,0,1743
2026-07-28,8121,-52756,0,16561,-36195,17000,-439
2026-07-29,8121,355217,0,-29231,325986,-26000,-3231
2026-07-30,8121,-129861,0,21,-129840,0,21
2026-07-31,8121,0,0,-609,-609,0,-609
2026-08-03,8121,-58990,0,666,-58324,0,666
2026-08-04,8121,69700,0,1953,71653,0,1953
2026-08-05,8121,-171699,0,-125,-171824,0,-125
2026-08-06,8121,71141,0,146,71287,0,146
2026-08-07,8121,-212160,0,21,-212139,0,21
2026-08-10,8121,181730,0,-32,181698,0,-32
2026-08-11,8121,37561,0,31631,69192,26000,5631
2026-08-12,8121,6875,0,-427,6448,0,-427
2026-08-13,8121,-164054,0,4156,-159898,0,4156
2026-08-14,8121,-247422,0,-31,-247453,0,-31
2026-08-17,8121,-173986,0,684,-173302,0,684
2026-08-18,8121,45638,0,487,46125,0,487
2026-08-19,8121,64502,0,52,64554,0,52
2026-08-20,8121,-25230,0,1718,-23512,2000,-282
2026-08-21,8121,-144127,0,749,-143378,1000,-251
2026-08-24,8121,-5050,0,-30168,-35218,-29000,-1168
2026-08-25,8121,-112620,0,465,-112155,0,465
2026-08-26,8121,33315,0,978,34293,0,978
2026-08-27,8121,133836,0,1789,135625,0,1789
2026-08-28,8121,-103400,0,-629,-104029,0,-629
2026-08-31,8121,-234966,0,248,-234718,0,248
2026-09-01,8121,92601,0,-496,92105,0,-496
2026-09-02,8121,-78286,0,1889,-76397,0,1889
2026-09-03,8121,-176840,0,-2255,-179095,0,-2255
2026-09-04,8121,165753,0,1056,166809,0,1056
2026-09-07,8121,21000,0,148,21148,0,148
2026-09-08,8121,-99000,0,-965,-99965,0,-965
2026-09-09,8121,-72280,0,1056,-71224,0,1056
2026-09-10,8121,93000,0,7362,100362,0,7362
2026-09-11,8121,-372890,0,-1102,-373992,0,-1102
2026-09-14,8121,4000,0,-2598,1402,0,-2598
2026-09-15,8121,-57000,0,-35,-57035,0,-35
2026-09-16,8121,-62000,0,670,-61330,0,670
2026-09-17,8121,68268,0,1062,69330,0,1062
2026-09-18,8121,149000,0,6,149006,0,6
2026-09-21,8121,10338,0,728,11066,0,728
2026-09-22,8121,104850,0,-21,104829,0,-21
2026-09-23,8121,-43026,0,625,-42401,0,625
2026-09-24,8121,163449,0,26072,189521,0,26072
2026-09-29,8121,-1666403,0,4405,-1661998,0,4405
2026-09-30,8121,-193646,0,-989,-194635,0,-989
2026-10-01,8121,-171102,0,46445,-124657,0,46445
2026-10-02,8121,-522534,0,-10953,-533487,0,-10953
2026-10-05,8121,-150854,0,-40014,-190868,0,-40014
2026-10-06,8121,277434,0,-3108,274326,0,-3108
2026-10-07,8121,98837,0,5905,104742,0,5905
2026-10-08,8121,-838945,0,37317,-801628,0,37317
