date,stock_id,m_buy,m_sell,m_balance,m_limit,s_buy,s_sell,s_balance,m_prev,m_ret,s_prev,s_ret,note
2015-01-05,2347,156,75,15244,397130,15,2,116,15165,2,129,0,
2015-01-06,2347,290,291,15243,397130,15,1,102,15244,0,116,0,
2015-01-07,2347,108,73,15278,397130,14,3,90,15243,0,102,1,
2015-01-08,2347,103,314,15067,397130,1,10,99,15278,0,90,0,
2015-01-09,2347,146,102,15101,397130,1,2,100,15067,10,99,0,
2015-01-12,2347,379,304,15176,397130,3,13,110,15101,0,100,0,
2015-01-13,2347,369,421,15124,397130,11,4,103,15176,0,110,0,
2015-01-14,2347,209,226,15057,397130,4,5,104,15124,50,103,0,
2015-01-15,2347,212,286,14983,397130,6,2,100,15057,0,104,0,
2015-01-16,2347,245,143,15083,397130,11,0,89,14983,2,100,0,
2015-01-19,2347,58,190,14951,397130,4,1,86,15083,0,89,0,
2015-01-20,2347,131,240,14835,397130,0,6,92,14951,7,86,0,
2015-01-21,2347,122,175,14782,397130,0,2,94,14835,0,92,0,
2015-01-22,2347,148,151,14719,397130,0,8,102,14782,60,94,0,
2015-01-23,2347,142,335,14521,397130,0,6,108,14719,5,102,0,
2015-01-26,2347,320,139,14690,397130,7,0,101,14521,12,108,0,
2015-01-27,2347,78,148,14620,397130,1,0,100,14690,0,101,0,
2015-01-28,2347,24,111,14533,397130,1,2,101,14620,0,100,0,
2015-01-29,2347,55,82,14505,397130,5,2,98,14533,1,101,0,
2015-01-30,2347,289,121,14644,397130,15,1,84,14505,29,98,0,
2015-02-02,2347,207,255,14595,397130,7,5,82,14644,1,84,0,
2015-02-03,2347,87,196,14481,397130,1,3,83,14595,5,82,1,
2015-02-04,2347,127,72,14536,397130,7,2,78,14481,0,83,0,
2015-02-05,2347,65,60,14541,397130,0,5,83,14536,0,78,0,
2015-02-06,2347,54,153,14432,397130,0,0,82,14541,10,83,1,
2015-02-09,2347,111,138,14315,397130,1,0,81,14432,90,82,0,
2015-02-10,2347,14,246,14083,397130,1,4,84,14315,0,81,0,
2015-02-11,2347,27,195,13901,397130,9,2,77,14083,14,84,0,
2015-02-12,2347,68,35,13930,397130,2,0,75,13901,4,77,0,
2015-02-13,2347,9,201,13660,397130,1,0,74,13930,78,75,0,
2015-02-24,2347,58,266,13439,397130,2,28,100,13647,0,74,0,
2015-02-25,2347,144,52,13511,397130,0,1,101,13439,20,100,0,
2015-02-26,2347,102,76,13531,397130,0,0,101,13511,6,101,0,
2015-03-02,2347,167,133,13565,397130,1,1,101,13531,0,101,0,
2015-03-03,2347,38,73,13528,397130,8,0,93,13565,2,101,0,
2015-03-04,2347,92,53,13506,397130,0,3,96,13528,61,93,0,
2015-03-05,2347,75,68,13513,397130,3,9,102,13506,0,96,0,
2015-03-06,2347,67,93,13483,397130,0,1,103,13513,4,102,0,
2015-03-09,2347,101,25,13558,397130,24,5,84,13483,1,103,0,
2015-03-10,2347,211,427,13341,397130,21,23,86,13558,1,84,0,
2015-03-11,2347,191,126,13400,397130,21,27,92,13341,6,86,0,
2015-03-12,2347,156,73,13483,397130,21,17,88,13400,0,92,0,
2015-03-13,2347,295,90,13688,397130,29,29,88,13483,0,88,0,
2015-03-16,2347,91,325,13453,397130,31,1,58,13688,1,88,0,
2015-03-17,2347,75,278,13249,397130,11,1,48,13453,1,58,0,
2015-03-18,2347,346,252,13343,397130,10,0,38,13249,0,48,0,
2015-03-19,2347,276,80,13529,397130,8,0,29,13343,10,38,1,
2015-03-20,2347,162,121,13569,397130,5,0,24,13529,1,29,0,
2015-03-23,2347,316,160,13725,397130,4,2,22,13569,0,24,0,
2015-03-24,2347,272,104,13873,397130,2,0,20,13725,20,22,0,
2015-03-25,2347,134,53,13954,397130,8,2,14,13873,0,20,0,
2015-03-26,2347,213,76,14087,397130,2,2,14,13954,4,14,0,
2015-03-27,2347,231,59,14247,397130,3,0,11,14087,12,14,0,
2015-03-30,2347,301,305,14233,397130,1,0,10,14247,10,11,0,
2015-03-31,2347,167,75,14324,397130,5,1,6,14233,1,10,0,
2015-04-01,2347,225,229,14320,397130,2,0,4,14324,0,6,0,X
2015-04-02,2347,278,116,14479,397130,4,0,0,14320,3,4,0,X
2015-04-07,2347,179,40,14617,397130,0,0,0,14479,1,0,0,X
2015-04-08,2347,183,91,14704,397130,0,0,0,14617,5,0,0,X
2015-04-09,2347,253,161,14793,397130,0,0,0,14704,3,0,0,
2015-04-10,2347,92,81,14799,397130,0,3,3,14793,5,0,0,
2015-04-13,2347,138,40,14897,397130,0,0,3,14799,0,3,0,
2015-04-14,2347,225,98,15021,397130,0,0,3,14897,3,3,0,
2015-04-15,2347,250,75,15193,397130,0,20,23,15021,3,3,0,
2015-04-16,2347,877,84,15985,397130,8,15,30,15193,1,23,0,
2015-04-17,2347,152,168,15968,397130,1,4,33,15985,1,30,0,
2015-04-20,2347,207,148,16022,397130,6,2,29,15968,5,33,0,
2015-04-21,2347,134,84,16063,397130,1,5,33,16022,9,29,0,
2015-04-22,2347,389,428,16024,397130,3,1,31,16063,0,33,0,
2015-04-23,2347,240,393,15867,397130,8,1,24,16024,4,31,0,
2015-04-24,2347,169,589,15446,397130,0,10,34,15867,1,24,0,
2015-04-27,2347,195,619,15016,397130,12,6,24,15446,6,34,4,
2015-04-28,2347,190,210,14970,397130,6,3,21,15016,26,24,0,
2015-04-29,2347,555,781,14737,397130,3,12,30,14970,7,21,0,
2015-04-30,2347,914,324,15327,397130,1,14,41,14737,0,30,2,
2015-05-04,2347,190,180,15333,397130,3,26,64,15327,4,41,0,
2015-05-05,2347,34,65,15302,397130,13,33,84,15333,0,64,0,
2015-05-06,2347,108,259,15148,397130,6,1,79,15302,3,84,0,
2015-05-07,2347,110,119,15069,397130,12,14,81,15148,70,79,0,
2015-05-08,2347,99,295,14872,397130,11,7,77,15069,1,81,0,
2015-05-11,2347,101,269,14694,397130,33,4,48,14872,10,77,0,
2015-05-12,2347,98,197,14582,397130,12,8,44,14694,13,48,0,
2015-05-13,2347,388,476,14486,397130,6,116,154,14582,8,44,0,
2015-05-14,2347,233,91,14628,397130,2,7,159,14486,0,154,0,
2015-05-15,2347,156,102,14672,397130,26,22,155,14628,10,159,0,
2015-05-18,2347,184,160,14696,397130,5,7,157,14672,0,155,0,
2015-05-19,2347,797,160,15333,397130,3,0,154,14696,0,157,0,
2015-05-20,2347,448,63,15716,397130,14,6,146,15333,2,154,0,
2015-05-21,2347,483,177,16020,397130,13,5,138,15716,2,146,0,
2015-05-22,2347,312,300,16032,397130,2,3,48,16020,0,138,91,
2015-05-25,2347,444,255,16220,397130,4,0,44,16032,1,48,0,
2015-05-26,2347,108,238,16090,397130,6,1,39,16220,0,44,0,
2015-05-27,2347,546,491,16145,397130,4,44,79,16090,0,39,0,
2015-05-28,2347,386,874,15657,397130,5,42,116,16145,0,79,0,
2015-05-29,2347,245,2139,13751,397130,20,9,105,15657,12,116,0,
2015-06-01,2347,328,664,13414,397130,23,37,118,13751,1,105,1,
2015-06-02,2347,150,901,12663,397130,0,27,145,13414,0,118,0,
2015-06-03,2347,185,305,12541,397130,14,2,131,12663,2,145,2,
2015-06-04,2347,365,280,12625,397130,53,15,93,12541,1,131,0,
2015-06-05,2347,428,137,12908,397130,24,11,80,12625,8,93,0,
2015-06-08,2347,280,521,12666,397130,15,42,107,12908,1,80,0,
2015-06-09,2347,153,222,12597,397130,25,11,93,12666,0,107,0,
2015-06-10,2347,216,87,12726,397130,7,9,95,12597,0,93,0,
2015-06-11,2347,169,350,12544,397130,54,31,72,12726,1,95,0,
2015-06-12,2347,127,115,12553,397130,6,17,83,12544,3,72,0,
2015-06-15,2347,196,84,12655,397130,4,4,82,12553,10,83,1,
2015-06-16,2347,68,113,12607,397130,8,3,77,12655,3,82,0,
2015-06-17,2347,145,211,12521,397130,17,14,74,12607,20,77,0,
2015-06-18,2347,118,111,12521,397130,8,2,68,12521,7,74,0,
2015-06-22,2347,301,154,12666,397130,6,0,62,12521,2,68,0,
2015-06-23,2347,133,115,12684,397130,2,3,63,12666,0,62,0,
2015-06-24,2347,347,252,12778,397130,4,1,60,12684,1,63,0,
2015-06-25,2347,135,495,12418,397130,12,41,89,12778,0,60,0,
2015-06-26,2347,348,365,12361,397130,1,4,92,12418,40,89,0,
2015-06-29,2347,302,243,12419,397130,40,1,53,12361,1,92,0,
2015-06-30,2347,136,347,12202,397130,1,9,61,12419,6,53,0,
2015-07-01,2347,180,157,12223,397130,8,0,53,12202,2,61,0,
2015-07-02,2347,108,76,12255,397130,0,0,53,12223,0,53,0,
2015-07-03,2347,49,61,12243,397130,0,0,53,12255,0,53,0,
2015-07-06,2347,117,47,12313,397130,0,0,53,12243,0,53,0,
2015-07-07,2347,72,85,12299,397130,2,2,53,12313,1,53,0,
2015-07-08,2347,350,365,12176,397130,13,13,53,12299,108,53,0,
2015-07-09,2347,178,278,12076,397130,9,26,70,12176,0,53,0,
2015-07-13,2347,89,132,12032,397130,12,31,89,12076,1,70,0,
2015-07-14,2347,113,34,12103,397130,4,11,96,12032,8,89,0,
2015-07-15,2347,34,102,12035,397130,5,10,101,12103,0,96,0,
2015-07-16,2347,204,361,11767,397130,2,7,106,12035,111,101,0,
2015-07-17,2347,73,102,11736,397130,5,19,120,11767,2,106,0,
2015-07-20,2347,132,110,11742,397130,26,0,94,11736,16,120,0,
2015-07-21,2347,66,74,11733,397130,61,0,33,11742,1,94,0,
2015-07-22,2347,42,675,11085,397130,5,0,28,11733,15,33,0,
2015-07-23,2347,139,235,10972,397130,11,0,17,11085,17,28,0,X
2015-07-24,2347,60,156,10865,397130,17,0,0,10972,11,17,0,X
2015-07-27,2347,115,631,10335,397130,0,0,0,10865,14,0,0,X
2015-07-28,2347,142,407,10062,397130,0,0,0,10335,8,0,0,X
2015-07-29,2347,222,720,9549,397130,0,0,0,10062,15,0,0,
2015-07-30,2347,103,221,9245,397130,0,31,31,9549,186,0,0,
2015-07-31,2347,248,49,9296,397130,13,19,37,9245,148,31,0,
2015-08-03,2347,56,217,9134,397130,5,40,72,9296,1,37,0,
2015-08-04,2347,71,65,9137,397130,21,20,70,9134,3,72,1,
2015-08-05,2347,18,37,9060,397130,6,1,65,9137,58,70,0,
2015-08-06,2347,64,41,9076,397130,4,29,90,9060,7,65,0,
2015-08-07,2347,109,86,9092,397130,8,17,99,9076,7,90,0,
2015-08-10,2347,34,48,9073,397130,28,40,111,9092,5,99,0,
2015-08-11,2347,139,65,9143,397130,37,2,76,9073,4,111,0,
2015-08-12,2347,43,57,9129,397130,1,3,78,9143,0,76,0,
2015-08-13,2347,18,208,8934,397130,16,5,67,9129,5,78,0,
2015-08-14,2347,294,335,8864,397130,11,83,139,8934,29,67,0,
2015-08-17,2347,282,481,8657,397130,27,110,222,8864,8,139,0,
2015-08-18,2347,41,137,8555,397130,49,65,238,8657,6,222,0,
2015-08-19,2347,113,443,8194,397130,51,45,232,8555,31,238,0,
2015-08-20,2347,64,291,7940,397130,34,19,217,8194,27,232,0,
2015-08-21,2347,196,352,7729,397130,49,28,195,7940,55,217,1,
2015-08-24,2347,482,814,7345,397130,27,2,170,7729,52,195,0,
2015-08-25,2347,360,306,7223,397130,29,65,206,7345,176,170,0,
2015-08-26,2347,384,100,7383,397130,8,0,198,7223,124,206,0,
2015-08-27,2347,277,124,7533,397130,55,24,167,7383,3,198,0,
2015-08-28,2347,235,349,7381,397130,24,34,177,7533,38,167,0,
2015-08-31,2347,130,188,7322,397130,2,33,208,7381,1,177,0,
2015-09-01,2347,181,174,7325,397130,31,0,177,7322,4,208,0,
2015-09-02,2347,112,219,7218,397130,16,25,186,7325,0,177,0,
2015-09-03,2347,132,135,7194,397130,31,6,161,7218,21,186,0,
2015-09-04,2347,121,94,7213,397130,0,14,175,7194,8,161,0,
2015-09-07,2347,62,123,7149,397130,7,1,169,7213,3,175,0,
2015-09-08,2347,156,53,7243,397130,11,5,163,7149,9,169,0,
2015-09-09,2347,146,792,6587,397130,9,17,171,7243,10,163,0,
2015-09-10,2347,535,123,6999,397130,0,3,174,6587,0,171,0,
2015-09-11,2347,206,420,6783,397130,0,23,197,6999,2,174,0,
2015-09-14,2347,218,178,6763,397130,8,0,189,6783,60,197,0,
2015-09-15,2347,161,192,6731,397130,9,0,180,6763,1,189,0,
2015-09-16,2347,107,39,6779,397130,4,0,176,6731,20,180,0,
2015-09-17,2347,258,318,6714,397130,22,1,155,6779,5,176,0,
2015-09-18,2347,117,179,6644,397130,14,5,146,6714,8,155,0,
2015-09-21,2347,148,94,6694,397130,1,11,156,6644,4,146,0,
2015-09-22,2347,39,17,6716,397130,0,29,185,6694,0,156,0,
2015-09-23,2347,178,134,6757,397130,34,7,158,6716,3,185,0,
2015-09-24,2347,494,103,7144,397130,13,11,156,6757,4,158,0,
2015-09-25,2347,149,39,7224,397130,1,9,164,7144,30,156,0,
2015-09-30,2347,135,73,7284,397130,11,6,159,7224,2,164,0,
2015-10-01,2347,226,43,7451,397130,8,3,154,7284,16,159,0,
2015-10-02,2347,75,148,7356,397130,9,23,168,7451,22,154,0,
2015-10-05,2347,104,60,7399,397130,16,3,155,7356,1,168,0,
2015-10-06,2347,114,181,7327,397130,11,0,144,7399,5,155,0,
2015-10-07,2347,131,93,7352,397130,1,1,144,7327,13,144,0,
2015-10-08,2347,92,201,7243,397130,10,1,135,7352,0,144,0,
2015-10-12,2347,261,137,7366,397130,10,1,126,7243,1,135,0,
2015-10-13,2347,107,224,7248,397130,0,7,133,7366,1,126,0,
2015-10-14,2347,105,82,7271,397130,2,0,131,7248,0,133,0,
2015-10-15,2347,79,131,7211,397130,7,5,129,7271,8,131,0,
2015-10-16,2347,46,40,7213,397130,5,2,126,7211,4,129,0,
2015-10-19,2347,144,87,7270,397130,2,0,124,7213,0,126,0,
2015-10-20,2347,248,72,7445,397130,4,29,149,7270,1,124,0,
2015-10-21,2347,113,110,7448,397130,2,42,189,7445,0,149,0,
2015-10-22,2347,328,66,7709,397130,25,22,186,7448,1,189,0,
2015-10-23,2347,616,138,8157,397130,44,4,146,7709,30,186,0,
2015-10-26,2347,248,143,8262,397130,1,10,155,8157,0,146,0,
2015-10-27,2347,406,216,8452,397130,9,0,146,8262,0,155,0,
2015-10-28,2347,259,398,8313,397130,10,17,153,8452,0,146,0,
2015-10-29,2347,154,318,8142,397130,0,10,163,8313,7,153,0,
2015-10-30,2347,183,164,8158,397130,12,1,152,8142,3,163,0,
2015-11-02,2347,252,157,8253,397130,7,2,147,8158,0,152,0,
2015-11-03,2347,260,338,8164,397130,23,4,128,8253,11,147,0,
2015-11-04,2347,962,745,8381,397130,19,10,119,8164,0,128,0,
2015-11-05,2347,446,164,8663,397130,3,0,116,8381,0,119,0,
2015-11-06,2347,329,345,8647,397130,0,17,133,8663,0,116,0,
2015-11-09,2347,380,356,8665,397130,9,8,132,8647,6,133,0,
2015-11-10,2347,121,156,8625,397130,15,6,123,8665,5,132,0,
2015-11-11,2347,175,300,8500,397130,8,2,114,8625,0,123,3,
2015-11-12,2347,214,245,8469,397130,1,14,127,8500,0,114,0,
2015-11-13,2347,827,638,8657,397130,28,349,448,8469,1,127,0,
2015-11-16,2347,293,133,8816,397130,202,141,387,8657,1,448,0,
2015-11-17,2347,277,157,8936,397130,47,16,356,8816,0,387,0,
2015-11-18,2347,215,301,8830,397130,102,58,312,8936,20,356,0,
2015-11-19,2347,127,122,8835,397130,142,19,189,8830,0,312,0,
2015-11-20,2347,230,221,8819,397130,34,22,177,8835,25,189,0,
2015-11-23,2347,308,103,8991,397130,22,13,168,8819,33,177,0,
2015-11-24,2347,87,114,8954,397130,17,34,185,8991,10,168,0,
2015-11-25,2347,248,124,9068,397130,18,32,199,8954,10,185,0,
2015-11-26,2347,468,290,9246,397130,70,7,136,9068,0,199,0,
2015-11-27,2347,75,101,9190,397130,16,9,129,9246,30,136,0,
2015-11-30,2347,275,181,9284,397130,6,350,473,9190,0,129,0,
2015-12-01,2347,175,384,9075,397130,303,2,172,9284,0,473,0,
2015-12-02,2347,128,122,9081,397130,64,3,111,9075,0,172,0,
2015-12-03,2347,123,173,9029,397130,5,4,110,9081,2,111,0,
2015-12-04,2347,211,323,8917,397130,14,8,104,9029,0,110,0,
2015-12-07,2347,328,228,9014,397130,32,1,71,8917,3,104,2,
2015-12-08,2347,209,94,9123,397130,0,23,94,9014,6,71,0,
2015-12-09,2347,163,110,9176,397130,10,32,116,9123,0,94,0,
2015-12-10,2347,149,196,9046,397130,10,44,150,9176,83,116,0,
2015-12-11,2347,344,96,9294,397130,32,215,333,9046,0,150,0,
2015-12-14,2347,181,147,9328,397130,175,266,424,9294,0,333,0,
2015-12-15,2347,284,85,9516,397130,72,87,439,9328,11,424,0,
2015-12-16,2347,220,70,9666,397130,123,5,321,9516,0,439,0,
2015-12-17,2347,300,431,9516,397130,32,6,295,9666,19,321,0,
2015-12-18,2347,215,200,9523,397130,12,11,294,9516,8,295,0,
2015-12-21,2347,452,477,9497,397130,17,6,283,9523,1,294,0,
2015-12-22,2347,178,510,9128,397130,8,7,282,9497,37,283,0,
2015-12-23,2347,314,476,8947,397130,5,10,287,9128,19,282,0,
2015-12-24,2347,123,168,8902,397130,10,1,278,8947,0,287,0,
2015-12-25,2347,36,74,8864,397130,4,0,274,8902,0,278,0,
2015-12-28,2347,29,289,8584,397130,0,1,275,8864,20,274,0,
2015-12-29,2347,136,41,8658,397130,5,3,273,8584,21,275,0,
2015-12-30,2347,115,77,8654,397130,0,10,283,8658,42,273,0,
2015-12-31,2347,20,74,8588,397130,0,18,301,8654,12,283,0,
2016-01-04,2347,281,83,8761,397130,23,14,292,8588,25,301,0,
2016-01-05,2347,87,50,8782,397130,40,9,261,8761,16,292,0,
2016-01-06,2347,52,183,8650,397130,5,15,271,8782,1,261,0,
2016-01-07,2347,142,130,8662,397130,25,23,269,8650,0,271,0,
2016-01-08,2347,53,120,8584,397130,11,14,272,8662,11,269,0,
2016-01-11,2347,86,76,8591,397130,12,2,262,8584,3,272,0,
2016-01-12,2347,117,56,8652,397130,5,10,267,8591,0,262,0,
2016-01-13,2347,68,88,8629,397130,47,15,235,8652,3,267,0,
2016-01-14,2347,49,202,8472,397130,21,54,268,8629,4,235,0,
2016-01-15,2347,59,40,8463,397130,29,8,247,8472,28,268,0,
2016-01-18,2347,111,61,8511,397130,33,13,227,8463,2,247,0,
2016-01-19,2347,183,40,8646,397130,11,0,216,8511,8,227,0,
2016-01-20,2347,195,150,8688,397130,11,85,290,8646,3,216,0,
2016-01-21,2347,178,49,8814,397130,4,180,464,8688,3,290,2,
2016-01-22,2347,35,74,8775,397130,49,111,526,8814,0,464,0,
2016-01-25,2347,121,60,8834,397130,168,5,363,8775,2,526,0,
2016-01-26,2347,110,48,8895,397130,64,26,325,8834,1,363,0,
2016-01-27,2347,42,225,8712,397130,30,5,300,8895,0,325,0,
2016-01-28,2347,55,110,8651,397130,111,9,198,8712,6,300,0,
2016-01-29,2347,69,254,8462,397130,48,11,161,8651,4,198,0,
2016-01-30,2347,32,67,8417,397130,9,1,153,8462,10,161,0,
2016-02-01,2347,110,40,8485,397130,10,9,152,8417,2,153,0,
2016-02-02,2347,170,20,8558,397130,10,0,142,8485,77,152,0,
2016-02-03,2347,176,73,8657,397130,0,8,150,8558,4,142,0,
2016-02-15,2347,84,86,8639,397130,4,7,153,8656,15,150,0,
2016-02-16,2347,93,178,8545,397130,1,5,157,8639,9,153,0,
2016-02-17,2347,121,316,8344,397130,11,2,148,8545,6,157,0,
2016-02-18,2347,96,283,8144,397130,12,2,138,8344,13,148,0,
2016-02-19,2347,57,596,7605,397130,9,13,108,8144,0,138,34,
2016-02-22,2347,178,477,7283,397130,8,18,118,7605,23,108,0,
2016-02-23,2347,98,130,7248,397130,7,7,118,7283,3,118,0,
2016-02-24,2347,19,126,7141,397130,5,3,116,7248,0,118,0,
2016-02-25,2347,133,172,7101,397130,8,0,108,7141,1,116,0,
2016-02-26,2347,13,283,6831,397130,7,16,117,7101,0,108,0,
2016-03-01,2347,482,82,7231,397130,21,1,97,6831,0,117,0,
2016-03-02,2347,55,246,7039,397130,1,7,102,7231,1,97,1,
2016-03-03,2347,78,91,7017,397130,12,22,112,7039,9,102,0,
2016-03-04,2347,323,49,7280,397130,36,1,77,7017,11,112,0,
2016-03-07,2347,30,138,7171,397130,5,7,79,7280,1,77,0,
2016-03-08,2347,238,107,7301,397130,7,2,74,7171,1,79,0,
2016-03-09,2347,141,62,7380,397130,11,3,66,7301,0,74,0,
2016-03-10,2347,21,76,7325,397130,0,0,66,7380,0,66,0,
2016-03-11,2347,208,146,7375,397130,1,2,67,7325,12,66,0,
2016-03-14,2347,156,232,7298,397130,16,25,76,7375,1,67,0,
2016-03-15,2347,624,326,7594,397130,37,1,40,7298,2,76,0,
2016-03-16,2347,444,458,7580,397130,1,16,55,7594,0,40,0,
2016-03-17,2347,617,603,7594,397130,1,44,98,7580,0,55,0,
2016-03-18,2347,851,824,7621,397130,5,41,134,7594,0,98,0,
2016-03-21,2347,849,560,7909,397130,10,12,136,7621,1,134,0,
2016-03-22,2347,218,394,7678,397130,3,13,146,7909,55,136,0,
2016-03-23,2347,147,204,7621,397130,4,2,144,7678,0,146,0,
2016-03-24,2347,97,261,7457,397130,16,8,136,7621,0,144,0,
2016-03-25,2347,277,280,7454,397130,35,7,108,7457,0,136,0,
2016-03-28,2347,54,86,7422,397130,9,6,105,7454,0,108,0,
2016-03-29,2347,149,117,7341,397130,57,6,54,7422,113,105,0,X
2016-03-30,2347,202,62,7431,397130,50,0,0,7341,50,54,4,X
2016-03-31,2347,501,50,7882,397130,0,0,0,7431,0,0,0,X
2016-04-01,2347,102,81,7903,397130,0,0,0,7882,0,0,0,X
2016-04-06,2347,87,27,7963,397130,0,0,0,7903,0,0,0,
2016-04-07,2347,320,85,8198,397130,0,5,5,7963,0,0,0,
2016-04-08,2347,113,72,8236,397130,1,2,6,8198,3,5,0,
2016-04-11,2347,212,66,8367,397130,1,20,25,8236,15,6,0,
2016-04-12,2347,71,51,8387,397130,1,0,24,8367,0,25,0,
2016-04-13,2347,150,99,8436,397130,0,0,24,8387,2,24,0,
2016-04-14,2347,235,48,8608,397130,0,0,24,8436,15,24,0,
2016-04-15,2347,300,360,8548,397130,0,92,116,8608,0,24,0,
2016-04-18,2347,73,215,8400,397130,0,27,143,8548,6,116,0,
2016-04-19,2347,30,46,8384,397130,0,34,177,8400,0,143,0,
2016-04-20,2347,374,69,8633,397130,4,56,229,8384,56,177,0,
2016-04-21,2347,114,165,8582,397130,0,24,253,8633,0,229,0,
2016-04-22,2347,144,201,8522,397130,2,41,278,8582,3,253,14,
2016-04-25,2347,33,22,8533,397130,4,28,302,8522,0,278,0,
2016-04-26,2347,126,41,8617,397130,11,8,299,8533,1,302,0,
2016-04-27,2347,382,104,8895,397130,14,190,475,8617,0,299,0,
2016-04-28,2347,125,237,8783,397130,36,61,500,8895,0,475,0,
2016-04-29,2347,55,71,8687,397130,69,11,442,8783,80,500,0,
2016-05-03,2347,116,146,8651,397130,25,30,447,8687,6,442,0,
2016-05-04,2347,103,429,8310,397130,79,14,382,8651,15,447,0,
2016-05-05,2347,57,43,8319,397130,30,5,357,8310,5,382,0,
2016-05-06,2347,104,14,8409,397130,20,8,345,8319,0,357,0,
2016-05-09,2347,102,15,8466,397130,60,1,286,8409,30,345,0,
2016-05-10,2347,25,2,8489,397130,33,0,253,8466,0,286,0,
2016-05-11,2347,79,38,8530,397130,6,8,255,8489,0,253,0,
2016-05-12,2347,28,42,8512,397130,5,16,266,8530,4,255,0,
2016-05-13,2347,94,76,8528,397130,182,3,87,8512,2,266,0,
2016-05-16,2347,54,11,8571,397130,7,0,80,8528,0,87,0,
2016-05-17,2347,234,115,8690,397130,18,9,71,8571,0,80,0,
2016-05-18,2347,218,64,8844,397130,1,9,79,8690,0,71,0,
2016-05-19,2347,570,39,9375,397130,5,11,85,8844,0,79,0,
2016-05-20,2347,142,243,9274,397130,10,17,80,9375,0,85,12,
2016-05-23,2347,66,237,9033,397130,22,1,59,9274,70,80,0,
2016-05-24,2347,162,66,9129,397130,0,1,60,9033,0,59,0,
2016-05-25,2347,48,124,9043,397130,11,0,49,9129,10,60,0,
2016-05-26,2347,12,89,8966,397130,3,0,46,9043,0,49,0,
2016-05-27,2347,61,61,8966,397130,0,5,50,8966,0,46,1,
2016-05-30,2347,72,76,8957,397130,0,1,51,8966,5,50,0,
2016-05-31,2347,44,218,8783,397130,1,1,51,8957,0,51,0,
2016-06-01,2347,111,32,8853,397130,0,0,51,8783,9,51,0,
2016-06-02,2347,73,108,8818,397130,0,0,51,8853,0,51,0,
2016-06-03,2347,41,73,8786,397130,4,60,107,8818,0,51,0,
2016-06-04,2347,27,47,8762,397130,0,0,107,8786,4,107,0,
2016-06-06,2347,74,141,8695,397130,0,0,107,8762,0,107,0,
2016-06-07,2347,258,304,8649,397130,1,27,133,8695,0,107,0,
2016-06-08,2347,118,194,8573,397130,6,20,147,8649,0,133,0,
2016-06-13,2347,89,238,8424,397130,14,1,134,8573,0,147,0,
2016-06-14,2347,715,166,8957,397130,6,54,182,8424,16,134,0,
2016-06-15,2347,39,101,8895,397130,11,1,172,8957,0,182,0,
2016-06-16,2347,45,273,8666,397130,1,7,178,8895,1,172,0,
2016-06-17,2347,719,366,9019,397130,4,16,190,8666,0,178,0,
2016-06-20,2347,80,150,8949,397130,1,1,190,9019,0,190,0,
2016-06-21,2347,8,246,8711,397130,0,0,190,8949,0,190,0,
2016-06-22,2347,61,58,8704,397130,0,12,202,8711,10,190,0,
2016-06-23,2347,92,94,8702,397130,0,5,207,8704,0,202,0,
2016-06-24,2347,431,270,8843,397130,91,0,116,8702,20,207,0,
2016-06-27,2347,75,52,8866,397130,3,4,117,8843,0,116,0,
2016-06-28,2347,14,21,8859,397130,2,11,126,8866,0,117,0,
2016-06-29,2347,15,105,8769,397130,1,5,130,8859,0,126,0,
2016-06-30,2347,246,231,8784,397130,0,23,153,8769,0,130,0,
2016-07-01,2347,284,273,8791,397130,3,0,150,8784,4,153,0,
2016-07-04,2347,75,263,8603,397130,0,2,152,8791,0,150,0,
2016-07-05,2347,345,232,8713,397130,1,1,152,8603,3,152,0,
2016-07-06,2347,337,41,9009,397130,12,1,141,8713,0,152,0,
2016-07-07,2347,65,405,8667,397130,1,26,166,9009,2,141,0,
2016-07-11,2347,1394,624,9401,397130,8,46,204,8667,36,166,0,
2016-07-12,2347,396,627,9168,397130,1,9,212,9401,2,204,0,
2016-07-13,2347,362,373,9155,397130,3,0,209,9168,2,212,0,
2016-07-14,2347,386,80,9461,397130,0,0,209,9155,0,209,0,
2016-07-15,2347,338,499,9294,397130,15,0,194,9461,6,209,0,
2016-07-18,2347,392,494,9192,397130,24,12,182,9294,0,194,0,
2016-07-19,2347,183,984,8001,397130,3,3,182,9192,390,182,0,
2016-07-20,2347,210,258,7948,397130,3,24,203,8001,5,182,0,
2016-07-21,2347,207,179,7976,397130,10,4,197,7948,0,203,0,
2016-07-22,2347,184,220,7940,397130,0,2,199,7976,0,197,0,
2016-07-25,2347,344,1150,7130,397130,30,14,182,7940,4,199,1,
2016-07-26,2347,56,116,7070,397130,1,30,211,7130,0,182,0,
2016-07-27,2347,170,110,7130,397130,0,9,220,7070,0,211,0,
2016-07-28,2347,176,146,7160,397130,0,13,233,7130,0,220,0,
2016-07-29,2347,187,191,7156,397130,1,0,232,7160,0,233,0,
2016-08-01,2347,63,103,7111,397130,3,2,231,7156,5,232,0,
2016-08-02,2347,303,91,7323,397130,1,16,246,7111,0,231,0,
2016-08-03,2347,203,128,7398,397130,30,17,233,7323,0,246,0,
2016-08-04,2347,171,100,7468,397130,10,0,223,7398,1,233,0,
2016-08-05,2347,79,78,7469,397130,0,26,249,7468,0,223,0,
2016-08-08,2347,106,113,7462,397130,4,0,245,7469,0,249,0,
2016-08-09,2347,217,385,7294,397130,8,2,239,7462,0,245,0,
2016-08-10,2347,81,269,7106,397130,0,1,240,7294,0,239,0,
2016-08-11,2347,218,696,6625,397130,4,0,236,7106,3,240,0,
2016-08-12,2347,271,230,6666,397130,2,3,237,6625,0,236,0,
2016-08-15,2347,138,25,6779,397130,12,2,227,6666,0,237,0,
2016-08-16,2347,523,573,6459,397130,43,23,207,6779,270,227,0,
2016-08-17,2347,192,97,6554,397130,30,14,191,6459,0,207,0,
2016-08-18,2347,112,25,6625,397130,5,4,190,6554,16,191,0,
2016-08-19,2347,323,44,6604,397130,26,0,164,6625,300,190,0,
2016-08-22,2347,99,42,6661,397130,29,0,135,6604,0,164,0,
2016-08-23,2347,119,30,6750,397130,13,0,122,6661,0,135,0,X
2016-08-24,2347,57,47,6760,397130,122,0,0,6750,0,122,0,X
2016-08-25,2347,85,117,6728,397130,0,0,0,6760,0,0,0,X
2016-08-26,2347,266,261,6732,397130,0,0,0,6728,1,0,0,X
2016-08-29,2347,344,277,6799,397130,0,0,0,6732,0,0,0,
2016-08-30,2347,435,174,7039,397130,0,21,21,6799,21,0,0,
2016-08-31,2347,154,156,7037,397130,0,10,31,7039,0,21,0,
2016-09-01,2347,229,292,6964,397130,5,9,35,7037,10,31,0,
2016-09-02,2347,74,70,6968,397130,0,0,35,6964,0,35,0,
2016-09-05,2347,364,513,6814,397130,15,17,37,6968,5,35,0,
2016-09-06,2347,182,54,6941,397130,3,13,47,6814,1,37,0,
2016-09-07,2347,150,708,6383,397130,0,15,62,6941,0,47,0,
2016-09-08,2347,273,271,6385,397130,0,98,160,6383,0,62,0,
2016-09-09,2347,86,216,6255,397130,0,23,183,6385,0,160,0,
2016-09-10,2347,147,320,6078,397130,118,0,65,6255,4,183,0,
2016-09-12,2347,110,95,6093,397130,6,5,64,6078,0,65,0,
2016-09-13,2347,202,91,6204,397130,23,10,51,6093,0,64,0,
2016-09-14,2347,324,179,6349,397130,14,4,41,6204,0,51,0,
2016-09-19,2347,323,110,6562,397130,6,10,45,6349,0,41,0,
2016-09-20,2347,215,76,6701,397130,3,4,46,6562,0,45,0,
2016-09-21,2347,295,36,6960,397130,3,0,43,6701,0,46,0,
2016-09-22,2347,79,177,6861,397130,3,6,46,6960,1,43,0,
2016-09-23,2347,139,121,6879,397130,2,7,51,6861,0,46,0,
2016-09-26,2347,233,50,7040,416986,5,5,51,6879,22,51,0,
2016-09-29,2347,90,449,6651,416986,8,15,51,7040,30,51,7,
2016-09-30,2347,193,71,6773,416986,3,3,45,6651,0,51,6,
2016-10-03,2347,206,189,6790,416986,0,0,45,6773,0,45,0,
2016-10-04,2347,46,57,6763,416986,1,0,44,6790,16,45,0,
2016-10-05,2347,143,50,6856,416986,0,0,44,6763,0,44,0,
2016-10-06,2347,295,121,7030,416986,3,0,41,6856,0,44,0,
2016-10-07,2347,352,18,7364,416986,0,1,42,7030,0,41,0,
2016-10-11,2347,122,519,6967,416986,7,1,36,7364,0,42,0,
2016-10-12,2347,66,124,6909,416986,20,0,16,6967,0,36,0,
2016-10-13,2347,282,110,7076,416986,6,4,14,6909,5,16,0,
2016-10-14,2347,49,258,6856,416986,0,13,27,7076,11,14,0,
2016-10-17,2347,123,87,6890,416986,8,1,20,6856,2,27,0,
2016-10-18,2347,51,46,6894,416986,8,0,12,6890,1,20,0,
2016-10-19,2347,96,24,6966,416986,3,1,9,6894,0,12,1,
2016-10-20,2347,345,3,7306,416986,0,0,9,6966,2,9,0,
2016-10-21,2347,86,13,7379,416986,1,1,9,7306,0,9,0,
2016-10-24,2347,144,158,7358,416986,0,0,9,7379,7,9,0,
2016-10-25,2347,255,21,7590,416986,1,0,8,7358,2,9,0,
2016-10-26,2347,166,67,7689,416986,0,3,11,7590,0,8,0,
2016-10-27,2347,101,147,7643,416986,3,11,19,7689,0,11,0,
2016-10-28,2347,32,54,7596,416986,0,44,63,7643,25,19,0,
2016-10-31,2347,67,26,7637,416986,4,22,81,7596,0,63,0,
2016-11-01,2347,14,14,7637,416986,0,17,98,7637,0,81,0,
2016-11-02,2347,17,249,7399,416986,29,5,74,7637,6,98,0,
2016-11-03,2347,11,43,7367,416986,2,0,72,7399,0,74,0,
2016-11-04,2347,42,234,7175,416986,13,1,60,7367,0,72,0,
2016-11-07,2347,108,379,6904,416986,1,63,122,7175,0,60,0,
2016-11-08,2347,33,147,6790,416986,17,33,138,6904,0,122,0,
2016-11-09,2347,144,293,6641,416986,63,21,96,6790,0,138,0,
2016-11-10,2347,36,188,6489,416986,46,1,51,6641,0,96,0,
2016-11-11,2347,207,603,6093,416986,14,23,60,6489,0,51,0,
2016-11-14,2347,93,45,6140,416986,15,13,58,6093,1,60,0,
2016-11-15,2347,140,58,6222,416986,19,76,115,6140,0,58,0,
2016-11-16,2347,96,23,6295,416986,8,6,113,6222,0,115,0,
2016-11-17,2347,74,70,6286,416986,2,6,117,6295,13,113,0,
2016-11-18,2347,82,21,6347,416986,16,5,84,6286,0,117,22,
2016-11-21,2347,72,30,6387,416986,2,4,86,6347,2,84,0,
2016-11-22,2347,59,134,6312,416986,2,0,84,6387,0,86,0,
2016-11-23,2347,489,27,6773,416986,2,0,82,6312,1,84,0,
2016-11-24,2347,268,10,7031,416986,0,4,86,6773,0,82,0,
2016-11-25,2347,169,63,7136,416986,9,1,78,7031,1,86,0,
2016-11-28,2347,206,45,7295,416986,40,17,55,7136,2,78,0,
2016-11-29,2347,272,53,7511,416986,8,2,49,7295,3,55,0,
2016-11-30,2347,133,43,7601,416986,0,1,50,7511,0,49,0,
2016-12-01,2347,157,36,7712,416986,0,8,58,7601,10,50,0,
2016-12-02,2347,177,87,7800,416986,1,85,142,7712,2,58,0,
2016-12-05,2347,108,182,7677,416986,2,15,155,7800,49,142,0,
2016-12-06,2347,160,40,7797,416986,7,26,174,7677,0,155,0,
2016-12-07,2347,89,141,7732,416986,31,2,145,7797,13,174,0,
2016-12-08,2347,93,116,7671,416986,62,0,83,7732,38,145,0,
2016-12-09,2347,154,153,7643,416986,2,1,82,7671,29,83,0,
2016-12-12,2347,49,211,7481,416986,8,10,84,7643,0,82,0,
2016-12-13,2347,58,94,7443,416986,0,1,85,7481,2,84,0,
2016-12-14,2347,106,75,7474,416986,23,0,62,7443,0,85,0,
2016-12-15,2347,107,12,7569,416986,4,0,58,7474,0,62,0,
2016-12-16,2347,111,41,7638,416986,1,10,67,7569,1,58,0,
2016-12-19,2347,38,15,7061,416986,0,2,69,7638,600,67,0,
2016-12-20,2347,36,45,7052,416986,1,1,69,7061,0,69,0,
2016-12-21,2347,50,31,7071,416986,10,0,59,7052,0,69,0,
2016-12-22,2347,42,69,7034,416986,0,10,69,7071,10,59,0,
2016-12-23,2347,57,38,7052,416986,2,11,46,7034,1,69,32,
2016-12-26,2347,21,102,6969,416986,0,2,48,7052,2,46,0,
2016-12-27,2347,15,9,6975,416986,2,0,46,6969,0,48,0,
2016-12-28,2347,28,4,6983,416986,7,0,39,6975,16,46,0,
2016-12-29,2347,27,48,6953,416986,0,0,39,6983,9,39,0,
2016-12-30,2347,39,59,6918,416986,10,7,36,6953,15,39,0,
2017-01-03,2347,112,28,6885,416986,0,4,40,6918,117,36,0,
2017-01-04,2347,151,34,7002,416986,11,8,37,6885,0,40,0,
2017-01-05,2347,120,7,7112,416986,2,1,36,7002,3,37,0,
2017-01-06,2347,46,51,7105,416986,1,0,35,7112,2,36,0,
2017-01-09,2347,64,24,7144,416986,1,5,39,7105,1,35,0,
2017-01-10,2347,46,105,7075,416986,0,0,39,7144,10,39,0,
2017-01-11,2347,431,67,7434,416986,0,8,47,7075,5,39,0,
2017-01-12,2347,90,162,6857,416986,0,16,63,7434,505,47,0,
2017-01-13,2347,87,128,6815,416986,24,0,39,6857,1,63,0,
2017-01-16,2347,35,126,6724,416986,0,1,40,6815,0,39,0,
2017-01-17,2347,66,113,6633,416986,0,0,40,6724,44,40,0,
2017-01-18,2347,129,96,6625,416986,0,21,61,6633,41,40,0,
2017-01-19,2347,199,74,6745,416986,15,0,46,6625,5,61,0,
2017-01-20,2347,32,90,6614,416986,12,0,34,6745,73,46,0,
2017-01-23,2347,34,60,6584,416986,0,0,34,6614,4,34,0,
2017-01-24,2347,50,135,6479,416986,0,0,34,6584,20,34,0,
2017-02-02,2347,287,61,6496,416986,0,0,34,6472,202,34,0,
2017-02-03,2347,182,91,6587,416986,1,3,36,6496,0,34,0,
2017-02-06,2347,422,178,6831,416986,8,1,29,6587,0,36,0,
2017-02-07,2347,153,219,6765,416986,0,0,29,6831,0,29,0,
2017-02-08,2347,417,262,6919,416986,0,0,29,6765,1,29,0,
2017-02-09,2347,527,606,6840,416986,6,0,23,6919,0,29,0,
2017-02-10,2347,513,417,6936,416986,14,16,25,6840,0,23,0,
2017-02-13,2347,447,339,7013,416986,1,11,35,6936,31,25,0,
2017-02-14,2347,374,176,7211,416986,0,3,38,7013,0,35,0,
2017-02-15,2347,121,294,7002,416986,0,1,39,7211,36,38,0,
2017-02-16,2347,224,226,7000,416986,19,0,20,7002,0,39,0,
2017-02-17,2347,288,238,7050,416986,10,0,10,7000,0,20,0,
2017-02-18,2347,149,47,7149,416986,0,0,10,7050,3,10,0,
2017-02-20,2347,106,78,7177,416986,0,0,10,7149,0,10,0,
2017-02-21,2347,186,194,7165,416986,0,0,10,7177,4,10,0,
2017-02-22,2347,110,55,7200,416986,0,0,10,7165,20,10,0,
2017-02-23,2347,67,85,7182,416986,0,0,10,7200,0,10,0,
2017-02-24,2347,70,280,6971,416986,0,0,10,7182,1,10,0,
2017-03-01,2347,197,193,6975,416986,3,2,9,6971,0,10,0,
2017-03-02,2347,68,160,6883,416986,2,2,9,6975,0,9,0,
2017-03-03,2347,121,52,6943,416986,0,0,9,6883,9,9,0,
2017-03-06,2347,40,24,6941,416986,0,0,9,6943,18,9,0,
2017-03-07,2347,65,70,6936,416986,0,0,9,6941,0,9,0,
2017-03-08,2347,51,17,6970,416986,0,0,9,6936,0,9,0,
2017-03-09,2347,59,40,6989,416986,3,2,8,6970,0,9,0,
2017-03-10,2347,184,100,7073,416986,0,12,20,6989,0,8,0,
2017-03-13,2347,23,54,7042,416986,0,0,20,7073,0,20,0,
2017-03-14,2347,18,42,6995,416986,1,0,19,7042,23,20,0,
2017-03-15,2347,343,36,7302,416986,0,0,19,6995,0,19,0,
2017-03-16,2347,168,116,7354,416986,0,0,19,7302,0,19,0,
2017-03-17,2347,104,67,7293,416986,1,7,25,7354,98,19,0,
2017-03-20,2347,582,343,7529,416986,13,9,21,7293,3,25,0,
2017-03-21,2347,595,338,7745,416986,2,9,28,7529,41,21,0,
2017-03-22,2347,256,111,7880,416986,7,0,21,7745,10,28,0,
2017-03-23,2347,119,136,7853,416986,2,2,21,7880,10,21,0,
2017-03-24,2347,66,111,7773,416986,2,0,17,7853,35,21,2,
2017-03-27,2347,105,161,7717,416986,13,2,6,7773,0,17,0,
2017-03-28,2347,83,254,7543,416986,6,0,0,7717,3,6,0,X
2017-03-29,2347,117,58,7602,416986,0,0,0,7543,0,0,0,X
2017-03-30,2347,17,161,7458,416986,0,0,0,7602,0,0,0,X
2017-03-31,2347,69,90,7437,416986,0,0,0,7458,0,0,0,X
2017-04-05,2347,203,183,7457,416986,0,0,0,7437,0,0,0,
2017-04-06,2347,115,167,7405,416986,0,7,7,7457,0,0,0,
2017-04-07,2347,156,230,7331,416986,0,0,7,7405,0,7,0,
2017-04-10,2347,63,154,7240,416986,0,0,7,7331,0,7,0,
2017-04-11,2347,32,185,7072,416986,0,0,7,7240,15,7,0,
2017-04-12,2347,53,86,7039,416986,0,11,18,7072,0,7,0,
2017-04-13,2347,210,19,7228,416986,0,10,28,7039,2,18,0,
2017-04-14,2347,102,64,7266,416986,1,5,32,7228,0,28,0,
2017-04-17,2347,48,135,7179,416986,10,0,22,7266,0,32,0,
2017-04-18,2347,54,6,7222,416986,0,0,22,7179,5,22,0,
2017-04-19,2347,20,50,7192,416986,2,0,20,7222,0,22,0,
2017-04-20,2347,6,8,7190,416986,0,5,25,7192,0,20,0,
2017-04-21,2347,84,45,7229,416986,0,0,25,7190,0,25,0,
2017-04-24,2347,13,74,7168,416986,4,0,21,7229,0,25,0,
2017-04-25,2347,9,57,7099,416986,0,0,21,7168,21,21,0,
2017-04-26,2347,18,58,7059,416986,1,3,23,7099,0,21,0,
2017-04-27,2347,23,17,7065,416986,2,0,21,7059,0,23,0,
2017-04-28,2347,37,6,7095,416986,1,1,21,7065,1,21,0,
2017-05-02,2347,63,95,7063,416986,1,0,20,7095,0,21,0,
2017-05-03,2347,34,35,7062,416986,0,2,22,7063,0,20,0,
2017-05-04,2347,21,21,7042,416986,0,1,23,7062,20,22,0,
2017-05-05,2347,24,96,6970,416986,7,0,16,7042,0,23,0,
2017-05-08,2347,97,283,6784,416986,1,1,16,6970,0,16,0,
2017-05-09,2347,17,175,6624,416986,0,3,19,6784,2,16,0,
2017-05-10,2347,45,27,6639,416986,3,2,18,6624,3,19,0,
2017-05-11,2347,89,123,6605,416986,1,0,17,6639,0,18,0,
2017-05-12,2347,42,113,6534,416986,0,8,25,6605,0,17,0,
2017-05-15,2347,37,56,6515,416986,3,0,22,6534,0,25,0,
2017-05-16,2347,1921,571,7864,416986,0,37,59,6515,1,22,0,
2017-05-17,2347,794,815,7842,416986,0,60,119,7864,1,59,0,
2017-05-18,2347,444,532,7749,416986,65,28,82,7842,5,119,0,
2017-05-19,2347,258,355,7652,416986,7,40,115,7749,0,82,0,
2017-05-22,2347,258,780,7130,416986,4,1,112,7652,0,115,0,
2017-05-23,2347,708,580,7246,416986,2,16,125,7130,12,112,1,
2017-05-24,2347,156,351,7051,416986,0,24,149,7246,0,125,0,
2017-05-25,2347,238,231,7058,416986,3,8,154,7051,0,149,0,
2017-05-26,2347,110,135,7033,416986,2,4,156,7058,0,154,0,
2017-05-31,2347,148,550,6631,416986,10,20,166,7033,0,156,0,
2017-06-01,2347,51,232,6450,416986,1,0,165,6631,0,166,0,
2017-06-02,2347,203,240,6413,416986,1,2,146,6450,0,165,20,
2017-06-03,2347,121,102,6432,416986,0,0,146,6413,0,146,0,
2017-06-05,2347,137,60,6507,416986,7,1,138,6432,2,146,2,
2017-06-06,2347,478,217,6767,416986,1,6,142,6507,1,138,1,
2017-06-07,2347,51,175,6643,416986,6,2,136,6767,0,142,2,
2017-06-08,2347,179,166,6656,416986,0,1,136,6643,0,136,1,
2017-06-09,2347,605,327,6934,416986,2,0,134,6656,0,136,0,
2017-06-12,2347,470,278,7126,416986,0,1,135,6934,0,134,0,
2017-06-13,2347,46,229,6943,416986,2,0,133,7126,0,135,0,
2017-06-14,2347,196,439,6700,416986,29,4,108,6943,0,133,0,
2017-06-15,2347,126,75,6751,416986,2,1,106,6700,0,108,1,
2017-06-16,2347,153,21,6877,416986,0,0,106,6751,6,106,0,
2017-06-19,2347,220,66,7031,416986,1,0,105,6877,0,106,0,
2017-06-20,2347,168,263,6936,416986,0,0,105,7031,0,105,0,
2017-06-21,2347,214,53,7082,416986,1,2,106,6936,15,105,0,
2017-06-22,2347,181,91,7172,416986,80,2,28,7082,0,106,0,
2017-06-23,2347,117,206,7083,416986,2,0,26,7172,0,28,0,
2017-06-26,2347,66,143,7006,416986,0,10,36,7083,0,26,0,
2017-06-27,2347,68,122,6952,416986,0,0,36,7006,0,36,0,
2017-06-28,2347,174,154,6972,416986,2,0,33,6952,0,36,1,
2017-06-29,2347,135,83,7024,416986,0,3,36,6972,0,33,0,
2017-06-30,2347,26,167,6863,416986,2,2,36,7024,20,36,0,
2017-07-03,2347,227,144,6946,416986,4,1,33,6863,0,36,0,
2017-07-04,2347,134,262,6818,416986,0,0,33,6946,0,33,0,
2017-07-05,2347,43,59,6798,416986,0,0,33,6818,4,33,0,
2017-07-06,2347,23,12,6809,416986,0,0,33,6798,0,33,0,
2017-07-07,2347,31,3,6827,416986,0,1,34,6809,10,33,0,
2017-07-10,2347,69,204,6692,416986,1,0,33,6827,0,34,0,
2017-07-11,2347,329,156,6865,416986,3,0,30,6692,0,33,0,
2017-07-12,2347,276,78,7059,416986,1,1,28,6865,4,30,2,
2017-07-13,2347,221,64,7214,416986,6,0,22,7059,2,28,0,
2017-07-14,2347,239,34,7419,416986,0,0,22,7214,0,22,0,
2017-07-17,2347,14,117,7316,416986,0,1,23,7419,0,22,0,
2017-07-18,2347,69,41,7337,416986,0,0,23,7316,7,23,0,
2017-07-19,2347,200,141,7396,416986,0,0,23,7337,0,23,0,
2017-07-20,2347,88,234,7232,416986,2,0,21,7396,18,23,0,
2017-07-21,2347,120,51,7278,416986,7,0,14,7232,23,21,0,
2017-07-24,2347,71,104,7245,416986,0,1,15,7278,0,14,0,
2017-07-25,2347,157,109,7293,416986,0,0,15,7245,0,15,0,
2017-07-26,2347,52,84,7241,416986,0,4,19,7293,20,15,0,
2017-07-27,2347,125,19,7345,416986,4,0,15,7241,2,19,0,
2017-07-28,2347,35,26,7354,416986,0,7,22,7345,0,15,0,
2017-07-31,2347,99,84,7369,416986,0,2,24,7354,0,22,0,
2017-08-01,2347,129,70,7427,416986,2,13,35,7369,1,24,0,
2017-08-02,2347,97,77,7447,416986,0,1,36,7427,0,35,0,
2017-08-03,2347,26,70,7402,416986,0,0,36,7447,1,36,0,
2017-08-04,2347,62,38,7425,416986,1,0,35,7402,1,36,0,
2017-08-07,2347,141,102,7464,416986,0,1,36,7425,0,35,0,
2017-08-08,2347,29,90,7403,416986,1,4,39,7464,0,36,0,
2017-08-09,2347,16,159,7257,416986,0,2,41,7403,3,39,0,
2017-08-10,2347,59,270,7045,416986,2,3,42,7257,1,41,0,
2017-08-11,2347,121,6,7160,416986,2,0,40,7045,0,42,0,
2017-08-14,2347,337,158,7339,416986,15,10,35,7160,0,40,0,
2017-08-15,2347,202,321,7210,416986,0,1,36,7339,10,35,0,
2017-08-16,2347,247,146,7311,416986,17,1,19,7210,0,36,1,
2017-08-17,2347,198,80,7424,416986,1,0,18,7311,5,19,0,
2017-08-18,2347,363,283,7463,416986,7,0,11,7424,41,18,0,
2017-08-21,2347,138,227,7374,416986,11,0,0,7463,0,11,0,X
2017-08-22,2347,78,200,7252,416986,0,0,0,7374,0,0,0,X
2017-08-23,2347,171,157,7266,416986,0,0,0,7252,0,0,0,X
2017-08-24,2347,88,100,7254,416986,0,0,0,7266,0,0,0,X
2017-08-25,2347,201,472,6933,416986,0,0,0,7254,50,0,0,
2017-08-28,2347,235,148,7020,416986,0,0,0,6933,0,0,0,
2017-08-29,2347,80,139,6961,416986,0,2,2,7020,0,0,0,
2017-08-30,2347,93,47,7007,416986,0,0,2,6961,0,2,0,
2017-08-31,2347,25,34,6998,416986,0,0,2,7007,0,2,0,
2017-09-01,2347,94,172,6920,416986,0,0,2,6998,0,2,0,
2017-09-04,2347,223,23,7120,416986,0,0,2,6920,0,2,0,
2017-09-05,2347,184,47,7257,416986,0,0,2,7120,0,2,0,
2017-09-06,2347,129,97,7289,416986,0,0,2,7257,0,2,0,
2017-09-07,2347,1138,905,7483,416986,0,17,19,7289,39,2,0,
2017-09-08,2347,1300,656,8127,416986,0,71,90,7483,0,19,0,
2017-09-11,2347,1150,1082,8189,416986,7,8,91,8127,6,90,0,
2017-09-12,2347,582,523,8246,416986,35,0,56,8189,2,91,0,
2017-09-13,2347,559,624,8116,416986,0,0,56,8246,65,56,0,
2017-09-14,2347,502,300,8318,416986,4,0,52,8116,0,56,0,
2017-09-15,2347,529,321,8526,416986,27,0,25,8318,0,52,0,
2017-09-18,2347,757,683,8600,416986,1,0,24,8526,0,25,0,
2017-09-19,2347,627,328,8899,416986,0,20,44,8600,0,24,0,
2017-09-20,2347,675,353,9079,416986,0,1,45,8899,142,44,0,
2017-09-21,2347,679,242,9516,416986,0,0,45,9079,0,45,0,
2017-09-22,2347,439,561,9394,416986,12,1,34,9516,0,45,0,
2017-09-25,2347,805,979,9220,416986,15,2,21,9394,0,34,0,
2017-09-26,2347,211,825,8490,416986,8,69,81,9220,116,21,1,
2017-09-27,2347,402,205,8487,416986,2,10,89,8490,200,81,0,
2017-09-28,2347,244,203,8528,416986,5,2,86,8487,0,89,0,
2017-09-29,2347,198,354,8372,416986,4,1,83,8528,0,86,0,
2017-09-30,2347,105,67,8390,416986,2,20,101,8372,20,83,0,
2017-10-02,2347,93,108,8375,416986,0,0,101,8390,0,101,0,
2017-10-03,2347,279,313,8341,416986,0,35,136,8375,0,101,0,
2017-10-05,2347,625,482,8484,416986,6,44,174,8341,0,136,0,
2017-10-06,2347,363,143,8704,416986,4,0,170,8484,0,174,0,
2017-10-11,2347,337,475,8566,416986,2,2,170,8704,0,170,0,
2017-10-12,2347,1129,467,9228,416986,1,11,180,8566,0,170,0,
2017-10-13,2347,419,307,9335,416986,0,2,182,9228,5,180,0,
2017-10-16,2347,647,424,9413,416986,0,13,195,9335,145,182,0,
2017-10-17,2347,540,287,9666,416986,13,22,204,9413,0,195,0,
2017-10-18,2347,198,175,9689,416986,1,10,213,9666,0,204,0,
2017-10-19,2347,56,183,9437,416986,0,0,213,9689,125,213,0,
2017-10-20,2347,67,122,9326,416986,24,1,190,9437,56,213,0,
2017-10-23,2347,588,414,9500,416986,3,16,203,9326,0,190,0,
2017-10-24,2347,462,331,9631,416986,0,5,208,9500,0,203,0,
2017-10-25,2347,198,322,9507,416986,0,35,243,9631,0,208,0,
2017-10-26,2347,157,139,9525,416986,4,20,256,9507,0,243,3,
2017-10-27,2347,265,457,9333,416986,63,2,195,9525,0,256,0,
2017-10-30,2347,162,220,9275,416986,1,0,194,9333,0,195,0,
2017-10-31,2347,383,44,9614,416986,2,1,193,9275,0,194,0,
2017-11-01,2347,189,294,9509,416986,0,0,192,9614,0,193,1,
2017-11-02,2347,127,118,9518,416986,0,21,212,9509,0,192,1,
2017-11-03,2347,213,263,9268,416986,22,0,190,9518,200,212,0,
2017-11-06,2347,175,104,9339,416986,1,0,189,9268,0,190,0,
2017-11-07,2347,147,467,9019,416986,1,10,198,9339,0,189,0,
2017-11-08,2347,355,559,8815,416986,21,2,179,9019,0,198,0,
2017-11-09,2347,213,290,8738,416986,3,1,177,8815,0,179,0,
2017-11-10,2347,471,984,8155,416986,3,7,181,8738,70,177,0,
2017-11-13,2347,303,50,8383,416986,3,5,183,8155,25,181,0,
2017-11-14,2347,385,144,8449,416986,11,3,175,8383,175,183,0,
2017-11-15,2347,396,611,8224,416986,102,0,73,8449,10,175,0,
2017-11-16,2347,175,286,8063,416986,1,1,73,8224,50,73,0,
2017-11-17,2347,202,575,7690,416986,3,82,152,8063,0,73,0,
2017-11-20,2347,311,422,7579,416986,2,27,177,7690,0,152,0,
2017-11-21,2347,201,588,7192,416986,3,11,185,7579,0,177,0,
2017-11-22,2347,128,233,6946,416986,0,2,187,7192,141,185,0,
2017-11-23,2347,138,226,6858,416986,11,0,176,6946,0,187,0,
2017-11-24,2347,289,167,6980,416986,0,1,177,6858,0,176,0,
2017-11-27,2347,140,114,7006,416986,0,1,178,6980,0,177,0,
2017-11-28,2347,183,288,6901,416986,1,6,183,7006,0,178,0,
2017-11-29,2347,550,200,7251,416986,1,2,184,6901,0,183,0,
2017-11-30,2347,528,545,7234,416986,4,4,184,7251,0,184,0,
2017-12-01,2347,338,206,7366,416986,4,15,195,7234,0,184,0,
2017-12-04,2347,85,96,7355,416986,13,3,185,7366,0,195,0,
2017-12-05,2347,78,377,7056,416986,4,2,183,7355,0,185,0,
2017-12-06,2347,150,893,6313,416986,24,10,168,7056,0,183,1,
2017-12-07,2347,335,635,6013,416986,2,25,191,6313,0,168,0,
2017-12-08,2347,391,338,6065,416986,0,11,202,6013,1,191,0,
2017-12-11,2347,245,195,6115,416986,17,34,219,6065,0,202,0,
2017-12-12,2347,137,215,6037,416986,4,17,232,6115,0,219,0,
2017-12-13,2347,421,53,6405,416986,4,0,228,6037,0,232,0,
2017-12-14,2347,139,406,6138,416986,0,23,251,6405,0,228,0,
2017-12-15,2347,454,118,6474,416986,17,0,234,6138,0,251,0,
2017-12-18,2347,88,195,6367,416986,0,11,245,6474,0,234,0,
2017-12-19,2347,106,107,6366,416986,0,0,245,6367,0,245,0,
2017-12-20,2347,69,59,6376,416986,0,0,245,6366,0,245,0,
2017-12-21,2347,241,134,6483,416986,0,1,246,6376,0,245,0,
2017-12-22,2347,67,55,6495,416986,0,0,246,6483,0,246,0,
2017-12-25,2347,86,274,6307,416986,5,12,253,6495,0,246,0,
2017-12-26,2347,127,366,6068,416986,14,5,244,6307,0,253,0,
2017-12-27,2347,65,263,5870,416986,2,13,255,6068,0,244,0,
2017-12-28,2347,56,86,5840,416986,4,5,256,5870,0,255,0,
2017-12-29,2347,138,238,5525,416986,10,0,246,5840,215,256,0,
2018-01-02,2347,64,93,5496,416986,3,1,244,5525,0,246,0,
2018-01-03,2347,1050,138,6408,416986,2,13,255,5496,0,244,0,
2018-01-04,2347,378,331,6455,416986,1,1,255,6408,0,255,0,
2018-01-05,2347,185,110,6530,416986,0,2,257,6455,0,255,0,
2018-01-08,2347,248,200,6568,416986,1,0,256,6530,10,257,0,
2018-01-09,2347,125,208,6450,416986,3,15,268,6568,35,256,0,
2018-01-10,2347,101,269,6282,416986,18,6,256,6450,0,268,0,
2018-01-11,2347,135,178,6239,416986,1,0,255,6282,0,256,0,
2018-01-12,2347,124,42,6321,416986,0,1,256,6239,0,255,0,
2018-01-15,2347,90,148,6263,416986,0,1,257,6321,0,256,0,
2018-01-16,2347,68,102,6229,416986,2,0,255,6263,0,257,0,
2018-01-17,2347,232,202,6259,416986,5,0,250,6229,0,255,0,
2018-01-18,2347,116,100,6275,416986,0,0,250,6259,0,250,0,
2018-01-19,2347,61,178,6158,416986,0,0,250,6275,0,250,0,
2018-01-22,2347,24,92,6090,416986,10,0,240,6158,0,250,0,
2018-01-23,2347,24,81,6003,416986,0,0,240,6090,30,240,0,
2018-01-24,2347,190,273,5920,416986,1,10,249,6003,0,240,0,
2018-01-25,2347,41,173,5788,416986,0,2,251,5920,0,249,0,
2018-01-26,2347,125,28,5885,416986,0,1,252,5788,0,251,0,
2018-01-29,2347,162,59,5988,416986,1,2,253,5885,0,252,0,
2018-01-30,2347,209,224,5964,416986,2,3,254,5988,9,253,0,
2018-01-31,2347,84,54,5994,416986,0,2,256,5964,0,254,0,
2018-02-01,2347,90,26,6058,416986,4,4,256,5994,0,256,0,
2018-02-02,2347,245,162,6132,416986,1,13,268,6058,9,256,0,
2018-02-05,2347,256,822,5546,416986,24,1,245,6132,20,268,0,
2018-02-06,2347,388,395,5539,416986,195,5,55,5546,0,245,0,
2018-02-07,2347,718,213,6044,416986,1,4,58,5539,0,55,0,
2018-02-08,2347,106,101,6040,416986,5,0,53,6044,9,58,0,
2018-02-09,2347,179,380,5839,416986,27,0,26,6040,0,53,0,
2018-02-12,2347,133,111,5860,416986,1,0,25,5839,1,26,0,
2018-02-21,2347,171,56,5970,416986,0,0,25,5856,1,25,0,
2018-02-22,2347,62,7,6025,416986,5,0,20,5970,0,25,0,
2018-02-23,2347,110,188,5927,416986,3,0,17,6025,20,20,0,
2018-02-26,2347,114,42,5984,416986,0,1,18,5927,15,17,0,
2018-02-27,2347,158,64,6057,416986,0,2,20,5984,21,18,0,
2018-03-01,2347,61,204,5914,416986,0,11,31,6057,0,20,0,
2018-03-02,2347,163,38,6039,416986,2,2,31,5914,0,31,0,
2018-03-05,2347,396,21,6409,416986,1,3,33,6039,5,31,0,
2018-03-06,2347,105,95,6419,416986,2,1,32,6409,0,33,0,
2018-03-07,2347,56,120,6355,416986,1,2,33,6419,0,32,0,
2018-03-08,2347,72,128,6299,416986,0,0,33,6355,0,33,0,
2018-03-09,2347,13,16,6296,416986,0,0,33,6299,0,33,0,
2018-03-12,2347,39,69,6266,416986,12,0,21,6296,0,33,0,
2018-03-13,2347,550,109,6707,416986,4,0,17,6266,0,21,0,
2018-03-14,2347,751,637,6781,416986,0,10,27,6707,40,17,0,
2018-03-15,2347,159,522,6418,416986,0,4,31,6781,0,27,0,
2018-03-16,2347,327,545,6178,416986,7,72,96,6418,22,31,0,
2018-03-19,2347,99,183,6094,416986,1,5,100,6178,0,96,0,
2018-03-20,2347,88,628,5554,416986,6,9,103,6094,0,100,0,
2018-03-21,2347,295,323,5526,416986,4,2,101,5554,0,103,0,
2018-03-22,2347,269,729,5066,416986,0,10,111,5526,0,101,0,
2018-03-23,2347,350,321,5095,416986,8,17,118,5066,0,111,2,
2018-03-26,2347,141,220,4936,416986,12,4,110,5095,80,118,0,
2018-03-27,2347,157,343,4750,416986,37,2,75,4936,0,110,0,
2018-03-28,2347,121,224,4647,416986,23,0,52,4750,0,75,0,
2018-03-29,2347,19,53,4583,416986,6,0,45,4647,30,52,1,
2018-03-30,2347,54,63,4574,416986,1,1,45,4583,0,45,0,
2018-03-31,2347,17,143,4448,416986,1,0,44,4574,0,45,0,
2018-04-02,2347,139,94,4453,416986,23,0,20,4448,40,44,1,X
2018-04-03,2347,208,48,4613,416986,20,0,0,4453,0,20,0,X
2018-04-09,2347,136,260,4489,416986,0,0,0,4613,0,0,0,X
2018-04-10,2347,71,60,4500,416986,0,0,0,4489,0,0,0,X
2018-04-11,2347,156,123,4533,416986,0,0,0,4500,0,0,0,
2018-04-12,2347,89,363,4259,416986,0,4,4,4533,0,0,0,
2018-04-13,2347,37,184,4112,416986,0,11,15,4259,0,4,0,
2018-04-16,2347,70,118,4064,416986,5,17,27,4112,0,15,0,
2018-04-17,2347,90,104,4042,416986,1,7,33,4064,8,27,0,
2018-04-18,2347,59,188,3913,416986,1,11,43,4042,0,33,0,
2018-04-19,2347,121,69,3965,416986,0,23,66,3913,0,43,0,
2018-04-20,2347,303,45,4223,416986,0,48,114,3965,0,66,0,
2018-04-23,2347,54,304,3972,416986,50,2,66,4223,1,114,0,
2018-04-24,2347,304,411,3865,416986,1,8,73,3972,0,66,0,
2018-04-25,2347,29,129,3765,416986,5,3,71,3865,0,73,0,
2018-04-26,2347,116,110,3771,416986,21,7,57,3765,0,71,0,
2018-04-27,2347,288,174,3885,416986,22,10,45,3771,0,57,0,
2018-04-30,2347,102,45,3942,416986,16,0,29,3885,0,45,0,
2018-05-02,2347,117,31,4028,416986,1,0,28,3942,0,29,0,
2018-05-03,2347,61,10,4079,416986,6,2,24,4028,0,28,0,
2018-05-04,2347,89,188,3980,416986,1,20,43,4079,0,24,0,
2018-05-07,2347,68,25,4023,416986,0,5,48,3980,0,43,0,
2018-05-08,2347,68,121,3962,416986,7,10,51,4023,8,48,0,
2018-05-09,2347,90,61,3991,416986,0,0,51,3962,0,51,0,
2018-05-10,2347,320,98,4211,416986,0,36,87,3991,2,51,0,
2018-05-11,2347,304,97,4418,416986,15,0,72,4211,0,87,0,
2018-05-14,2347,356,434,4340,416986,5,26,93,4418,0,72,0,
2018-05-15,2347,459,186,4613,416986,10,5,88,4340,0,93,0,
2018-05-16,2347,271,538,4342,416986,0,20,108,4613,4,88,0,
2018-05-17,2347,343,553,4128,416986,1,16,123,4342,4,108,0,
2018-05-18,2347,144,466,3806,416986,13,13,123,4128,0,123,0,
2018-05-21,2347,118,293,3631,416986,5,1,119,3806,0,123,0,
2018-05-22,2347,116,134,3613,416986,6,2,115,3631,0,119,0,
2018-05-23,2347,58,61,3610,416986,1,4,118,3613,0,115,0,
2018-05-24,2347,234,195,3649,416986,4,1,114,3610,0,118,1,
2018-05-25,2347,116,272,3493,416986,1,0,113,3649,0,114,0,
2018-05-28,2347,123,56,3560,416986,1,0,112,3493,0,113,0,
2018-05-29,2347,132,122,3570,416986,3,0,109,3560,0,112,0,
2018-05-30,2347,188,245,3513,416986,8,10,111,3570,0,109,0,
2018-05-31,2347,72,252,3303,416986,0,4,114,3513,30,111,1,
2018-06-01,2347,238,8,3533,416986,4,0,110,3303,0,114,0,
2018-06-04,2347,60,361,3232,416986,2,2,110,3533,0,110,0,
2018-06-05,2347,69,145,3155,416986,0,3,113,3232,1,110,0,
2018-06-06,2347,306,19,3438,416986,6,0,107,3155,4,113,0,
2018-06-07,2347,34,230,3242,416986,2,0,105,3438,0,107,0,
2018-06-08,2347,161,10,3393,416986,0,0,105,3242,0,105,0,
2018-06-11,2347,201,150,3444,416986,1,3,107,3393,0,105,0,
2018-06-12,2347,25,114,3355,416986,3,2,106,3444,0,107,0,
2018-06-13,2347,119,62,3412,416986,7,2,101,3355,0,106,0,
2018-06-14,2347,61,31,3442,416986,1,2,102,3412,0,101,0,
2018-06-15,2347,65,70,3437,416986,0,0,102,3442,0,102,0,
2018-06-19,2347,160,173,3424,416986,12,17,107,3437,0,102,0,
2018-06-20,2347,165,71,3518,416986,11,3,99,3424,0,107,0,
2018-06-21,2347,123,33,3608,416986,0,3,102,3518,0,99,0,
2018-06-22,2347,36,134,3510,416986,4,0,98,3608,0,102,0,
2018-06-25,2347,204,172,3542,416986,11,0,87,3510,0,98,0,
2018-06-26,2347,41,464,3119,416986,4,5,88,3542,0,87,0,
2018-06-27,2347,364,19,3464,416986,5,9,92,3119,0,88,0,
2018-06-28,2347,207,51,3620,416986,8,22,106,3464,0,92,0,
2018-06-29,2347,43,104,3553,416986,12,22,116,3620,6,106,0,
2018-07-02,2347,364,86,3831,416986,22,5,99,3553,0,116,0,
2018-07-03,2347,133,36,3928,416986,10,19,108,3831,0,99,0,
2018-07-04,2347,44,36,3936,416986,0,3,111,3928,0,108,0,
2018-07-05,2347,380,383,3933,416986,14,12,109,3936,0,111,0,
2018-07-06,2347,447,135,4245,416986,84,6,31,3933,0,109,0,
2018-07-09,2347,128,137,4236,416986,11,7,27,4245,0,31,0,
2018-07-10,2347,66,340,3962,416986,3,3,27,4236,0,27,0,
2018-07-11,2347,107,57,4002,416986,3,18,42,3962,10,27,0,
2018-07-12,2347,59,158,3903,416986,3,30,69,4002,0,42,0,
2018-07-13,2347,14,91,3826,416986,4,0,65,3903,0,69,0,
2018-07-16,2347,11,23,3814,416986,15,0,50,3826,0,65,0,
2018-07-17,2347,162,43,3933,416986,18,6,38,3814,0,50,0,
2018-07-18,2347,28,88,3873,416986,0,4,42,3933,0,38,0,
2018-07-19,2347,123,44,3752,416986,0,23,65,3873,200,42,0,
2018-07-20,2347,55,97,3710,416986,21,1,45,3752,0,65,0,
2018-07-23,2347,32,246,3496,416986,3,1,43,3710,0,45,0,
2018-07-24,2347,202,8,3690,416986,3,4,44,3496,0,43,0,
2018-07-25,2347,139,36,3793,416986,3,0,41,3690,0,44,0,
2018-07-26,2347,287,177,3889,416986,1,4,44,3793,14,41,0,
2018-07-27,2347,730,176,4438,416986,11,0,33,3889,5,44,0,
2018-07-30,2347,191,78,4537,416986,4,0,29,4438,14,33,0,
2018-07-31,2347,196,5,4714,416986,0,7,36,4537,14,29,0,
2018-08-01,2347,74,18,4755,416986,5,0,31,4714,15,36,0,
2018-08-02,2347,70,56,4754,416986,0,3,34,4755,15,31,0,
2018-08-03,2347,19,39,4725,416986,0,4,38,4754,9,34,0,
2018-08-06,2347,27,14,4738,416986,1,0,37,4725,0,38,0,
2018-08-07,2347,321,73,4986,416986,1,27,63,4738,0,37,0,
2018-08-08,2347,327,646,4667,416986,29,0,34,4986,0,63,0,
2018-08-09,2347,37,258,4446,416986,3,7,38,4667,0,34,0,
2018-08-10,2347,62,284,4074,416986,8,1,31,4446,150,38,0,
2018-08-13,2347,249,256,4067,416986,10,96,117,4074,0,31,0,
2018-08-14,2347,68,58,4077,416986,57,17,77,4067,0,117,0,
2018-08-15,2347,617,302,4392,416986,63,10,14,4077,0,77,10,X
2018-08-16,2347,60,147,4303,416986,12,0,0,4392,2,14,2,X
2018-08-17,2347,12,553,3761,416986,0,0,0,4303,1,0,0,X
2018-08-20,2347,59,136,3684,416986,0,0,0,3761,0,0,0,X
2018-08-21,2347,59,429,3314,416986,0,0,0,3684,0,0,0,
2018-08-22,2347,107,57,3364,416986,0,2,2,3314,0,0,0,
2018-08-23,2347,30,102,3292,416986,0,20,22,3364,0,2,0,
2018-08-24,2347,78,104,3266,416986,14,6,14,3292,0,22,0,
2018-08-27,2347,34,67,3233,416986,1,8,21,3266,0,14,0,
2018-08-28,2347,67,40,3260,416986,0,4,25,3233,0,21,0,
2018-08-29,2347,37,23,3272,416986,2,8,31,3260,2,25,0,
2018-08-30,2347,80,34,3272,416986,0,0,31,3272,46,31,0,
2018-08-31,2347,15,21,3237,416986,7,1,25,3272,29,31,0,
2018-09-03,2347,72,4,3305,416986,4,0,21,3237,0,25,0,
2018-09-04,2347,15,35,3285,416986,0,0,21,3305,0,21,0,
2018-09-05,2347,212,184,3263,416986,3,10,28,3285,50,21,0,
2018-09-06,2347,86,35,3314,416986,0,13,41,3263,0,28,0,
2018-09-07,2347,123,55,3382,416986,19,17,39,3314,0,41,0,
2018-09-10,2347,64,109,3337,416986,13,32,58,3382,0,39,0,
2018-09-11,2347,91,4,3404,416986,31,8,35,3337,20,58,0,
2018-09-12,2347,36,80,3360,416986,16,3,22,3404,0,35,0,
2018-09-13,2347,147,1,3506,416986,4,0,18,3360,0,22,0,
2018-09-14,2347,37,47,3484,416986,6,1,13,3506,12,18,0,
2018-09-17,2347,42,42,3484,416986,1,5,17,3484,0,13,0,
2018-09-18,2347,41,97,3428,416986,0,4,21,3484,0,17,0,
2018-09-19,2347,73,55,3446,416986,0,0,21,3428,0,21,0,
2018-09-20,2347,167,16,3597,416986,6,5,20,3446,0,21,0,
2018-09-21,2347,68,55,3610,416986,4,3,19,3597,0,20,0,
2018-09-25,2347,73,233,3450,416986,1,18,36,3610,0,19,0,
2018-09-26,2347,164,25,3589,416986,6,6,36,3450,0,36,0,
2018-09-27,2347,66,75,3580,416986,0,8,44,3589,0,36,0,
2018-09-28,2347,136,33,3683,416986,2,1,43,3580,0,44,0,
2018-10-01,2347,218,24,3877,416986,10,1,34,3683,0,43,0,
2018-10-02,2347,364,30,4211,416986,4,64,94,3877,0,34,0,
2018-10-03,2347,29,158,4082,416986,1,6,99,4211,0,94,0,
2018-10-04,2347,278,89,4271,416986,10,95,184,4082,0,99,0,
2018-10-05,2347,88,219,4140,416986,58,20,146,4271,0,184,0,
2018-10-08,2347,34,39,4135,416986,16,0,130,4140,0,146,0,
2018-10-09,2347,48,66,4117,416986,8,3,125,4135,0,130,0,
2018-10-11,2347,250,220,4147,416986,39,9,95,4117,0,125,0,
2018-10-12,2347,95,74,4156,416986,9,7,93,4147,12,95,0,
2018-10-15,2347,67,41,4172,416986,4,0,89,4156,10,93,0,
2018-10-16,2347,57,80,4123,416986,2,11,98,4172,26,89,0,
2018-10-17,2347,33,99,4057,416986,4,5,99,4123,0,98,0,
2018-10-18,2347,53,74,4026,416986,0,1,100,4057,10,99,0,
2018-10-19,2347,102,195,3933,416986,61,18,57,4026,0,100,0,
2018-10-22,2347,127,20,4040,416986,14,7,50,3933,0,57,0,
2018-10-23,2347,50,24,4066,416986,14,2,38,4040,0,50,0,
2018-10-24,2347,29,21,4064,416986,2,0,36,4066,10,38,0,
2018-10-25,2347,182,125,4121,416986,6,20,50,4064,0,36,0,
2018-10-26,2347,28,80,4067,416986,12,13,51,4121,2,50,0,
2018-10-29,2347,39,26,4063,416986,14,2,39,4067,17,51,0,
2018-10-30,2347,9,28,4044,416986,3,3,39,4063,0,39,0,
2018-10-31,2347,114,43,4115,416986,1,1,39,4044,0,39,0,
2018-11-01,2347,36,110,4041,416986,5,6,40,4115,0,39,0,
2018-11-02,2347,82,106,4017,416986,1,6,45,4041,0,40,0,
2018-11-05,2347,1,58,3958,416986,4,1,42,4017,2,45,0,
2018-11-06,2347,21,43,3932,416986,0,1,43,3958,4,42,0,
2018-11-07,2347,24,66,3890,416986,1,60,102,3932,0,43,0,
2018-11-08,2347,15,44,3861,416986,1,1,102,3890,0,102,0,
2018-11-09,2347,77,158,3776,416986,60,5,47,3861,4,102,0,
2018-11-12,2347,39,10,3805,416986,2,6,51,3776,0,47,0,
2018-11-13,2347,71,52,3824,416986,12,30,69,3805,0,51,0,
2018-11-14,2347,49,27,3846,416986,1,2,70,3824,0,69,0,
2018-11-15,2347,308,29,4125,416986,10,55,115,3846,0,70,0,
2018-11-16,2347,107,64,4168,416986,12,18,121,4125,0,115,0,
2018-11-19,2347,149,64,4253,416986,22,9,108,4168,0,121,0,
2018-11-20,2347,78,44,4287,416986,16,1,93,4253,0,108,0,
2018-11-21,2347,9,79,4217,416986,0,3,96,4287,0,93,0,
2018-11-22,2347,47,27,4197,416986,1,2,97,4217,40,96,0,
2018-11-23,2347,25,53,4169,416986,7,0,90,4197,0,97,0,
2018-11-26,2347,213,107,4275,416986,11,1,80,4169,0,90,0,
2018-11-27,2347,327,30,4495,416986,18,1,63,4275,77,80,0,
2018-11-28,2347,523,304,4714,416986,41,4,26,4495,0,63,0,
2018-11-29,2347,1756,746,5724,416986,4,15,37,4714,0,26,0,
2018-11-30,2347,247,1338,4633,416986,13,13,37,5724,0,37,0,
2018-12-03,2347,133,375,4369,416986,7,71,101,4633,22,37,0,
2018-12-04,2347,139,140,4341,416986,2,4,103,4369,27,101,0,
2018-12-05,2347,150,237,4231,416986,38,1,65,4341,23,103,1,
2018-12-06,2347,102,222,4111,416986,46,1,20,4231,0,65,0,
2018-12-07,2347,129,25,4214,416986,2,6,24,4111,1,20,0,
2018-12-10,2347,98,43,4269,416986,5,1,20,4214,0,24,0,
2018-12-11,2347,74,121,4222,416986,0,7,27,4269,0,20,0,
2018-12-12,2347,80,66,4236,416986,2,5,30,4222,0,27,0,
2018-12-13,2347,105,36,4303,416986,0,2,32,4236,2,30,0,
2018-12-14,2347,15,38,4280,416986,0,1,33,4303,0,32,0,
2018-12-17,2347,71,22,4329,416986,1,8,40,4280,0,33,0,
2018-12-18,2347,178,77,4430,416986,22,8,26,4329,0,40,0,
2018-12-19,2347,40,146,4324,416986,1,3,28,4430,0,26,0,
2018-12-20,2347,22,55,4241,416986,1,0,27,4324,50,28,0,
2018-12-21,2347,86,211,4116,416986,4,1,24,4241,0,27,0,
2018-12-22,2347,23,102,4036,416986,1,2,25,4116,1,24,0,
2018-12-24,2347,13,96,3953,416986,0,2,26,4036,0,25,1,
2018-12-25,2347,128,70,4011,416986,8,1,19,3953,0,26,0,
2018-12-26,2347,119,52,4078,416986,7,4,16,4011,0,19,0,
2018-12-27,2347,37,102,4013,416986,0,5,21,4078,0,16,0,
2018-12-28,2347,31,92,3952,416986,0,0,20,4013,0,21,1,
2019-01-02,2347,125,25,4052,416986,5,5,20,3952,0,20,0,
2019-01-03,2347,15,49,4018,416986,1,2,21,4052,0,20,0,
2019-01-04,2347,28,63,3982,416986,3,1,19,4018,1,21,0,
2019-01-07,2347,14,75,3918,416986,0,2,21,3982,3,19,0,
2019-01-08,2347,61,25,3954,416986,1,0,20,3918,0,21,0,
2019-01-09,2347,61,160,3855,416986,3,15,32,3954,0,20,0,
2019-01-10,2347,90,155,3790,416986,5,2,29,3855,0,32,0,
2019-01-11,2347,18,87,3694,416986,1,5,33,3790,27,29,0,
2019-01-14,2347,29,15,3703,416986,0,0,33,3694,5,33,0,
2019-01-15,2347,69,81,3600,416986,0,1,34,3703,91,33,0,
2019-01-16,2347,31,10,3621,416986,6,1,29,3600,0,34,0,
2019-01-17,2347,36,48,3449,416986,1,0,28,3621,160,29,0,
2019-01-18,2347,111,109,3451,416986,0,10,38,3449,0,28,0,
2019-01-21,2347,70,49,3472,416986,1,0,37,3451,0,38,0,
2019-01-22,2347,291,35,3728,416986,7,10,40,3472,0,37,0,
2019-01-23,2347,37,46,3719,416986,9,1,32,3728,0,40,0,
2019-01-24,2347,25,29,3715,416986,0,1,32,3719,0,32,1,
2019-01-25,2347,27,212,3528,416986,0,9,41,3715,2,32,0,
2019-01-28,2347,37,30,3532,416986,0,1,42,3528,3,41,0,
2019-01-29,2347,11,67,3476,416986,0,0,42,3532,0,42,0,
2019-01-30,2347,26,144,3354,416986,0,0,42,3476,4,42,0,
2019-02-11,2347,103,49,3408,416986,0,1,43,3354,0,42,0,
2019-02-12,2347,60,41,3422,416986,0,0,43,3408,5,43,0,
2019-02-13,2347,48,9,3459,416986,1,1,43,3422,2,43,0,
2019-02-14,2347,47,8,3497,416986,0,0,43,3459,1,43,0,
2019-02-15,2347,86,110,3467,416986,4,1,40,3497,6,43,0,
2019-02-18,2347,19,88,3398,416986,2,5,43,3467,0,40,0,
2019-02-19,2347,41,2,3435,416986,0,0,43,3398,2,43,0,
2019-02-20,2347,18,60,3393,416986,0,0,43,3435,0,43,0,
2019-02-21,2347,144,9,3528,416986,1,0,42,3393,0,43,0,
2019-02-22,2347,48,19,3557,416986,0,1,43,3528,0,42,0,
2019-02-25,2347,48,63,3542,416986,1,1,43,3557,0,43,0,
2019-02-26,2347,73,14,3601,416986,0,1,44,3542,0,43,0,
2019-02-27,2347,29,26,3594,416986,1,0,43,3601,10,44,0,
2019-03-04,2347,289,53,3830,416986,25,19,37,3594,0,43,0,
2019-03-05,2347,61,102,3789,416986,4,2,35,3830,0,37,0,
2019-03-06,2347,6,53,3722,416986,16,3,22,3789,20,35,0,
2019-03-07,2347,21,11,3732,416986,0,10,32,3722,0,22,0,
2019-03-08,2347,56,43,3739,416986,4,16,44,3732,6,32,0,
2019-03-11,2347,91,122,3707,416986,0,2,46,3739,1,44,0,
2019-03-12,2347,17,86,3638,416986,1,2,47,3707,0,46,0,
2019-03-13,2347,75,49,3664,416986,0,0,47,3638,0,47,0,
2019-03-14,2347,139,154,3647,416986,9,1,39,3664,2,47,0,
2019-03-15,2347,72,356,3362,416986,10,0,29,3647,1,39,0,
2019-03-18,2347,37,38,3361,416986,1,3,31,3362,0,29,0,
2019-03-19,2347,34,55,3330,416986,3,0,28,3361,10,31,0,
2019-03-20,2347,51,11,3368,416986,4,2,26,3330,2,28,0,
2019-03-21,2347,71,37,3402,416986,6,1,19,3368,0,26,2,
2019-03-22,2347,85,90,3389,416986,1,0,18,3402,8,19,0,
2019-03-25,2347,5,61,3333,416986,11,0,7,3389,0,18,0,
2019-03-26,2347,45,32,3346,416986,1,0,6,3333,0,7,0,X
2019-03-27,2347,77,59,3361,416986,3,0,0,3346,3,6,3,X
2019-03-28,2347,23,182,3202,416986,0,0,0,3361,0,0,0,X
2019-03-29,2347,20,74,3148,416986,0,0,0,3202,0,0,0,X
2019-04-01,2347,66,45,3169,416986,0,0,0,3148,0,0,0,
2019-04-02,2347,106,55,3217,416986,0,0,0,3169,3,0,0,
2019-04-03,2347,42,51,3208,416986,0,1,1,3217,0,0,0,
2019-04-08,2347,83,63,3228,416986,0,0,1,3208,0,1,0,
2019-04-09,2347,96,117,3206,416986,0,6,7,3228,1,1,0,
2019-04-10,2347,100,110,3196,416986,0,2,9,3206,0,7,0,
2019-04-11,2347,20,226,2989,416986,0,4,13,3196,1,9,0,
2019-04-12,2347,59,132,2916,416986,10,11,14,2989,0,13,0,
2019-04-15,2347,61,56,2921,416986,3,0,11,2916,0,14,0,
2019-04-16,2347,450,192,3179,416986,6,2,7,2921,0,11,0,
2019-04-17,2347,247,358,3068,416986,0,0,7,3179,0,7,0,
2019-04-18,2347,187,88,3167,416986,5,1,3,3068,0,7,0,
2019-04-19,2347,68,124,3111,416986,0,5,8,3167,0,3,0,
2019-04-22,2347,16,70,3057,416986,2,0,6,3111,0,8,0,
2019-04-23,2347,57,135,2975,416986,2,0,4,3057,4,6,0,
2019-04-24,2347,85,88,2972,416986,0,0,4,2975,0,4,0,
2019-04-25,2347,68,4,3031,416986,2,0,2,2972,5,4,0,
2019-04-26,2347,32,11,3052,416986,1,0,1,3031,0,2,0,
2019-04-29,2347,25,41,3036,416986,0,0,1,3052,0,1,0,
2019-04-30,2347,13,46,3003,416986,0,0,1,3036,0,1,0,
2019-05-02,2347,73,29,3047,416986,0,1,2,3003,0,1,0,
2019-05-03,2347,6,70,2953,416986,0,0,2,3047,30,2,0,
2019-05-06,2347,38,135,2855,416986,1,0,1,2953,1,2,0,
2019-05-07,2347,12,21,2846,416986,0,0,1,2855,0,1,0,
2019-05-08,2347,11,37,2691,416986,0,0,1,2846,129,1,0,
2019-05-09,2347,73,143,2621,416986,0,4,5,2691,0,1,0,
2019-05-10,2347,10,66,2565,416986,0,11,16,2621,0,5,0,
2019-05-13,2347,60,45,2580,416986,2,0,14,2565,0,16,0,
2019-05-14,2347,69,37,2612,416986,5,47,56,2580,0,14,0,
2019-05-15,2347,22,43,2591,416986,40,2,18,2612,0,56,0,
2019-05-16,2347,74,49,2616,416986,7,1,12,2591,0,18,0,
2019-05-17,2347,12,80,2548,416986,2,0,10,2616,0,12,0,
2019-05-20,2347,45,89,2504,416986,0,8,18,2548,0,10,0,
2019-05-21,2347,19,59,2453,416986,7,0,11,2504,11,18,0,
2019-05-22,2347,8,2,2459,416986,0,2,13,2453,0,11,0,
2019-05-23,2347,13,82,2390,416986,2,0,11,2459,0,13,0,
2019-05-24,2347,51,32,2409,416986,3,0,8,2390,0,11,0,
2019-05-27,2347,4,75,2337,416986,0,15,23,2409,1,8,0,
2019-05-28,2347,95,67,2365,416986,16,1,8,2337,0,23,0,
2019-05-29,2347,34,22,2365,416986,0,0,8,2365,12,8,0,
2019-05-30,2347,27,4,2388,416986,0,11,19,2365,0,8,0,
2019-05-31,2347,10,34,2364,416986,6,0,13,2388,0,19,0,
2019-06-03,2347,5,141,2227,416986,0,5,18,2364,1,13,0,
2019-06-04,2347,37,17,2247,416986,1,4,21,2227,0,18,0,
2019-06-05,2347,75,31,2291,416986,7,0,14,2247,0,21,0,
2019-06-06,2347,22,8,2305,416986,11,50,53,2291,0,14,0,
2019-06-10,2347,2,46,2261,416986,50,2,5,2305,0,53,0,
2019-06-11,2347,35,12,2284,416986,0,0,5,2261,0,5,0,
2019-06-12,2347,8,63,2229,416986,0,0,5,2284,0,5,0,
2019-06-13,2347,23,16,2236,416986,0,0,5,2229,0,5,0,
2019-06-14,2347,34,19,2251,416986,0,0,5,2236,0,5,0,
2019-06-17,2347,20,32,2239,416986,2,2,5,2251,0,5,0,
2019-06-18,2347,17,22,2194,416986,0,0,5,2239,40,5,0,
2019-06-19,2347,16,71,2139,416986,0,3,8,2194,0,5,0,
2019-06-20,2347,74,81,2132,416986,0,5,13,2139,0,8,0,
2019-06-21,2347,91,66,2157,416986,0,25,38,2132,0,13,0,
2019-06-24,2347,80,91,2146,416986,0,0,38,2157,0,38,0,
2019-06-25,2347,39,28,2157,416986,0,0,38,2146,0,38,0,
2019-06-26,2347,33,17,2173,416986,0,3,41,2157,0,38,0,
2019-06-27,2347,32,42,2162,416986,1,0,40,2173,1,41,0,
2019-06-28,2347,14,1,2175,416986,0,0,40,2162,0,40,0,
2019-07-01,2347,30,30,2175,416986,2,0,38,2175,0,40,0,
2019-07-02,2347,35,49,2161,416986,3,2,37,2175,0,38,0,
2019-07-03,2347,14,42,2128,416986,0,0,37,2161,5,37,0,
2019-07-04,2347,6,45,2089,416986,0,0,37,2128,0,37,0,
2019-07-05,2347,13,12,2090,416986,0,0,37,2089,0,37,0,
2019-07-08,2347,7,56,2040,416986,0,0,37,2090,1,37,0,
2019-07-09,2347,5,47,1998,416986,4,0,33,2040,0,37,0,
2019-07-10,2347,3,12,1989,416986,0,0,33,1998,0,33,0,
2019-07-11,2347,28,6,2011,416986,0,0,33,1989,0,33,0,
2019-07-12,2347,10,9,2012,416986,11,0,22,2011,0,33,0,
2019-07-15,2347,0,0,2012,416986,0,0,22,2012,0,22,0,
2019-07-16,2347,1,14,1999,416986,0,2,24,2012,0,22,0,
2019-07-17,2347,145,10,2134,416986,0,0,24,1999,0,24,0,
2019-07-18,2347,4,2,2136,416986,0,0,24,2134,0,24,0,
2019-07-19,2347,7,1,2142,416986,0,0,24,2136,0,24,0,
2019-07-22,2347,9,88,2063,416986,0,0,24,2142,0,24,0,
2019-07-23,2347,11,3,2071,416986,2,2,24,2063,0,24,0,
2019-07-24,2347,27,37,2061,416986,2,0,22,2071,0,24,0,
2019-07-25,2347,12,129,1944,416986,3,1,20,2061,0,22,0,
2019-07-26,2347,9,37,1915,416986,3,3,20,1944,1,20,0,
2019-07-29,2347,18,14,1919,416986,0,0,20,1915,0,20,0,
2019-07-30,2347,8,13,1913,416986,0,1,21,1919,1,20,0,
2019-07-31,2347,54,3,1964,416986,1,0,20,1913,0,21,0,
2019-08-01,2347,5,6,1963,416986,10,0,10,1964,0,20,0,
2019-08-02,2347,0,56,1907,416986,2,0,8,1963,0,10,0,
2019-08-05,2347,8,63,1852,416986,0,1,9,1907,0,8,0,
2019-08-06,2347,23,25,1850,416986,0,3,12,1852,0,9,0,
2019-08-07,2347,12,11,1851,416986,0,0,12,1850,0,12,0,
2019-08-08,2347,20,0,1871,416986,0,0,12,1851,0,12,0,
2019-08-12,2347,70,6,1935,416986,4,0,8,1871,0,12,0,
2019-08-13,2347,31,5,1961,416986,2,0,6,1935,0,8,0,
2019-08-14,2347,4,4,1961,416986,0,0,6,1961,0,6,0,
2019-08-15,2347,23,102,1882,416986,6,0,0,1961,0,6,0,
2019-08-16,2347,5,11,1876,416986,0,3,3,1882,0,0,0,X
2019-08-19,2347,20,5,1890,416986,3,0,0,1876,1,3,0,X
2019-08-20,2347,24,13,1901,416986,0,0,0,1890,0,0,0,X
2019-08-21,2347,22,34,1889,416986,0,0,0,1901,0,0,0,X
2019-08-22,2347,113,115,1887,416986,0,0,0,1889,0,0,0,
2019-08-23,2347,175,25,2037,416986,0,0,0,1887,0,0,0,
2019-08-26,2347,65,199,1843,416986,0,0,0,2037,60,0,0,
2019-08-27,2347,28,35,1836,416986,0,104,104,1843,0,0,0,
2019-08-28,2347,62,12,1885,416986,103,0,1,1836,1,104,0,
2019-08-29,2347,0,18,1864,416986,0,0,1,1885,3,1,0,
2019-08-30,2347,6,29,1841,416986,0,0,1,1864,0,1,0,
2019-09-02,2347,34,9,1866,416986,0,0,1,1841,0,1,0,
2019-09-03,2347,91,70,1885,416986,0,1,2,1866,2,1,0,
2019-09-04,2347,28,16,1897,416986,0,0,2,1885,0,2,0,
2019-09-05,2347,108,16,1989,416986,0,1,3,1897,0,2,0,
2019-09-06,2347,68,5,2049,416986,0,0,3,1989,3,3,0,
2019-09-09,2347,47,89,2007,416986,0,0,3,2049,0,3,0,
2019-09-10,2347,9,50,1966,416986,0,3,6,2007,0,3,0,
2019-09-11,2347,45,11,2000,416986,1,0,5,1966,0,6,0,
2019-09-12,2347,53,46,2007,416986,0,0,5,2000,0,5,0,
2019-09-16,2347,35,84,1958,416986,0,0,5,2007,0,5,0,
2019-09-17,2347,8,48,1918,416986,0,1,6,1958,0,5,0,
2019-09-18,2347,27,7,1938,416986,0,0,6,1918,0,6,0,
2019-09-19,2347,31,25,1944,416986,0,0,6,1938,0,6,0,
2019-09-20,2347,21,50,1914,416986,0,0,6,1944,1,6,0,
2019-09-23,2347,4,31,1887,416986,0,0,6,1914,0,6,0,
2019-09-24,2347,25,34,1878,416986,0,0,6,1887,0,6,0,
2019-09-25,2347,111,25,1964,416986,0,0,6,1878,0,6,0,
2019-09-26,2347,4,36,1932,416986,0,0,6,1964,0,6,0,
2019-09-27,2347,12,36,1908,416986,1,1,6,1932,0,6,0,
2019-10-01,2347,4,85,1819,416986,0,0,6,1908,8,6,0,
2019-10-02,2347,1,7,1813,416986,0,0,6,1819,0,6,0,
2019-10-03,2347,4,2,1815,416986,3,0,3,1813,0,6,0,
2019-10-04,2347,4,135,1684,416986,0,0,3,1815,0,3,0,
2019-10-07,2347,26,5,1690,416986,0,1,4,1684,15,3,0,
2019-10-08,2347,11,4,1695,416986,1,0,3,1690,2,4,0,
2019-10-09,2347,33,24,1704,416986,0,3,6,1695,0,3,0,
2019-10-14,2347,65,14,1755,416986,1,8,13,1704,0,6,0,
2019-10-15,2347,9,26,1738,416986,0,1,14,1755,0,13,0,
2019-10-16,2347,18,30,1726,416986,0,0,14,1738,0,14,0,
2019-10-17,2347,24,4,1746,416986,3,0,11,1726,0,14,0,
2019-10-18,2347,75,13,1805,416986,0,0,11,1746,3,11,0,
2019-10-21,2347,39,32,1812,416986,8,0,3,1805,0,11,0,
2019-10-22,2347,103,25,1890,416986,0,0,3,1812,0,3,0,
2019-10-23,2347,85,47,1928,416986,0,0,3,1890,0,3,0,
2019-10-24,2347,91,4,2012,416986,0,0,3,1928,3,3,0,
2019-10-25,2347,15,73,1954,416986,0,0,3,2012,0,3,0,
2019-10-28,2347,38,4,1980,416986,1,0,2,1954,8,3,0,
2019-10-29,2347,61,65,1976,416986,0,0,2,1980,0,2,0,
2019-10-30,2347,7,88,1894,416986,0,0,2,1976,1,2,0,
2019-10-31,2347,5,73,1826,416986,1,0,1,1894,0,2,0,
2019-11-01,2347,2,18,1810,416986,0,0,1,1826,0,1,0,
2019-11-04,2347,108,13,1905,416986,0,0,1,1810,0,1,0,
2019-11-05,2347,116,18,2003,416986,0,0,1,1905,0,1,0,
2019-11-06,2347,154,85,2072,416986,0,0,1,2003,0,1,0,
2019-11-07,2347,43,89,2026,416986,0,0,1,2072,0,1,0,
2019-11-08,2347,44,22,2033,416986,0,0,1,2026,15,1,0,
2019-11-11,2347,108,92,2049,416986,0,0,1,2033,0,1,0,
2019-11-12,2347,504,297,2250,416986,0,2,3,2049,6,1,0,
2019-11-13,2347,51,256,2043,416986,3,0,0,2250,2,3,0,
2019-11-14,2347,143,57,2096,416986,0,0,0,2043,33,0,0,
2019-11-15,2347,65,62,2099,416986,0,0,0,2096,0,0,0,
2019-11-18,2347,40,105,2033,416986,0,0,0,2099,1,0,0,
2019-11-19,2347,57,67,2023,416986,0,0,0,2033,0,0,0,
2019-11-20,2347,26,17,2022,416986,0,0,0,2023,10,0,0,
2019-11-21,2347,35,68,1989,416986,0,0,0,2022,0,0,0,
2019-11-22,2347,32,66,1923,416986,0,0,0,1989,32,0,0,
2019-11-25,2347,27,10,1940,416986,0,0,0,1923,0,0,0,
2019-11-26,2347,22,58,1904,416986,0,0,0,1940,0,0,0,
2019-11-27,2347,31,80,1855,416986,0,0,0,1904,0,0,0,
2019-11-28,2347,23,28,1850,416986,0,0,0,1855,0,0,0,
2019-11-29,2347,73,57,1866,416986,0,0,0,1850,0,0,0,
2019-12-02,2347,5,40,1831,416986,0,0,0,1866,0,0,0,
2019-12-03,2347,18,8,1840,416986,0,0,0,1831,1,0,0,
2019-12-04,2347,46,43,1843,416986,0,0,0,1840,0,0,0,
2019-12-05,2347,4,2,1845,416986,0,0,0,1843,0,0,0,
2019-12-06,2347,59,134,1770,416986,0,0,0,1845,0,0,0,
2019-12-09,2347,15,165,1619,416986,0,0,0,1770,1,0,0,
2019-12-10,2347,23,9,1633,416986,0,0,0,1619,0,0,0,
2019-12-11,2347,155,50,1738,416986,0,0,0,1633,0,0,0,
2019-12-12,2347,24,8,1752,416986,0,0,0,1738,2,0,0,
2019-12-13,2347,11,106,1657,416986,0,0,0,1752,0,0,0,
2019-12-16,2347,8,18,1647,416986,0,0,0,1657,0,0,0,
2019-12-17,2347,84,78,1653,416986,0,0,0,1647,0,0,0,
2019-12-18,2347,108,89,1672,416986,0,0,0,1653,0,0,0,
2019-12-19,2347,35,105,1602,416986,0,0,0,1672,0,0,0,
2019-12-20,2347,25,50,1577,416986,0,0,0,1602,0,0,0,
2019-12-23,2347,13,75,1510,416986,0,0,0,1577,5,0,0,
2019-12-24,2347,11,41,1480,416986,0,0,0,1510,0,0,0,
2019-12-25,2347,202,38,1644,416986,0,0,0,1480,0,0,0,
2019-12-26,2347,97,11,1730,416986,0,0,0,1644,0,0,0,
2019-12-27,2347,208,7,1931,416986,0,0,0,1730,0,0,0,
2019-12-30,2347,142,21,2052,416986,0,0,0,1931,0,0,0,
2019-12-31,2347,195,2,2245,416986,0,0,0,2052,0,0,0,
2020-01-02,2347,206,33,2418,416986,0,0,0,2245,0,0,0,
2020-01-03,2347,63,74,2407,416986,0,0,0,2418,0,0,0,
2020-01-06,2347,30,92,2345,416986,0,0,0,2407,0,0,0,
2020-01-07,2347,143,3,2485,416986,0,0,0,2345,0,0,0,
2020-01-08,2347,27,83,2429,416986,0,0,0,2485,0,0,0,
2020-01-09,2347,11,87,2352,416986,0,0,0,2429,1,0,0,
2020-01-10,2347,41,62,2331,416986,0,0,0,2352,0,0,0,
2020-01-13,2347,53,11,2373,416986,0,0,0,2331,0,0,0,
2020-01-14,2347,258,90,2541,416986,0,2,2,2373,0,0,0,
2020-01-15,2347,116,162,2495,416986,0,2,4,2541,0,2,0,
2020-01-16,2347,44,68,2471,416986,0,0,4,2495,0,4,0,
2020-01-17,2347,17,58,2430,416986,0,0,4,2471,0,4,0,
2020-01-20,2347,24,77,2372,416986,0,2,6,2430,5,4,0,
2020-01-30,2347,178,139,2411,416986,6,0,0,2372,0,6,0,
2020-01-31,2347,120,68,2463,416986,0,0,0,2411,0,0,0,
2020-02-03,2347,75,48,2490,416986,0,1,1,2463,0,0,0,
2020-02-04,2347,36,115,2337,416986,0,0,1,2490,74,1,0,
2020-02-05,2347,25,33,2329,416986,0,0,1,2337,0,1,0,
2020-02-06,2347,63,592,1798,416986,1,4,4,2329,2,1,0,
2020-02-07,2347,204,3,1964,416986,0,0,4,1798,35,4,0,
2020-02-10,2347,32,135,1861,416986,2,0,2,1964,0,4,0,
2020-02-11,2347,33,282,1612,416986,0,3,5,1861,0,2,0,
2020-02-12,2347,58,76,1593,416986,2,0,3,1612,1,5,0,
2020-02-13,2347,30,7,1616,416986,0,0,3,1593,0,3,0,
2020-02-14,2347,12,136,1490,416986,0,0,3,1616,2,3,0,
2020-02-17,2347,7,38,1459,416986,3,0,0,1490,0,3,0,
2020-02-18,2347,60,20,1493,416986,0,0,0,1459,6,0,0,
2020-02-19,2347,26,37,1482,416986,0,0,0,1493,0,0,0,
2020-02-20,2347,58,22,1513,416986,0,2,2,1482,5,0,0,
2020-02-21,2347,7,11,1509,416986,0,0,2,1513,0,2,0,
2020-02-24,2347,56,38,1527,416986,0,0,2,1509,0,2,0,
2020-02-25,2347,1,21,1507,416986,0,0,2,1527,0,2,0,
2020-02-26,2347,36,33,1510,416986,0,2,4,1507,0,2,0,
2020-02-27,2347,62,326,1246,416986,0,0,4,1510,0,4,0,
2020-03-02,2347,32,34,1244,416986,0,0,4,1246,0,4,0,
2020-03-03,2347,17,33,1228,416986,0,0,4,1244,0,4,0,
2020-03-04,2347,0,10,1218,416986,0,0,4,1228,0,4,0,
2020-03-05,2347,26,67,1176,416986,0,0,4,1218,1,4,0,
2020-03-06,2347,189,16,1349,416986,0,0,4,1176,0,4,0,
2020-03-09,2347,18,226,1141,416986,0,37,41,1349,0,4,0,
2020-03-10,2347,32,181,992,416986,2,1,40,1141,0,41,0,
2020-03-11,2347,35,0,1027,416986,0,2,42,992,0,40,0,
2020-03-12,2347,84,116,994,416986,2,0,40,1027,1,42,0,
2020-03-13,2347,122,49,1067,416986,0,5,45,994,0,40,0,
2020-03-16,2347,95,79,1081,416986,5,10,50,1067,2,45,0,
2020-03-17,2347,113,40,1154,416986,0,6,56,1081,0,50,0,
2020-03-18,2347,30,49,1135,416986,3,0,53,1154,0,56,0,
2020-03-19,2347,187,117,1205,416986,25,39,67,1135,0,53,0,
2020-03-20,2347,231,4,1432,416986,7,4,64,1205,0,67,0,
2020-03-23,2347,67,60,1438,416986,29,1,36,1432,1,64,0,
2020-03-24,2347,35,243,1230,416986,0,12,48,1438,0,36,0,
2020-03-25,2347,167,204,1193,416986,2,4,50,1230,0,48,0,
2020-03-26,2347,13,136,1051,416986,7,73,116,1193,19,50,0,
2020-03-27,2347,110,71,1090,416986,25,5,96,1051,0,116,0,
2020-03-30,2347,26,20,1096,416986,6,1,91,1090,0,96,0,
2020-03-31,2347,10,67,1039,416986,7,3,87,1096,0,91,0,
2020-04-01,2347,40,13,1065,416986,17,0,50,1039,1,87,20,X
2020-04-06,2347,21,16,1070,416986,5,0,0,1065,0,50,45,X
2020-04-07,2347,25,30,1065,416986,0,0,0,1070,0,0,0,X
2020-04-08,2347,36,66,1035,416986,0,0,0,1065,0,0,0,X
2020-04-09,2347,30,38,1027,416986,0,0,0,1035,0,0,0,
2020-04-10,2347,26,16,1037,416986,0,0,0,1027,0,0,0,
2020-04-13,2347,32,79,990,416986,0,3,3,1037,0,0,0,
2020-04-14,2347,20,39,971,416986,0,0,3,990,0,3,0,
2020-04-15,2347,28,50,949,416986,0,0,3,971,0,3,0,
2020-04-16,2347,26,31,944,416986,0,0,3,949,0,3,0,
2020-04-17,2347,111,79,976,416986,3,13,13,944,0,3,0,
2020-04-20,2347,58,13,1021,416986,0,0,13,976,0,13,0,
2020-04-21,2347,75,19,1077,416986,13,0,0,1021,0,13,0,
2020-04-22,2347,23,31,1069,416986,0,10,10,1077,0,0,0,
2020-04-23,2347,48,46,1071,416986,0,0,10,1069,0,10,0,
2020-04-24,2347,67,17,1121,416986,0,1,11,1071,0,10,0,
2020-04-27,2347,141,138,1124,416986,10,5,6,1121,0,11,0,
2020-04-28,2347,193,159,1153,416986,0,11,17,1124,5,6,0,
2020-04-29,2347,107,113,1147,416986,6,7,18,1153,0,17,0,
2020-04-30,2347,118,32,1233,416986,1,7,24,1147,0,18,0,
2020-05-04,2347,108,145,1196,416986,15,0,9,1233,0,24,0,
2020-05-05,2347,54,112,1138,416986,2,4,11,1196,0,9,0,
2020-05-06,2347,29,31,1113,416986,4,0,7,1138,23,11,0,
2020-05-07,2347,42,19,1135,416986,0,2,9,1113,1,7,0,
2020-05-08,2347,53,40,1148,416986,0,0,9,1135,0,9,0,
2020-05-11,2347,60,118,1090,416986,0,4,13,1148,0,9,0,
2020-05-12,2347,33,69,1044,416986,4,0,9,1090,10,13,0,
2020-05-13,2347,323,143,1224,416986,1,7,15,1044,0,9,0,
2020-05-14,2347,134,283,1075,416986,0,4,19,1224,0,15,0,
2020-05-15,2347,358,145,1288,416986,0,7,26,1075,0,19,0,
2020-05-18,2347,168,119,1337,416986,0,3,29,1288,0,26,0,
2020-05-19,2347,336,89,1573,416986,2,12,39,1337,11,29,0,
2020-05-20,2347,641,88,2126,416986,1,5,43,1573,0,39,0,
2020-05-21,2347,211,263,2074,416986,0,12,55,2126,0,43,0,
2020-05-22,2347,205,78,2201,416986,13,5,47,2074,0,55,0,
2020-05-25,2347,98,237,2062,416986,3,6,50,2201,0,47,0,
2020-05-26,2347,77,128,2011,416986,1,2,51,2062,0,50,0,
2020-05-27,2347,58,72,1997,416986,1,3,53,2011,0,51,0,
2020-05-28,2347,140,90,2047,416986,4,0,49,1997,0,53,0,
2020-05-29,2347,174,89,2132,416986,9,5,45,2047,0,49,0,
2020-06-01,2347,181,82,2231,416986,3,2,44,2132,0,45,0,
2020-06-02,2347,89,57,2172,416986,0,0,44,2231,91,44,0,
2020-06-03,2347,106,150,2128,416986,1,0,43,2172,0,44,0,
2020-06-04,2347,94,257,1965,416986,19,0,24,2128,0,43,0,
2020-06-05,2347,98,113,1934,416986,0,0,24,1965,16,24,0,
2020-06-08,2347,84,138,1880,416986,4,2,22,1934,0,24,0,
2020-06-09,2347,74,119,1835,416986,11,0,11,1880,0,22,0,X
2020-06-10,2347,133,97,1871,416986,11,0,0,1835,0,11,0,X
2020-06-11,2347,55,156,1770,416986,0,0,0,1871,0,0,0,X
2020-06-12,2347,1839,185,3424,416986,0,0,0,1770,0,0,0,X
2020-06-15,2347,110,603,2931,416986,0,0,0,3424,0,0,0,
2020-06-16,2347,316,1944,1302,416986,0,10,10,2931,1,0,0,
2020-06-17,2347,194,59,1437,416986,2,5,13,1302,0,10,0,
2020-06-18,2347,276,147,1566,416986,2,6,17,1437,0,13,0,
2020-06-19,2347,380,42,1904,416986,10,6,13,1566,0,17,0,
2020-06-22,2347,164,59,2009,416986,5,3,11,1904,0,13,0,
2020-06-23,2347,158,38,2129,416986,0,1,12,2009,0,11,0,
2020-06-24,2347,227,142,2214,416986,2,0,10,2129,0,12,0,
2020-06-29,2347,58,95,2177,416986,0,0,10,2214,0,10,0,
2020-06-30,2347,129,139,2167,416986,0,0,10,2177,0,10,0,
2020-07-01,2347,218,214,2171,416986,0,1,11,2167,0,10,0,
2020-07-02,2347,119,78,2212,416986,0,2,13,2171,0,11,0,
2020-07-03,2347,142,121,2233,416986,2,0,11,2212,0,13,0,
2020-07-06,2347,30,189,2074,416986,0,1,12,2233,0,11,0,
2020-07-07,2347,105,247,1932,416986,1,0,11,2074,0,12,0,
2020-07-08,2347,133,127,1938,416986,0,0,11,1932,0,11,0,
2020-07-09,2347,166,151,1913,416986,0,1,12,1938,40,11,0,
2020-07-10,2347,77,207,1783,416986,1,0,11,1913,0,12,0,
2020-07-13,2347,162,133,1811,416986,0,0,11,1783,1,11,0,
2020-07-14,2347,83,132,1762,416986,0,0,11,1811,0,11,0,
2020-07-15,2347,181,74,1869,416986,0,0,11,1762,0,11,0,
2020-07-16,2347,60,41,1887,416986,0,1,12,1869,1,11,0,
2020-07-17,2347,284,57,2114,416986,0,0,12,1887,0,12,0,
2020-07-20,2347,377,153,2288,416986,5,1,8,2114,50,12,0,
2020-07-21,2347,1054,257,3085,416986,0,4,12,2288,0,8,0,
2020-07-22,2347,211,264,3032,416986,4,0,8,3085,0,12,0,
2020-07-23,2347,60,204,2888,416986,0,2,10,3032,0,8,0,
2020-07-24,2347,232,787,2333,416986,0,0,10,2888,0,10,0,
2020-07-27,2347,61,280,2114,416986,1,12,21,2333,0,10,0,
2020-07-28,2347,117,242,1989,416986,0,10,31,2114,0,21,0,
2020-07-29,2347,259,28,2219,416986,3,0,28,1989,1,31,0,
2020-07-30,2347,55,313,1961,416986,10,0,18,2219,0,28,0,
2020-07-31,2347,118,34,2045,416986,0,0,18,1961,0,18,0,
2020-08-03,2347,202,183,2059,416986,1,15,32,2045,5,18,0,
2020-08-04,2347,25,165,1919,416986,12,8,28,2059,0,32,0,
2020-08-05,2347,50,132,1837,416986,3,0,25,1919,0,28,0,
2020-08-06,2347,38,41,1834,416986,10,1,16,1837,0,25,0,
2020-08-07,2347,80,96,1818,416986,1,1,16,1834,0,16,0,
2020-08-10,2347,118,39,1897,416986,0,0,16,1818,0,16,0,
2020-08-11,2347,464,423,1938,416986,0,12,28,1897,0,16,0,
2020-08-12,2347,280,254,1964,416986,15,10,23,1938,0,28,0,
2020-08-13,2347,240,487,1717,416986,5,29,47,1964,0,23,0,
2020-08-14,2347,159,146,1720,416986,5,0,42,1717,10,47,0,
2020-08-17,2347,50,171,1579,416986,0,1,43,1720,20,42,0,
2020-08-18,2347,117,159,1537,416986,6,0,37,1579,0,43,0,
2020-08-19,2347,204,145,1596,416986,1,2,38,1537,0,37,0,
2020-08-20,2347,106,217,1485,416986,25,0,13,1596,0,38,0,
2020-08-21,2347,300,69,1716,416986,1,2,14,1485,0,13,0,
2020-08-24,2347,66,154,1628,416986,2,5,17,1716,0,14,0,
2020-08-25,2347,97,74,1636,416986,0,3,20,1628,15,17,0,
2020-08-26,2347,21,50,1607,416986,0,0,20,1636,0,20,0,
2020-08-27,2347,28,163,1472,416986,0,0,20,1607,0,20,0,
2020-08-28,2347,87,28,1531,416986,5,3,18,1472,0,20,0,
2020-08-31,2347,27,47,1511,416986,4,5,19,1531,0,18,0,
2020-09-01,2347,26,40,1497,416986,2,2,19,1511,0,19,0,
2020-09-02,2347,51,27,1520,416986,0,5,24,1497,1,19,0,
2020-09-03,2347,188,44,1664,416986,2,4,26,1520,0,24,0,
2020-09-04,2347,36,125,1575,416986,4,3,25,1664,0,26,0,
2020-09-07,2347,43,27,1591,416986,1,3,27,1575,0,25,0,
2020-09-08,2347,14,99,1506,416986,0,0,27,1591,0,27,0,
2020-09-09,2347,19,26,1499,416986,0,0,27,1506,0,27,0,
2020-09-10,2347,24,25,1498,416986,1,0,26,1499,0,27,0,
2020-09-11,2347,19,35,1482,416986,1,0,25,1498,0,26,0,
2020-09-14,2347,25,7,1500,416986,0,0,25,1482,0,25,0,
2020-09-15,2347,57,3,1554,416986,0,0,25,1500,0,25,0,
2020-09-16,2347,62,58,1557,416986,0,2,27,1554,1,25,0,
2020-09-17,2347,449,15,1991,416986,13,22,36,1557,0,27,0,
2020-09-18,2347,6,57,1940,416986,0,1,37,1991,0,36,0,
2020-09-21,2347,67,230,1777,416986,0,24,61,1940,0,37,0,
2020-09-22,2347,92,63,1806,416986,2,33,92,1777,0,61,0,
2020-09-23,2347,15,97,1724,416986,4,1,89,1806,0,92,0,
2020-09-24,2347,30,66,1688,416986,2,4,91,1724,0,89,0,
2020-09-25,2347,10,61,1637,416986,1,2,92,1688,0,91,0,
2020-09-28,2347,10,16,1631,416986,9,0,83,1637,0,92,0,
2020-09-29,2347,61,2,1690,416986,0,0,83,1631,0,83,0,
2020-09-30,2347,16,69,1637,416986,8,0,75,1690,0,83,0,
2020-10-05,2347,165,1,1801,416986,0,2,77,1637,0,75,0,
2020-10-06,2347,139,78,1859,416986,0,2,79,1801,3,77,0,
2020-10-07,2347,29,20,1867,416986,1,0,78,1859,1,79,0,
2020-10-08,2347,87,1,1953,416986,3,0,75,1867,0,78,0,
2020-10-12,2347,39,27,1965,416986,1,0,74,1953,0,75,0,
2020-10-13,2347,154,219,1900,416986,1,17,90,1965,0,74,0,
2020-10-14,2347,122,161,1861,416986,12,0,78,1900,0,90,0,
2020-10-15,2347,50,13,1898,416986,4,0,74,1861,0,78,0,
2020-10-16,2347,42,78,1862,416986,3,0,71,1898,0,74,0,
2020-10-19,2347,5,32,1835,416986,0,0,71,1862,0,71,0,
2020-10-20,2347,79,67,1847,416986,0,11,82,1835,0,71,0,
2020-10-21,2347,261,22,2086,416986,11,3,74,1847,0,82,0,
2020-10-22,2347,12,79,2019,416986,0,0,74,2086,0,74,0,
2020-10-23,2347,247,6,2260,416986,1,1,74,2019,0,74,0,
2020-10-26,2347,51,268,2043,416986,1,0,73,2260,0,74,0,
2020-10-27,2347,9,258,1794,416986,0,0,73,2043,0,73,0,
2020-10-28,2347,6,422,1378,416986,0,2,75,1794,0,73,0,
2020-10-29,2347,7,10,1375,416986,4,0,71,1378,0,75,0,
2020-10-30,2347,54,80,1349,416986,0,1,72,1375,0,71,0,
2020-11-02,2347,18,7,1360,416986,1,0,71,1349,0,72,0,
2020-11-03,2347,20,22,1358,416986,0,0,71,1360,0,71,0,
2020-11-04,2347,50,17,1390,416986,0,0,71,1358,1,71,0,
2020-11-05,2347,4,46,1348,416986,0,0,71,1390,0,71,0,
2020-11-06,2347,22,69,1301,416986,1,0,70,1348,0,71,0,
2020-11-09,2347,34,65,1270,416986,10,1,61,1301,0,70,0,
2020-11-10,2347,11,13,1268,416986,0,0,61,1270,0,61,0,
2020-11-11,2347,51,11,1308,416986,4,0,57,1268,0,61,0,
2020-11-12,2347,41,24,1325,416986,4,1,54,1308,0,57,0,
2020-11-13,2347,126,29,1422,416986,5,1,50,1325,0,54,0,
2020-11-16,2347,46,109,1359,416986,2,1,49,1422,0,50,0,
2020-11-17,2347,26,15,1370,416986,12,0,37,1359,0,49,0,
2020-11-18,2347,10,36,1344,416986,0,11,48,1370,0,37,0,
2020-11-19,2347,70,17,1397,416986,11,0,37,1344,0,48,0,
2020-11-20,2347,13,39,1371,416986,0,1,38,1397,0,37,0,
2020-11-23,2347,8,28,1351,416986,0,0,38,1371,0,38,0,
2020-11-24,2347,59,72,1338,416986,1,1,38,1351,0,38,0,
2020-11-25,2347,22,12,1348,416986,0,1,39,1338,0,38,0,
2020-11-26,2347,9,75,1282,416986,1,0,38,1348,0,39,0,
2020-11-27,2347,90,46,1326,416986,0,2,40,1282,0,38,0,
2020-11-30,2347,171,125,1372,416986,0,0,40,1326,0,40,0,
2020-12-01,2347,32,3,1401,416986,1,0,39,1372,0,40,0,
2020-12-02,2347,18,20,1399,416986,0,0,39,1401,0,39,0,
2020-12-03,2347,3,28,1374,416986,0,0,39,1399,0,39,0,
2020-12-04,2347,56,23,1407,416986,1,0,38,1374,0,39,0,
2020-12-07,2347,83,56,1434,416986,0,0,38,1407,0,38,0,
2020-12-08,2347,8,66,1376,416986,0,6,44,1434,0,38,0,
2020-12-09,2347,13,22,1367,416986,5,0,39,1376,0,44,0,
2020-12-10,2347,23,47,1343,416986,0,0,39,1367,0,39,0,
2020-12-11,2347,33,29,1347,416986,0,0,39,1343,0,39,0,
2020-12-14,2347,20,55,1312,416986,0,2,41,1347,0,39,0,
2020-12-15,2347,14,48,1278,416986,1,1,41,1312,0,41,0,
2020-12-16,2347,46,50,1274,416986,1,3,43,1278,0,41,0,
2020-12-17,2347,6,12,1268,416986,0,0,43,1274,0,43,0,
2020-12-18,2347,485,30,1723,416986,1,0,42,1268,0,43,0,
2020-12-21,2347,24,289,1458,416986,0,6,48,1723,0,42,0,
2020-12-22,2347,213,199,1472,416986,6,0,42,1458,0,48,0,
2020-12-23,2347,402,222,1652,416986,0,2,44,1472,0,42,0,
2020-12-24,2347,770,188,2234,416986,0,1,45,1652,0,44,0,
2020-12-25,2347,105,100,2239,416986,0,0,45,2234,0,45,0,
2020-12-28,2347,154,175,2218,416986,0,1,46,2239,0,45,0,
2020-12-29,2347,155,66,2307,416986,1,0,45,2218,0,46,0,
2020-12-30,2347,11,69,2249,416986,0,0,45,2307,0,45,0,
2020-12-31,2347,7,8,2248,416986,0,1,46,2249,0,45,0,
2021-01-04,2347,13,46,2215,416986,0,1,47,2248,0,46,0,
2021-01-05,2347,127,26,2316,416986,0,0,47,2215,0,47,0,
2021-01-06,2347,48,155,2209,416986,1,0,46,2316,0,47,0,
2021-01-07,2347,17,62,2164,416986,0,1,47,2209,0,46,0,
2021-01-08,2347,49,28,2185,416986,26,2,23,2164,0,47,0,
2021-01-11,2347,75,4,2256,416986,0,0,23,2185,0,23,0,
2021-01-12,2347,21,104,2173,416986,0,0,23,2256,0,23,0,
2021-01-13,2347,105,41,2237,416986,0,0,23,2173,0,23,0,
2021-01-14,2347,167,859,1545,416986,1,0,22,2237,0,23,0,
2021-01-15,2347,41,196,1390,416986,0,2,24,1545,0,22,0,
2021-01-18,2347,42,42,1373,416986,1,0,23,1390,17,24,0,
2021-01-19,2347,95,123,1345,416986,1,0,22,1373,0,23,0,
2021-01-20,2347,90,153,1282,416986,4,1,19,1345,0,22,0,
2021-01-21,2347,1,67,1216,416986,8,0,11,1282,0,19,0,
2021-01-22,2347,109,47,1278,416986,1,0,10,1216,0,11,0,
2021-01-25,2347,14,101,1191,416986,0,0,10,1278,0,10,0,
2021-01-26,2347,15,108,1098,416986,0,0,10,1191,0,10,0,
2021-01-27,2347,26,18,1106,416986,0,0,10,1098,0,10,0,
2021-01-28,2347,38,56,1088,416986,0,0,10,1106,0,10,0,
2021-01-29,2347,28,24,1092,416986,4,2,8,1088,0,10,0,
2021-02-01,2347,32,59,1065,416986,0,1,9,1092,0,8,0,
2021-02-02,2347,54,34,1085,416986,0,0,9,1065,0,9,0,
2021-02-03,2347,8,100,993,416986,0,0,9,1085,0,9,0,
2021-02-04,2347,10,7,996,416986,0,0,9,993,0,9,0,
2021-02-05,2347,43,30,1008,416986,0,0,9,996,1,9,0,
2021-02-17,2347,27,60,975,416986,0,0,9,1008,0,9,0,
2021-02-18,2347,18,0,993,416986,0,0,9,975,0,9,0,
2021-02-19,2347,10,19,984,416986,2,0,7,993,0,9,0,
2021-02-22,2347,241,42,1183,416986,0,0,7,984,0,7,0,
2021-02-23,2347,28,15,1196,416986,0,1,8,1183,0,7,0,
2021-02-24,2347,107,168,1135,416986,0,1,9,1196,0,8,0,
2021-02-25,2347,147,76,1206,416986,0,4,13,1135,0,9,0,
2021-02-26,2347,79,86,1199,416986,0,0,13,1206,0,13,0,
2021-03-02,2347,117,49,1262,416986,2,1,12,1199,5,13,0,
2021-03-03,2347,10,59,1213,416986,1,4,15,1262,0,12,0,
2021-03-04,2347,5,87,1131,416986,0,1,16,1213,0,15,0,
2021-03-05,2347,5,22,1114,416986,1,2,17,1131,0,16,0,
2021-03-08,2347,9,24,1099,416986,0,1,18,1114,0,17,0,
2021-03-09,2347,18,60,1057,416986,0,20,38,1099,0,18,0,
2021-03-10,2347,29,6,1080,416986,1,2,39,1057,0,38,0,
2021-03-11,2347,9,15,1074,416986,0,3,42,1080,0,39,0,
2021-03-12,2347,32,20,1086,416986,0,0,42,1074,0,42,0,
2021-03-15,2347,470,34,1522,416986,0,19,61,1086,0,42,0,
2021-03-16,2347,222,471,1273,416986,7,7,61,1522,0,61,0,
2021-03-17,2347,113,120,1266,416986,3,12,59,1273,0,61,11,
2021-03-18,2347,40,71,1235,416986,15,0,43,1266,0,59,1,
2021-03-19,2347,45,49,1231,416986,8,0,35,1235,0,43,0,
2021-03-22,2347,9,41,1199,416986,3,1,33,1231,0,35,0,
2021-03-23,2347,29,37,1191,416986,2,0,31,1199,0,33,0,
2021-03-24,2347,96,40,1247,416986,1,0,29,1191,0,31,1,X
2021-03-25,2347,29,38,1238,416986,28,0,0,1247,0,29,1,X
2021-03-26,2347,30,17,1251,416986,0,0,0,1238,0,0,0,X
2021-03-29,2347,31,65,1217,416986,0,0,0,1251,0,0,0,X
2021-03-30,2347,101,32,1286,416986,0,0,0,1217,0,0,0,
2021-03-31,2347,74,41,1319,416986,0,1,1,1286,0,0,0,
2021-04-01,2347,29,36,1307,416986,0,2,3,1319,5,1,0,
2021-04-06,2347,39,139,1207,416986,0,1,4,1307,0,3,0,
2021-04-07,2347,28,49,1186,416986,0,1,5,1207,0,4,0,
2021-04-08,2347,34,18,1201,416986,2,0,3,1186,1,5,0,
2021-04-09,2347,19,12,1208,416986,0,0,3,1201,0,3,0,
2021-04-12,2347,55,19,1244,416986,0,0,3,1208,0,3,0,
2021-04-13,2347,40,58,1226,416986,0,2,5,1244,0,3,0,
2021-04-14,2347,34,55,1204,416986,2,0,3,1226,1,5,0,
2021-04-15,2347,39,43,1200,416986,0,0,3,1204,0,3,0,
2021-04-16,2347,30,43,1187,416986,0,0,3,1200,0,3,0,
2021-04-19,2347,104,61,1230,416986,0,4,7,1187,0,3,0,
2021-04-20,2347,62,97,1195,416986,0,8,15,1230,0,7,0,
2021-04-21,2347,31,20,1206,416986,0,0,15,1195,0,15,0,
2021-04-22,2347,49,53,1202,416986,8,0,7,1206,0,15,0,
2021-04-23,2347,47,88,1161,416986,3,2,6,1202,0,7,0,
2021-04-26,2347,50,33,1178,416986,0,0,6,1161,0,6,0,
2021-04-27,2347,42,12,1208,416986,0,0,6,1178,0,6,0,
2021-04-28,2347,23,28,1203,416986,0,0,6,1208,0,6,0,
2021-04-29,2347,30,54,1167,416986,2,2,6,1203,12,6,0,
2021-05-03,2347,81,65,1183,416986,2,0,4,1167,0,6,0,
2021-05-04,2347,125,179,1129,416986,0,0,4,1183,0,4,0,
2021-05-05,2347,10,2,1137,416986,0,2,6,1129,0,4,0,
2021-05-06,2347,51,53,1135,416986,0,0,6,1137,0,6,0,
2021-05-07,2347,89,36,1188,416986,0,2,8,1135,0,6,0,
2021-05-10,2347,29,18,1199,416986,0,3,11,1188,0,8,0,
2021-05-11,2347,30,59,1170,416986,4,0,7,1199,0,11,0,
2021-05-12,2347,137,107,1199,416986,2,9,14,1170,1,7,0,
2021-05-13,2347,163,25,1337,416986,0,2,16,1199,0,14,0,
2021-05-14,2347,127,97,1367,416986,0,5,21,1337,0,16,0,
2021-05-17,2347,182,88,1460,416986,3,14,32,1367,1,21,0,
2021-05-18,2347,489,113,1836,416986,8,10,34,1460,0,32,0,
2021-05-19,2347,257,410,1683,416986,1,3,36,1836,0,34,0,
2021-05-20,2347,182,234,1631,416986,17,1,20,1683,0,36,0,
2021-05-21,2347,112,122,1621,416986,7,1,14,1631,0,20,0,
2021-05-24,2347,202,97,1726,416986,2,0,12,1621,0,14,0,
2021-05-25,2347,94,126,1694,416986,0,1,13,1726,0,12,0,
2021-05-26,2347,280,214,1760,416986,1,7,19,1694,0,13,0,
2021-05-27,2347,133,158,1735,416986,13,0,6,1760,0,19,0,
2021-05-28,2347,35,106,1664,416986,3,10,13,1735,0,6,0,
2021-05-31,2347,212,111,1764,416986,11,7,9,1664,1,13,0,
2021-06-01,2347,704,201,2267,416986,2,2,9,1764,0,9,0,X
2021-06-02,2347,218,408,2077,416986,9,0,0,2267,0,9,0,X
2021-06-03,2347,126,198,2005,416986,0,0,0,2077,0,0,0,X
2021-06-04,2347,103,313,1795,416986,0,0,0,2005,0,0,0,X
2021-06-07,2347,272,322,1745,416986,0,0,0,1795,0,0,0,
2021-06-08,2347,346,228,1863,416986,0,32,32,1745,0,0,0,
2021-06-09,2347,114,123,1853,416986,2,31,61,1863,1,32,0,
2021-06-10,2347,96,145,1804,416986,3,11,69,1853,0,61,0,
2021-06-11,2347,68,37,1835,416986,1,20,88,1804,0,69,0,
2021-06-15,2347,206,43,1997,416986,1,2,89,1835,1,88,0,
2021-06-16,2347,113,131,1978,416986,4,3,88,1997,1,89,0,
2021-06-17,2347,76,35,2019,416986,0,9,97,1978,0,88,0,
2021-06-18,2347,267,78,2208,416986,79,13,31,2019,0,97,0,
2021-06-21,2347,446,81,2573,416986,13,22,40,2208,0,31,0,
2021-06-22,2347,232,275,2527,416986,5,14,49,2573,3,40,0,
2021-06-23,2347,329,70,2786,416986,7,29,71,2527,0,49,0,
2021-06-24,2347,772,236,3322,416986,34,0,37,2786,0,71,0,
2021-06-25,2347,326,196,3432,416986,24,1,14,3322,20,37,0,
2021-06-28,2347,148,203,3377,416986,0,5,19,3432,0,14,0,
2021-06-29,2347,271,178,3470,416986,0,0,19,3377,0,19,0,
2021-06-30,2347,33,131,3348,416986,0,1,15,3470,24,19,5,
2021-07-01,2347,150,67,3431,416986,2,6,19,3348,0,15,0,
2021-07-02,2347,129,84,3474,416986,0,2,21,3431,2,19,0,
2021-07-05,2347,199,141,3512,416986,1,6,26,3474,20,21,0,
2021-07-06,2347,628,297,3803,416986,0,19,45,3512,40,26,0,
2021-07-07,2347,330,161,3959,416986,2,0,43,3803,13,45,0,
2021-07-08,2347,97,207,3807,416986,0,0,43,3959,42,43,0,
2021-07-09,2347,169,377,3599,416986,0,9,52,3807,0,43,0,
2021-07-12,2347,88,193,3479,416986,4,0,48,3599,15,52,0,
2021-07-13,2347,77,157,3379,416986,2,0,46,3479,20,48,0,
2021-07-14,2347,69,117,3331,416986,0,0,46,3379,0,46,0,
2021-07-15,2347,69,36,3363,416986,0,0,46,3331,1,46,0,
2021-07-16,2347,193,137,3399,416986,0,8,54,3363,20,46,0,
2021-07-19,2347,161,121,3439,416986,10,0,44,3399,0,54,0,
2021-07-20,2347,66,131,3374,416986,0,0,44,3439,0,44,0,
2021-07-21,2347,50,67,3337,416986,0,0,44,3374,20,44,0,
2021-07-22,2347,76,207,3206,416986,0,5,49,3337,0,44,0,
2021-07-23,2347,146,87,3285,416986,3,9,55,3226,0,49,0,
2021-07-26,2347,221,105,3381,416986,0,0,55,3285,20,55,0,
2021-07-27,2347,17,79,3319,416986,0,0,55,3381,0,55,0,
2021-07-28,2347,38,74,3283,416986,1,0,54,3319,0,55,0,
2021-07-29,2347,178,95,3341,416986,0,0,54,3283,25,54,0,
2021-07-30,2347,53,81,3313,416986,0,0,54,3341,0,54,0,
2021-08-02,2347,185,94,3401,416986,0,10,64,3313,3,54,0,
2021-08-03,2347,180,133,3448,416986,0,0,64,3401,0,64,0,
2021-08-04,2347,152,95,3483,416986,0,0,64,3448,22,64,0,
2021-08-05,2347,96,45,3534,416986,0,0,64,3483,0,64,0,
2021-08-06,2347,110,129,3515,416986,0,0,64,3534,0,64,0,
2021-08-09,2347,86,161,3420,416986,0,0,64,3515,20,64,0,
2021-08-10,2347,278,78,3619,416986,0,15,79,3420,1,64,0,
2021-08-11,2347,165,326,3458,416986,13,3,69,3619,0,79,0,
2021-08-12,2347,26,230,3254,416986,1,6,74,3458,0,69,0,
2021-08-13,2347,138,302,3090,416986,0,21,95,3254,0,74,0,
2021-08-16,2347,74,343,2821,416986,4,3,94,3090,0,95,0,
2021-08-17,2347,128,244,2705,416986,1,24,117,2821,0,94,0,
2021-08-18,2347,61,75,2691,416986,13,8,112,2705,0,117,0,
2021-08-19,2347,170,43,2818,416986,2,9,119,2691,0,112,0,
2021-08-20,2347,12,82,2747,416986,7,17,129,2818,1,119,0,
2021-08-23,2347,36,37,2746,416986,5,1,125,2747,0,129,0,
2021-08-24,2347,48,79,2715,416986,2,0,123,2746,0,125,0,
2021-08-25,2347,25,41,2699,416986,2,0,121,2715,0,123,0,
2021-08-26,2347,29,20,2708,416986,2,2,121,2699,0,121,0,
2021-08-27,2347,6,49,2665,416986,12,5,114,2708,0,121,0,
2021-08-30,2347,22,72,2570,416986,0,0,114,2665,45,114,0,
2021-08-31,2347,106,62,2614,416986,0,7,121,2570,0,114,0,
2021-09-01,2347,21,28,2604,416986,2,1,120,2614,3,121,0,
2021-09-02,2347,43,109,2518,416986,1,1,119,2604,20,120,1,
2021-09-03,2347,35,31,2522,416986,0,0,119,2518,0,119,0,
2021-09-06,2347,10,139,2392,416986,5,0,114,2522,1,119,0,
2021-09-07,2347,30,63,2339,416986,1,1,114,2392,20,114,0,
2021-09-08,2347,34,28,2345,416986,0,0,114,2339,0,114,0,
2021-09-09,2347,33,61,2315,416986,0,0,114,2345,2,114,0,
2021-09-10,2347,19,43,2280,416986,2,0,112,2315,11,114,0,
2021-09-13,2347,35,15,2300,416986,17,0,95,2280,0,112,0,
2021-09-14,2347,124,46,2378,416986,0,8,103,2300,0,95,0,
2021-09-15,2347,4,126,2256,416986,0,0,103,2378,0,103,0,
2021-09-16,2347,13,20,2249,416986,0,0,103,2256,0,103,0,
2021-09-17,2347,22,93,2178,416986,0,0,103,2249,0,103,0,
2021-09-22,2347,98,20,2256,416986,1,11,105,2178,0,103,8,
2021-09-23,2347,12,41,2227,416986,0,12,117,2256,0,105,0,
2021-09-24,2347,36,31,2232,416986,0,0,117,2227,0,117,0,
2021-09-27,2347,27,38,2221,416986,0,1,118,2232,0,117,0,
2021-09-28,2347,42,5,2258,416986,1,0,117,2221,0,118,0,
2021-09-29,2347,68,131,2195,416986,1,1,117,2258,0,117,0,
2021-09-30,2347,8,10,2193,416986,12,0,105,2195,0,117,0,
2021-10-01,2347,63,26,2230,416986,0,8,113,2193,0,105,0,
2021-10-04,2347,19,46,2194,416986,0,3,116,2230,9,113,0,
2021-10-05,2347,10,5,2199,416986,0,2,118,2194,0,116,0,
2021-10-06,2347,9,12,2196,416986,1,5,120,2199,0,118,2,
2021-10-07,2347,17,34,2179,416986,0,1,121,2196,0,120,0,
2021-10-08,2347,22,49,2122,416986,0,0,121,2179,30,121,0,
2021-10-12,2347,121,122,2092,416986,3,1,119,2122,29,121,0,
2021-10-13,2347,81,85,2088,416986,0,0,119,2092,0,119,0,
2021-10-14,2347,24,20,2092,416986,1,2,120,2088,0,119,0,
2021-10-15,2347,26,39,2079,416986,3,0,117,2092,0,120,0,
2021-10-18,2347,29,37,2071,416986,4,0,113,2079,0,117,0,
2021-10-19,2347,122,64,2129,416986,3,5,115,2071,0,113,0,
2021-10-20,2347,56,5,2179,416986,3,4,116,2129,1,115,0,
2021-10-21,2347,88,27,2240,416986,4,8,120,2179,0,116,0,
2021-10-22,2347,21,29,2232,416986,5,2,117,2240,0,120,0,
2021-10-25,2347,135,16,2351,416986,2,5,120,2232,0,117,0,
2021-10-26,2347,17,35,2333,416986,2,12,130,2351,0,120,0,
2021-10-27,2347,222,11,2544,416986,3,5,132,2333,0,130,0,
2021-10-28,2347,59,275,2327,416986,1,15,146,2544,1,132,0,
2021-10-29,2347,56,108,2275,416986,1,0,144,2327,0,146,1,
2021-11-01,2347,157,83,2349,416986,0,6,150,2275,0,144,0,
2021-11-02,2347,199,74,2470,416986,2,4,152,2349,4,150,0,
2021-11-03,2347,1582,103,3949,416986,2,17,167,2470,0,152,0,
2021-11-04,2347,611,278,4282,416986,0,10,177,3949,0,167,0,
2021-11-05,2347,436,233,4485,416986,0,5,182,4282,0,177,0,
2021-11-08,2347,958,136,5306,416986,0,9,191,4485,1,182,0,
2021-11-09,2347,1722,725,6303,416986,0,19,205,5306,0,191,5,
2021-11-10,2347,530,280,6553,416986,5,9,209,6303,0,205,0,
2021-11-11,2347,244,938,5859,416986,9,2,201,6553,0,209,1,
2021-11-12,2347,324,337,5845,416986,0,0,201,5859,1,201,0,
2021-11-15,2347,318,2360,3803,416986,2,2,201,5845,0,201,0,
2021-11-16,2347,312,668,3437,416986,5,0,196,3803,10,201,0,
2021-11-17,2347,424,127,3734,416986,2,2,196,3437,0,196,0,
2021-11-18,2347,153,494,3379,416986,0,10,206,3734,14,196,0,
2021-11-19,2347,198,165,3385,416986,10,0,196,3379,27,206,0,
2021-11-22,2347,16,105,3296,416986,3,2,195,3385,0,196,0,
2021-11-23,2347,906,170,4032,416986,1,0,194,3296,0,195,0,
2021-11-24,2347,770,511,4291,416986,0,4,198,4032,0,194,0,
2021-11-25,2347,1522,517,5286,416986,0,5,203,4291,10,198,0,
2021-11-26,2347,1018,500,5804,416986,6,1,198,5286,0,203,0,
2021-11-29,2347,124,565,5363,416986,1,6,203,5804,0,198,0,
2021-11-30,2347,149,48,5464,416986,0,0,203,5363,0,203,0,
2021-12-01,2347,343,560,5247,416986,0,9,212,5464,0,203,0,
2021-12-02,2347,232,184,5295,416986,0,0,212,5247,0,212,0,
2021-12-03,2347,1210,118,6387,416986,0,0,212,5295,0,212,0,
2021-12-06,2347,1028,899,6516,416986,2,2,212,6387,0,212,0,
2021-12-07,2347,580,564,6532,416986,0,2,214,6516,0,212,0,
2021-12-08,2347,549,431,6648,416986,2,6,218,6532,2,214,0,
2021-12-09,2347,519,255,6911,416986,0,2,220,6648,1,218,0,
2021-12-10,2347,1004,264,7651,416986,1,8,227,6911,0,220,0,
2021-12-13,2347,764,846,7569,416986,0,17,244,7651,0,227,0,
2021-12-14,2347,130,496,7206,416986,16,4,232,7572,0,244,0,
2021-12-15,2347,601,682,7125,416986,4,19,247,7206,0,232,0,
2021-12-16,2347,827,622,7330,416986,6,3,244,7125,0,247,0,
2021-12-17,2347,532,917,6945,416986,2,32,274,7330,0,244,0,
2021-12-20,2347,1001,1795,6151,416986,30,73,317,6945,0,274,0,
2021-12-21,2347,382,2163,4370,416986,23,12,306,6151,0,317,0,
2021-12-22,2347,300,862,3808,416986,5,10,311,4370,0,306,0,
2021-12-23,2347,328,457,3679,416986,2,59,368,3808,0,311,0,
2021-12-24,2347,332,439,3572,416986,55,0,313,3679,0,368,0,
2021-12-27,2347,115,252,3335,416986,4,3,312,3572,100,313,0,
2021-12-28,2347,67,127,3275,416986,2,4,314,3335,0,312,0,
2021-12-29,2347,77,102,3250,416986,4,4,314,3275,0,314,0,
2021-12-30,2347,68,58,3260,416986,2,0,312,3250,0,314,0,
2022-01-03,2347,24,241,3043,416986,7,2,307,3260,0,312,0,
2022-01-04,2347,34,68,3009,416986,4,0,303,3043,0,307,0,
2022-01-05,2347,76,175,2900,416986,40,0,263,3009,10,303,0,
2022-01-06,2347,282,140,3042,416986,5,1,259,2900,0,263,0,
2022-01-07,2347,134,266,2908,416986,0,1,260,3042,2,259,0,
2022-01-10,2347,31,84,2855,416986,1,1,260,2908,0,260,0,
2022-01-11,2347,493,374,2974,416986,6,13,267,2855,0,260,0,
2022-01-12,2347,612,222,3364,416986,12,10,265,2974,0,267,0,
2022-01-13,2347,179,78,3465,416986,2,32,295,3364,0,265,0,
2022-01-14,2347,89,220,3334,416986,20,16,291,3465,0,295,0,
2022-01-17,2347,143,140,3337,416986,5,6,292,3334,0,291,0,
2022-01-18,2347,266,298,3289,416986,25,11,278,3337,16,292,0,
2022-01-19,2347,125,137,3277,416986,3,24,299,3289,0,278,0,
2022-01-20,2347,31,147,3161,416986,2,8,304,3277,0,299,1,
2022-01-21,2347,80,76,3165,416986,11,0,293,3161,0,304,0,
2022-01-24,2347,96,334,2926,416986,5,7,295,3165,1,293,0,
2022-01-25,2347,27,199,2751,416986,0,8,303,2926,3,295,0,
2022-01-26,2347,69,33,2787,416986,2,1,302,2751,0,303,0,
2022-02-07,2347,450,128,3103,416986,10,3,295,2787,6,302,0,
2022-02-08,2347,226,55,3274,416986,1,4,298,3103,0,295,0,
2022-02-09,2347,43,65,3249,416986,1,2,299,3274,3,298,0,
2022-02-10,2347,46,63,3232,416986,0,0,299,3249,0,299,0,
2022-02-11,2347,108,362,2978,416986,3,0,296,3232,0,299,0,
2022-02-14,2347,60,35,3003,416986,1,16,311,2978,0,296,0,
2022-02-15,2347,47,171,2879,416986,2,0,309,3003,0,311,0,
2022-02-16,2347,77,108,2848,416986,15,1,295,2879,0,309,0,
2022-02-17,2347,44,94,2795,416986,5,2,292,2848,3,295,0,
2022-02-18,2347,17,70,2742,416986,0,0,292,2795,0,292,0,
2022-02-21,2347,209,161,2790,416986,0,4,296,2742,0,292,0,
2022-02-22,2347,259,315,2734,416986,2,2,296,2790,0,296,0,
2022-02-23,2347,288,197,2825,416986,3,26,319,2734,0,296,0,
2022-02-24,2347,171,214,2780,416986,30,3,292,2825,2,319,0,
2022-02-25,2347,352,182,2950,416986,10,3,285,2780,0,292,0,
2022-03-01,2347,137,71,3016,416986,0,31,316,2950,0,285,0,
2022-03-02,2347,31,142,2905,416986,6,3,313,3016,0,316,0,
2022-03-03,2347,104,98,2911,416986,1,0,312,2905,0,313,0,
2022-03-04,2347,107,134,2884,416986,44,1,269,2911,0,312,0,
2022-03-07,2347,80,535,2429,416986,99,25,195,2884,0,269,0,
2022-03-08,2347,63,58,2431,416986,57,1,139,2429,3,195,0,
2022-03-09,2347,96,149,2378,416986,5,1,135,2431,0,139,0,
2022-03-10,2347,65,212,2231,416986,0,5,140,2378,0,135,0,
2022-03-11,2347,47,64,2214,416986,1,5,144,2231,0,140,0,
2022-03-14,2347,66,64,2216,416986,11,10,143,2214,0,144,0,
2022-03-15,2347,68,103,2181,416986,12,7,138,2216,0,143,0,
2022-03-16,2347,14,332,1863,416986,12,3,129,2181,0,138,0,
2022-03-17,2347,107,90,1880,416986,14,0,115,1863,0,129,0,
2022-03-18,2347,55,154,1781,416986,17,250,344,1880,0,115,4,
2022-03-21,2347,191,64,1908,416986,264,3,83,1781,0,344,0,
2022-03-22,2347,108,20,1996,416986,18,1,66,1908,0,83,0,
2022-03-23,2347,41,95,1942,416986,27,0,39,1996,0,66,0,X
2022-03-24,2347,52,29,1965,416986,39,0,0,1942,0,39,0,X
2022-03-25,2347,18,32,1951,416986,0,0,0,1965,0,0,0,X
2022-03-28,2347,25,27,1949,416986,0,0,0,1951,0,0,0,X
2022-03-29,2347,11,65,1895,416986,0,0,0,1949,0,0,0,
2022-03-30,2347,14,83,1825,416986,0,53,53,1895,1,0,0,
2022-03-31,2347,41,46,1820,416986,0,0,53,1825,0,53,0,
2022-04-01,2347,5,74,1751,416986,0,1,54,1820,0,53,0,
2022-04-06,2347,35,51,1735,416986,0,2,56,1751,0,54,0,
2022-04-07,2347,40,74,1701,416986,0,1,57,1735,0,56,0,
2022-04-08,2347,10,130,1581,416986,0,1,58,1701,0,57,0,
2022-04-11,2347,45,36,1590,416986,0,0,58,1581,0,58,0,
2022-04-12,2347,11,26,1575,416986,0,1,59,1590,0,58,0,
2022-04-13,2347,45,35,1585,416986,0,5,64,1575,0,59,0,
2022-04-14,2347,99,29,1655,416986,5,5,64,1585,0,64,0,
2022-04-15,2347,41,11,1685,416986,5,7,66,1655,0,64,0,
2022-04-18,2347,50,50,1685,416986,1,4,69,1685,0,66,0,
2022-04-19,2347,29,33,1681,416986,0,1,70,1685,0,69,0,
2022-04-20,2347,158,20,1804,416986,0,28,98,1681,15,70,0,
2022-04-21,2347,12,65,1751,416986,0,7,105,1804,0,98,0,
2022-04-22,2347,7,30,1728,416986,16,1,90,1751,0,105,0,
2022-04-25,2347,24,125,1627,416986,9,5,86,1728,0,90,0,
2022-04-26,2347,154,45,1736,416986,20,7,73,1627,0,86,0,
2022-04-27,2347,31,298,1469,416986,26,20,67,1736,0,73,0,
2022-04-28,2347,48,17,1500,416986,43,2,26,1469,0,67,0,
2022-04-29,2347,30,32,1497,416986,13,3,16,1500,1,26,0,
2022-05-03,2347,32,22,1507,416986,0,2,18,1497,0,16,0,
2022-05-04,2347,22,14,1515,416986,1,2,19,1507,0,18,0,
2022-05-05,2347,68,30,1553,416986,0,26,45,1515,0,19,0,
2022-05-06,2347,21,41,1533,416986,1,9,53,1553,0,45,0,
2022-05-09,2347,98,176,1455,416986,7,18,44,1533,0,53,20,
2022-05-10,2347,55,217,1293,416986,32,26,38,1455,0,44,0,
2022-05-11,2347,192,177,1308,416986,18,19,39,1293,0,38,0,
2022-05-12,2347,14,78,1244,416986,6,19,52,1308,0,39,0,
2022-05-13,2347,24,54,1214,416986,17,3,38,1244,0,52,0,
2022-05-16,2347,18,84,1148,416986,3,2,37,1214,0,38,0,
2022-05-17,2347,36,9,1175,416986,8,2,31,1148,0,37,0,
2022-05-18,2347,6,23,1158,416986,0,1,32,1175,0,31,0,
2022-05-19,2347,10,21,1147,416986,2,10,40,1158,0,32,0,
2022-05-20,2347,13,117,1043,416986,2,6,44,1147,0,40,0,
2022-05-23,2347,44,17,1070,416986,3,144,185,1043,0,44,0,
2022-05-24,2347,25,15,1080,416986,2,38,221,1070,0,185,0,
2022-05-25,2347,7,31,1056,416986,4,53,270,1080,0,221,0,
2022-05-26,2347,36,112,980,416986,14,4,79,1056,0,270,181,
2022-05-27,2347,159,33,1106,416986,48,5,36,980,0,79,0,
2022-05-30,2347,99,63,1142,416986,10,17,43,1106,0,36,0,
2022-05-31,2347,105,20,1227,416986,19,11,35,1142,0,43,0,
2022-06-01,2347,109,52,1284,416986,27,3,10,1227,0,35,1,X
2022-06-02,2347,134,12,1276,416986,10,0,0,1284,130,10,0,X
2022-06-06,2347,275,180,1371,416986,0,0,0,1276,0,0,0,X
2022-06-07,2347,85,37,1419,416986,0,0,0,1371,0,0,0,X
2022-06-08,2347,126,111,1430,416986,0,0,0,1419,4,0,0,
2022-06-09,2347,711,94,2047,416986,0,37,37,1430,0,0,0,
2022-06-10,2347,212,82,2177,416986,22,75,90,2047,0,37,0,
2022-06-13,2347,300,141,2335,416986,37,18,71,2177,1,90,0,
2022-06-14,2347,158,101,2377,416986,34,39,76,2335,15,71,0,
2022-06-15,2347,143,87,2430,416986,17,22,81,2377,3,76,0,
2022-06-16,2347,87,97,2420,416986,13,29,97,2430,0,81,0,
2022-06-17,2347,198,103,2464,416986,52,20,65,2420,51,97,0,
2022-06-20,2347,138,187,2414,416986,37,18,46,2464,1,65,0,
2022-06-21,2347,578,64,2927,416986,21,3,28,2414,1,46,0,
2022-06-22,2347,250,126,3048,416986,12,18,34,2927,3,28,0,
2022-06-23,2347,116,200,2957,416986,17,8,25,3048,7,34,0,
2022-06-24,2347,73,75,2955,416986,8,1,18,2957,0,25,0,
2022-06-27,2347,73,51,2977,416986,3,8,23,2955,0,18,0,
2022-06-28,2347,26,72,2929,416986,8,1,16,2977,2,23,0,
2022-06-29,2347,18,26,2921,416986,6,3,13,2929,0,16,0,
2022-06-30,2347,56,335,2638,416986,4,7,16,2921,4,13,0,
2022-07-01,2347,43,331,2350,416986,2,24,38,2638,0,16,0,
2022-07-04,2347,5,65,2289,416986,1,13,50,2350,1,38,0,
2022-07-05,2347,91,215,2165,416986,16,0,34,2289,0,50,0,
2022-07-06,2347,14,37,2137,416986,1,1,34,2165,5,34,0,
2022-07-07,2347,22,95,2064,416986,6,4,32,2137,0,34,0,
2022-07-08,2347,45,54,2055,416986,5,5,32,2064,0,32,0,
2022-07-11,2347,32,6,2080,416986,5,7,34,2055,1,32,0,
2022-07-12,2347,63,83,2060,416986,23,2,13,2080,0,34,0,
2022-07-13,2347,67,110,2017,416986,2,24,35,2060,0,13,0,
2022-07-14,2347,47,6,2058,416986,8,8,35,2017,0,35,0,
2022-07-15,2347,86,47,2082,416986,2,37,70,2058,15,35,0,
2022-07-18,2347,121,17,2186,416986,12,24,82,2082,0,70,0,
2022-07-19,2347,113,10,2289,416986,23,5,64,2186,0,82,0,
2022-07-20,2347,121,124,2267,416986,25,7,46,2289,19,64,0,
2022-07-21,2347,35,91,2211,416986,2,5,49,2267,0,46,0,
2022-07-22,2347,206,39,2359,416986,3,2,18,2211,19,49,30,
2022-07-25,2347,36,74,2321,416986,1,10,27,2359,0,18,0,
2022-07-26,2347,45,47,2319,416986,7,4,24,2321,0,27,0,
2022-07-27,2347,44,56,2307,416986,8,0,16,2319,0,24,0,
2022-07-28,2347,25,113,2219,416986,4,0,12,2307,0,16,0,
2022-07-29,2347,8,62,2165,416986,0,11,23,2219,0,12,0,
2022-08-01,2347,142,38,2269,416986,0,3,26,2165,0,23,0,
2022-08-02,2347,52,50,2271,416986,9,9,26,2269,0,26,0,
2022-08-03,2347,26,47,2250,416986,7,7,26,2271,0,26,0,
2022-08-04,2347,49,38,2261,416986,0,0,26,2250,0,26,0,
2022-08-05,2347,95,165,2191,416986,2,4,28,2261,0,26,0,
2022-08-08,2347,90,144,2137,416986,1,12,39,2191,0,28,0,
2022-08-09,2347,215,9,2340,416986,8,0,31,2137,3,39,0,
2022-08-10,2347,66,49,2357,416986,16,0,15,2340,0,31,0,
2022-08-11,2347,51,116,2292,416986,0,2,17,2357,0,15,0,
2022-08-12,2347,102,37,2357,416986,2,0,15,2292,0,17,0,
2022-08-15,2347,55,206,2206,416986,0,0,15,2357,0,15,0,
2022-08-16,2347,131,143,2194,416986,0,1,16,2206,0,15,0,
2022-08-17,2347,61,60,2195,416986,0,0,16,2194,0,16,0,
2022-08-18,2347,34,49,2180,416986,0,1,17,2195,0,16,0,
2022-08-19,2347,39,40,2179,416986,0,0,17,2180,0,17,0,
2022-08-22,2347,29,39,2169,416986,0,4,21,2179,0,17,0,
2022-08-23,2347,25,6,2188,416986,0,0,21,2169,0,21,0,
2022-08-24,2347,57,17,2195,416986,0,1,21,2188,33,21,1,
2022-08-25,2347,38,17,2216,416986,0,1,22,2195,0,21,0,
2022-08-26,2347,56,16,2225,416986,0,0,22,2216,31,22,0,
2022-08-29,2347,91,78,2238,416986,3,1,20,2225,0,22,0,
2022-08-30,2347,48,75,2199,416986,0,2,22,2238,12,20,0,
2022-08-31,2347,47,39,2207,416986,2,2,22,2199,0,22,0,
2022-09-01,2347,16,50,2173,416986,0,2,24,2207,0,22,0,
2022-09-02,2347,43,155,2058,416986,0,6,30,2173,3,24,0,
2022-09-05,2347,168,37,2189,416986,15,4,19,2058,0,30,0,
2022-09-06,2347,16,88,2117,416986,2,2,19,2189,0,19,0,
2022-09-07,2347,32,24,2124,416986,2,11,28,2117,1,19,0,
2022-09-08,2347,22,18,2127,416986,0,0,28,2124,1,28,0,
2022-09-12,2347,85,154,2057,416986,0,23,51,2127,1,28,0,
2022-09-13,2347,146,65,2138,416986,0,0,51,2057,0,51,0,
2022-09-14,2347,68,48,2158,416986,1,0,50,2138,0,51,0,
2022-09-15,2347,24,67,2114,416986,1,4,53,2158,1,50,0,
2022-09-16,2347,38,35,2117,416986,5,3,51,2114,0,53,0,
2022-09-19,2347,76,22,2170,416986,2,0,49,2117,1,51,0,
2022-09-20,2347,26,58,2138,416986,1,2,50,2170,0,49,0,
2022-09-21,2347,95,73,2160,416986,2,5,53,2138,0,50,0,
2022-09-22,2347,109,108,2161,416986,8,10,55,2160,0,53,0,
2022-09-23,2347,38,61,2138,416986,37,12,30,2161,0,55,0,
2022-09-26,2347,20,128,2030,416986,4,14,40,2138,0,30,0,
2022-09-27,2347,42,5,2067,416986,4,1,37,2030,0,40,0,
2022-09-28,2347,32,95,1974,416986,2,10,45,2067,30,37,0,
2022-09-29,2347,38,17,1995,416986,6,10,49,1974,0,45,0,
2022-09-30,2347,12,15,1992,416986,12,5,42,1995,0,49,0,
2022-10-03,2347,6,29,1969,416986,14,6,34,1992,0,42,0,
2022-10-04,2347,19,91,1897,416986,0,6,40,1969,0,34,0,
2022-10-05,2347,8,37,1868,416986,6,2,36,1897,0,40,0,
2022-10-06,2347,27,67,1828,416986,0,8,44,1868,0,36,0,
2022-10-07,2347,16,22,1822,416986,11,7,40,1828,0,44,0,
2022-10-11,2347,10,25,1807,416986,3,15,52,1822,0,40,0,
2022-10-12,2347,26,6,1827,416986,12,3,43,1807,0,52,0,
2022-10-13,2347,28,56,1799,416986,0,12,55,1827,0,43,0,
2022-10-14,2347,55,6,1848,416986,10,4,49,1799,0,55,0,
2022-10-17,2347,4,26,1824,416986,1,4,52,1848,2,49,0,
2022-10-18,2347,15,19,1820,416986,6,1,47,1824,0,52,0,
2022-10-19,2347,13,77,1756,416986,2,2,47,1820,0,47,0,
2022-10-20,2347,30,3,1783,416986,1,0,46,1756,0,47,0,
2022-10-21,2347,29,2,1810,416986,3,3,46,1783,0,46,0,
2022-10-24,2347,16,6,1820,416986,2,0,44,1810,0,46,0,
2022-10-25,2347,97,11,1906,416986,0,4,48,1820,0,44,0,
2022-10-26,2347,44,63,1887,416986,2,0,46,1906,0,48,0,
2022-10-27,2347,44,5,1926,416986,3,0,43,1887,0,46,0,
2022-10-28,2347,6,87,1845,416986,3,11,51,1926,0,43,0,
2022-10-31,2347,7,7,1845,416986,5,0,46,1845,0,51,0,
2022-11-01,2347,80,7,1918,416986,3,1,44,1845,0,46,0,
2022-11-02,2347,52,17,1953,416986,1,0,43,1918,0,44,0,
2022-11-03,2347,34,139,1848,416986,2,0,41,1953,0,43,0,
2022-11-04,2347,113,88,1870,416986,1,3,43,1848,3,41,0,
2022-11-07,2347,99,43,1926,416986,3,1,41,1870,0,43,0,
2022-11-08,2347,77,59,1944,416986,1,1,41,1926,0,41,0,
2022-11-09,2347,80,75,1947,416986,0,5,46,1944,2,41,0,
2022-11-10,2347,9,59,1897,416986,0,1,47,1947,0,46,0,
2022-11-11,2347,100,117,1880,416986,5,0,42,1897,0,47,0,
2022-11-14,2347,256,135,2001,416986,3,68,107,1880,0,42,0,
2022-11-15,2347,119,38,2080,416986,2,32,137,2001,2,107,0,
2022-11-16,2347,106,83,2103,416986,0,51,123,2080,0,137,65,
2022-11-17,2347,19,96,2023,416986,8,0,83,2103,3,123,32,
2022-11-18,2347,104,103,2022,416986,7,3,79,2023,2,83,0,
2022-11-21,2347,31,96,1937,416986,0,166,245,2022,20,79,0,
2022-11-22,2347,217,104,2048,416986,0,7,252,1937,2,245,0,
2022-11-23,2347,114,335,1826,416986,3,4,55,2048,1,252,198,
2022-11-24,2347,96,56,1866,416986,0,3,58,1826,0,55,0,
2022-11-25,2347,51,122,1795,416986,6,1,53,1866,0,58,0,
2022-11-28,2347,26,27,1794,416986,0,20,73,1795,0,53,0,
2022-11-29,2347,27,45,1776,416986,0,22,95,1794,0,73,0,
2022-11-30,2347,152,53,1875,416986,0,13,108,1776,0,95,0,
2022-12-01,2347,88,123,1840,416986,11,18,115,1875,0,108,0,
2022-12-02,2347,27,89,1778,416986,0,0,115,1840,0,115,0,
2022-12-05,2347,73,90,1761,416986,0,1,116,1778,0,115,0,
2022-12-06,2347,43,79,1723,416986,1,0,115,1761,2,116,0,
2022-12-07,2347,48,56,1715,416986,1,0,114,1723,0,115,0,
2022-12-08,2347,52,37,1730,416986,0,1,115,1715,0,114,0,
2022-12-09,2347,38,52,1713,416986,0,0,115,1730,3,115,0,
2022-12-12,2347,46,74,1685,416986,5,0,110,1713,0,115,0,
2022-12-13,2347,34,68,1649,416986,1,1,110,1685,2,110,0,
2022-12-14,2347,85,52,1682,416986,0,3,113,1649,0,110,0,
2022-12-15,2347,132,51,1763,416986,1,1,113,1682,0,113,0,
2022-12-16,2347,54,167,1650,416986,2,11,122,1763,0,113,0,
2022-12-19,2347,130,68,1712,416986,4,2,120,1650,0,122,0,
2022-12-20,2347,82,204,1590,416986,2,14,132,1712,0,120,0,
2022-12-21,2347,105,30,1665,416986,2,16,146,1590,0,132,0,
2022-12-22,2347,69,96,1636,416986,0,7,153,1665,2,146,0,
2022-12-23,2347,47,94,1589,416986,9,2,106,1636,0,153,40,
2022-12-26,2347,26,120,1495,416986,6,8,108,1589,0,106,0,
2022-12-27,2347,31,28,1497,416986,2,0,106,1495,1,108,0,
2022-12-28,2347,50,97,1450,416986,11,1,96,1497,0,106,0,
2022-12-29,2347,25,29,1446,416986,35,0,61,1450,0,96,0,
2022-12-30,2347,13,20,1439,416986,4,1,58,1446,0,61,0,
2023-01-03,2347,29,23,1445,416986,2,1,57,1439,0,58,0,
2023-01-04,2347,42,27,1460,416986,2,3,58,1445,0,57,0,
2023-01-05,2347,36,27,1469,416986,1,2,59,1460,0,58,0,
2023-01-06,2347,49,18,1499,416986,4,0,55,1469,1,59,0,
2023-01-09,2347,11,62,1447,416986,1,0,54,1499,1,55,0,
2023-01-10,2347,66,47,1464,416986,1,0,53,1447,2,54,0,
2023-01-11,2347,12,39,1437,416986,0,0,53,1464,0,53,0,
2023-01-12,2347,9,36,1410,416986,0,0,53,1437,0,53,0,
2023-01-13,2347,39,67,1381,416986,0,0,53,1410,1,53,0,
2023-01-16,2347,4,38,1347,416986,0,0,53,1381,0,53,0,
2023-01-17,2347,3,43,1301,416986,0,0,53,1347,6,53,0,
2023-01-30,2347,39,27,1312,416986,0,3,56,1301,1,53,0,
2023-01-31,2347,18,20,1310,416986,0,0,56,1312,0,56,0,
2023-02-01,2347,68,74,1304,416986,0,3,59,1310,0,56,0,
2023-02-02,2347,74,34,1344,416986,2,0,57,1304,0,59,0,
2023-02-03,2347,88,177,1255,416986,0,2,59,1344,0,57,0,
2023-02-06,2347,68,21,1302,416986,0,0,59,1255,0,59,0,
2023-02-07,2347,34,45,1272,416986,0,2,61,1302,19,59,0,
2023-02-08,2347,29,25,1276,416986,2,0,59,1272,0,61,0,
2023-02-09,2347,11,35,1252,416986,0,0,59,1276,0,59,0,
2023-02-10,2347,7,50,1209,416986,0,1,60,1252,0,59,0,
2023-02-13,2347,13,26,1196,416986,0,1,61,1209,0,60,0,
2023-02-14,2347,6,12,1190,416986,0,1,62,1196,0,61,0,
2023-02-15,2347,27,84,1133,416986,1,0,61,1190,0,62,0,
2023-02-16,2347,19,73,1075,416986,0,1,62,1133,4,61,0,
2023-02-17,2347,19,10,1084,416986,0,0,62,1075,0,62,0,
2023-02-20,2347,22,29,1077,416986,1,2,63,1084,0,62,0,
2023-02-21,2347,29,20,1086,416986,1,1,63,1077,0,63,0,
2023-02-22,2347,9,23,1072,416986,2,0,61,1086,0,63,0,
2023-02-23,2347,9,22,1059,416986,0,0,61,1072,0,61,0,
2023-02-24,2347,51,30,1080,416986,5,0,56,1059,0,61,0,
2023-03-01,2347,19,14,1085,416986,0,0,56,1080,0,56,0,
2023-03-02,2347,22,14,1093,416986,0,6,62,1085,0,56,0,
2023-03-03,2347,25,16,1092,416986,0,0,62,1093,10,62,0,
2023-03-06,2347,20,21,1091,416986,0,0,62,1092,0,62,0,
2023-03-07,2347,23,31,1083,416986,4,3,61,1091,0,62,0,
2023-03-08,2347,17,24,1076,416986,1,0,60,1083,0,61,0,
2023-03-09,2347,206,50,1232,416986,9,10,61,1076,0,60,0,
2023-03-10,2347,23,96,1157,416986,7,0,54,1232,2,61,0,
2023-03-13,2347,22,65,1114,416986,4,0,50,1157,0,54,0,
2023-03-14,2347,12,1,1125,416986,0,0,50,1114,0,50,0,
2023-03-15,2347,8,29,1104,416986,0,0,50,1125,0,50,0,
2023-03-16,2347,15,30,1089,416986,1,1,50,1104,0,50,0,
2023-03-17,2347,2,17,1074,416986,4,3,49,1089,0,50,0,
2023-03-20,2347,27,4,1067,416986,1,0,48,1074,30,49,0,
2023-03-21,2347,110,11,1166,416986,3,1,46,1067,0,48,0,
2023-03-22,2347,21,42,1145,416986,4,1,43,1166,0,46,0,
2023-03-23,2347,13,24,1134,416986,9,0,34,1145,0,43,0,X
2023-03-24,2347,30,22,1142,416986,30,0,4,1134,0,34,0,X
2023-03-27,2347,25,21,1146,416986,0,0,0,1142,0,4,4,X
2023-03-28,2347,30,22,1154,416986,0,0,0,1146,0,0,0,X
2023-03-29,2347,17,25,1146,416986,0,0,0,1154,0,0,0,
2023-03-30,2347,2,30,1118,416986,0,0,0,1146,0,0,0,
2023-03-31,2347,22,28,1102,416986,0,0,0,1118,10,0,0,
2023-04-06,2347,32,8,1122,416986,0,1,1,1102,4,0,0,
2023-04-07,2347,18,29,1100,416986,0,3,4,1122,11,1,0,
2023-04-10,2347,47,6,1141,416986,0,0,4,1100,0,4,0,
2023-04-11,2347,11,39,1113,416986,3,0,1,1141,0,4,0,
2023-04-12,2347,24,92,1045,416986,0,1,2,1113,0,1,0,
2023-04-13,2347,16,42,1019,416986,2,0,0,1045,0,2,0,
2023-04-14,2347,5,18,1006,416986,0,0,0,1019,0,0,0,
2023-04-17,2347,32,14,1009,416986,0,0,0,1006,15,0,0,
2023-04-18,2347,21,60,970,416986,0,1,1,1009,0,0,0,
2023-04-19,2347,2,32,929,416986,1,0,0,970,11,1,0,
2023-04-20,2347,24,23,930,416986,0,0,0,929,0,0,0,
2023-04-21,2347,15,4,941,416986,0,0,0,930,0,0,0,
2023-04-24,2347,4,7,938,416986,0,4,4,941,0,0,0,
2023-04-25,2347,0,17,921,416986,0,0,4,938,0,4,0,
2023-04-26,2347,2,9,914,416986,0,2,6,921,0,4,0,
2023-04-27,2347,12,2,924,416986,0,0,6,914,0,6,0,
2023-04-28,2347,6,19,911,416986,4,0,2,924,0,6,0,
2023-05-02,2347,23,0,934,416986,0,0,2,911,0,2,0,
2023-05-03,2347,6,28,912,416986,0,0,2,934,0,2,0,
2023-05-04,2347,2,9,905,416986,0,0,2,912,0,2,0,
2023-05-05,2347,11,20,896,416986,0,0,2,905,0,2,0,
2023-05-08,2347,2,13,880,416986,0,0,2,896,5,2,0,
2023-05-09,2347,12,3,889,416986,0,0,2,880,0,2,0,
2023-05-10,2347,3,3,889,416986,0,0,2,889,0,2,0,
2023-05-11,2347,6,9,886,416986,0,0,2,889,0,2,0,
2023-05-12,2347,3,2,887,416986,0,5,7,886,0,2,0,
2023-05-15,2347,16,58,845,416986,3,0,4,887,0,7,0,
2023-05-16,2347,8,21,832,416986,0,0,4,845,0,4,0,
2023-05-17,2347,17,24,823,416986,0,1,5,832,2,4,0,
2023-05-18,2347,5,7,812,416986,3,0,2,823,9,5,0,
2023-05-19,2347,11,20,803,416986,0,0,2,812,0,2,0,
2023-05-22,2347,21,33,791,416986,0,0,2,803,0,2,0,
2023-05-23,2347,18,62,747,416986,0,0,2,791,0,2,0,
2023-05-24,2347,1,8,740,416986,0,0,2,747,0,2,0,
2023-05-25,2347,7,16,731,416986,0,0,2,740,0,2,0,
2023-05-26,2347,3,22,712,416986,0,0,2,731,0,2,0,
2023-05-29,2347,10,19,703,416986,0,0,2,712,0,2,0,
2023-05-30,2347,42,10,710,416986,1,0,1,703,25,2,0,
2023-05-31,2347,29,30,709,416986,1,0,0,710,0,1,0,X
2023-06-01,2347,23,2,730,416986,0,0,0,709,0,0,0,X
2023-06-02,2347,21,13,738,416986,0,0,0,730,0,0,0,X
2023-06-05,2347,38,16,760,416986,0,0,0,738,0,0,0,X
2023-06-06,2347,96,19,835,416986,0,0,0,760,2,0,0,
2023-06-07,2347,148,55,928,416986,0,75,75,835,0,0,0,
2023-06-08,2347,39,43,923,416986,0,1,76,928,1,75,0,
2023-06-09,2347,24,48,899,416986,0,0,76,923,0,76,0,
2023-06-12,2347,36,106,829,416986,0,7,83,899,0,76,0,
2023-06-13,2347,7,18,813,416986,0,15,98,829,5,83,0,
2023-06-14,2347,22,16,819,416986,0,0,98,813,0,98,0,
2023-06-15,2347,42,32,829,416986,0,0,98,819,0,98,0,
2023-06-16,2347,25,13,841,416986,1,5,102,829,0,98,0,
2023-06-19,2347,27,19,849,416986,0,5,107,841,0,102,0,
2023-06-20,2347,4,11,841,416986,1,5,111,849,1,107,0,
2023-06-21,2347,4,26,819,416986,0,1,112,841,0,111,0,
2023-06-26,2347,2,9,812,416986,80,0,32,819,0,112,0,
2023-06-27,2347,11,4,819,416986,1,0,31,812,0,32,0,
2023-06-28,2347,10,4,825,416986,0,0,31,819,0,31,0,
2023-06-29,2347,40,0,865,416986,0,0,31,825,0,31,0,
2023-06-30,2347,54,10,909,416986,1,0,30,865,0,31,0,
2023-07-03,2347,31,5,932,416986,0,0,30,909,3,30,0,
2023-07-04,2347,33,16,947,416986,0,0,30,932,2,30,0,
2023-07-05,2347,24,17,949,416986,0,0,30,947,5,30,0,
2023-07-06,2347,29,5,972,416986,5,2,27,949,1,30,0,
2023-07-07,2347,99,53,1001,416986,25,3,5,972,17,27,0,
2023-07-10,2347,30,12,1019,416986,0,7,12,1001,0,5,0,
2023-07-11,2347,14,65,968,416986,0,11,23,1019,0,12,0,
2023-07-12,2347,19,42,944,416986,7,10,26,968,1,23,0,
2023-07-13,2347,102,81,965,416986,6,13,33,944,0,26,0,
2023-07-14,2347,53,14,1004,416986,0,0,33,965,0,33,0,
2023-07-17,2347,12,8,1008,416986,3,10,40,1004,0,33,0,
2023-07-18,2347,22,26,1004,416986,0,0,40,1008,0,40,0,
2023-07-19,2347,20,111,913,416986,0,0,40,1004,0,40,0,
2023-07-20,2347,38,12,934,416986,0,0,40,913,5,40,0,
2023-07-21,2347,14,51,897,416986,0,0,40,934,0,40,0,
2023-07-24,2347,16,23,890,416986,0,1,41,897,0,40,0,
2023-07-25,2347,26,5,910,416986,0,0,41,890,1,41,0,
2023-07-26,2347,9,11,890,416986,0,3,44,910,18,41,0,
2023-07-27,2347,13,23,880,416986,0,0,44,890,0,44,0,
2023-07-28,2347,15,21,874,416986,0,0,44,880,0,44,0,
2023-07-31,2347,27,49,852,416986,0,0,44,874,0,44,0,
2023-08-01,2347,4,19,837,416986,0,0,44,852,0,44,0,
2023-08-02,2347,17,3,851,416986,0,0,43,837,0,44,1,
2023-08-04,2347,11,2,860,416986,1,0,42,851,0,43,0,
2023-08-07,2347,1,10,846,416986,0,4,46,860,5,42,0,
2023-08-08,2347,2,7,841,416986,0,1,47,846,0,46,0,
2023-08-09,2347,11,11,835,416986,0,0,47,841,6,47,0,
2023-08-10,2347,2,1,836,416986,0,0,47,835,0,47,0,
2023-08-11,2347,14,1,849,416986,0,0,47,836,0,47,0,
2023-08-14,2347,11,9,851,416986,23,0,24,849,0,47,0,
2023-08-15,2347,17,6,861,416986,0,13,37,851,1,24,0,
2023-08-16,2347,31,1,891,416986,0,0,37,861,0,37,0,
2023-08-17,2347,42,11,922,416986,0,0,37,891,0,37,0,
2023-08-18,2347,20,21,921,416986,0,1,38,922,0,37,0,
2023-08-21,2347,22,40,903,416986,0,2,40,921,0,38,0,
2023-08-22,2347,53,33,923,416986,2,2,40,903,0,40,0,
2023-08-23,2347,3,27,899,416986,2,2,40,923,0,40,0,
2023-08-24,2347,13,15,895,416986,0,0,40,899,2,40,0,
2023-08-25,2347,14,25,884,416986,4,0,36,895,0,40,0,
2023-08-28,2347,9,10,883,416986,0,0,36,884,0,36,0,
2023-08-29,2347,34,20,897,416986,0,0,36,883,0,36,0,
2023-08-30,2347,15,13,899,416986,0,0,36,897,0,36,0,
2023-08-31,2347,23,59,823,416986,0,13,49,899,40,36,0,
2023-09-01,2347,53,33,836,416986,0,0,49,823,7,49,0,
2023-09-04,2347,11,15,832,416986,0,0,49,836,0,49,0,
2023-09-05,2347,36,21,847,416986,0,1,50,832,0,49,0,
2023-09-06,2347,22,44,825,416986,4,5,51,847,0,50,0,
2023-09-07,2347,27,34,809,416986,1,0,50,825,9,51,0,
2023-09-08,2347,17,15,811,416986,1,6,55,809,0,50,0,
2023-09-11,2347,8,34,785,416986,0,0,55,811,0,55,0,
2023-09-12,2347,16,43,758,416986,0,0,55,785,0,55,0,
2023-09-13,2347,11,42,727,416986,0,0,55,758,0,55,0,
2023-09-14,2347,69,70,725,416986,0,0,55,727,1,55,0,
2023-09-15,2347,9,26,707,416986,0,0,55,725,1,55,0,
2023-09-18,2347,13,55,665,416986,0,0,55,707,0,55,0,
2023-09-19,2347,30,38,657,416986,0,0,55,665,0,55,0,
2023-09-20,2347,16,22,651,416986,0,0,55,657,0,55,0,
2023-09-21,2347,23,30,644,416986,0,4,59,651,0,55,0,
2023-09-22,2347,3,11,636,416986,0,3,62,644,0,59,0,
2023-09-25,2347,6,12,630,416986,2,2,62,636,0,62,0,
2023-09-26,2347,4,9,625,416986,0,0,62,630,0,62,0,
2023-09-27,2347,4,6,623,416986,1,0,61,625,0,62,0,
2023-09-28,2347,2,37,588,416986,1,0,60,623,0,61,0,
2023-10-02,2347,19,3,604,416986,0,0,60,588,0,60,0,
2023-10-03,2347,16,5,610,416986,0,0,60,604,5,60,0,
2023-10-04,2347,5,8,607,416986,1,1,60,610,0,60,0,
2023-10-05,2347,26,20,613,416986,0,0,60,607,0,60,0,
2023-10-06,2347,22,23,612,416986,1,0,59,613,0,60,0,
2023-10-11,2347,144,89,667,416986,2,4,61,612,0,59,0,
2023-10-12,2347,47,54,660,416986,1,1,61,667,0,61,0,
2023-10-13,2347,14,67,607,416986,0,1,62,660,0,61,0,
2023-10-16,2347,28,47,588,416986,0,0,62,607,0,62,0,
2023-10-17,2347,54,36,606,416986,1,1,62,588,0,62,0,
2023-10-18,2347,24,53,576,416986,0,2,64,606,1,62,0,
2023-10-19,2347,16,52,540,416986,0,1,65,576,0,64,0,
2023-10-20,2347,80,47,569,416986,0,0,65,540,4,65,0,
2023-10-23,2347,21,20,570,416986,4,1,62,569,0,65,0,
2023-10-24,2347,14,9,575,416986,1,1,62,570,0,62,0,
2023-10-25,2347,13,18,570,416986,2,0,60,575,0,62,0,
2023-10-26,2347,15,17,568,416986,0,1,61,570,0,60,0,
2023-10-27,2347,12,27,553,416986,0,0,61,568,0,61,0,
2023-10-30,2347,29,12,570,416986,0,0,61,553,0,61,0,
2023-10-31,2347,53,45,578,416986,2,4,63,570,0,61,0,
2023-11-01,2347,21,33,566,416986,0,1,64,578,0,63,0,
2023-11-02,2347,14,38,542,416986,0,3,67,566,0,64,0,
2023-11-03,2347,23,14,551,416986,1,1,67,542,0,67,0,
2023-11-06,2347,53,30,574,416986,1,0,66,551,0,67,0,
2023-11-07,2347,28,53,549,416986,1,0,65,574,0,66,0,
2023-11-08,2347,110,33,626,416986,0,0,65,549,0,65,0,
2023-11-09,2347,23,36,611,416986,1,1,65,626,2,65,0,
2023-11-10,2347,15,7,617,416986,0,0,65,611,2,65,0,
2023-11-13,2347,131,152,596,416986,6,11,70,617,0,65,0,
2023-11-14,2347,16,49,563,416986,10,0,60,596,0,70,0,
2023-11-15,2347,26,30,559,416986,0,0,60,563,0,60,0,
2023-11-16,2347,85,9,635,416986,0,1,61,559,0,60,0,
2023-11-17,2347,9,47,585,416986,0,0,61,635,12,61,0,
2023-11-20,2347,22,5,602,416986,1,0,60,585,0,61,0,
2023-11-21,2347,22,85,537,416986,0,3,63,602,2,60,0,
2023-11-22,2347,14,3,548,416986,0,0,63,537,0,63,0,
2023-11-23,2347,23,15,555,416986,3,0,60,548,1,63,0,
2023-11-24,2347,12,74,493,416986,0,2,62,555,0,60,0,
2023-11-27,2347,59,39,513,416986,0,4,66,493,0,62,0,
2023-11-28,2347,14,36,491,416986,2,0,64,513,0,66,0,
2023-11-29,2347,52,6,537,416986,7,0,57,491,0,64,0,
2023-11-30,2347,43,30,550,416986,0,3,60,537,0,57,0,
2023-12-01,2347,39,4,585,416986,2,0,58,550,0,60,0,
2023-12-04,2347,15,104,496,416986,0,0,58,585,0,58,0,
2023-12-05,2347,30,5,520,416986,4,0,54,496,1,58,0,
2023-12-06,2347,8,15,511,416986,0,0,54,520,2,54,0,
2023-12-07,2347,6,10,507,416986,0,0,54,511,0,54,0,
2023-12-08,2347,28,33,502,416986,0,0,54,507,0,54,0,
2023-12-11,2347,18,48,472,416986,0,0,54,502,0,54,0,
2023-12-12,2347,20,15,477,416986,0,3,57,472,0,54,0,
2023-12-13,2347,27,9,495,416986,1,0,56,477,0,57,0,
2023-12-14,2347,25,17,503,416986,0,0,56,495,0,56,0,
2023-12-15,2347,17,8,512,416986,0,0,56,503,0,56,0,
2023-12-18,2347,17,25,503,416986,2,0,54,512,1,56,0,
2023-12-19,2347,17,22,498,416986,2,0,52,503,0,54,0,
2023-12-20,2347,32,3,527,416986,2,0,50,498,0,52,0,
2023-12-21,2347,9,20,516,416986,0,0,50,527,0,50,0,
2023-12-22,2347,12,5,523,416986,0,0,50,516,0,50,0,
2023-12-25,2347,42,35,530,416986,0,0,50,523,0,50,0,
2023-12-26,2347,61,49,542,416986,0,1,51,530,0,50,0,
2023-12-27,2347,36,62,515,416986,0,0,51,542,1,51,0,
2023-12-28,2347,25,46,494,416986,0,0,51,515,0,51,0,
2023-12-29,2347,39,41,492,416986,0,1,52,494,0,51,0,
2024-01-02,2347,12,16,488,416986,0,0,52,492,0,52,0,
2024-01-03,2347,32,41,479,416986,0,0,52,488,0,52,0,
2024-01-04,2347,12,27,464,416986,0,0,52,479,0,52,0,
2024-01-05,2347,36,15,485,416986,0,0,52,464,0,52,0,
2024-01-08,2347,15,18,482,416986,0,0,52,485,0,52,0,
2024-01-09,2347,13,13,482,416986,0,0,52,482,0,52,0,
2024-01-10,2347,8,10,480,416986,0,0,52,482,0,52,0,
2024-01-11,2347,8,8,480,416986,0,0,52,480,0,52,0,
2024-01-12,2347,23,6,497,416986,0,0,52,480,0,52,0,
2024-01-15,2347,39,44,491,416986,1,0,51,497,1,52,0,
2024-01-16,2347,6,14,483,416986,0,0,51,491,0,51,0,
2024-01-17,2347,23,13,493,416986,0,0,50,483,0,51,1,
2024-01-18,2347,83,14,562,416986,0,0,50,493,0,50,0,
2024-01-19,2347,20,52,530,416986,0,2,52,562,0,50,0,
2024-01-22,2347,126,93,563,416986,0,2,54,530,0,52,0,
2024-01-23,2347,41,87,517,416986,0,0,54,563,0,54,0,
2024-01-24,2347,47,43,521,416986,0,22,76,517,0,54,0,
2024-01-25,2347,36,19,538,416986,0,0,76,521,0,76,0,
2024-01-26,2347,38,20,551,416986,0,1,77,538,5,76,0,
2024-01-29,2347,13,36,528,416986,0,1,78,551,0,77,0,
2024-01-30,2347,29,45,512,416986,3,0,75,528,0,78,0,
2024-01-31,2347,3,29,486,416986,0,0,75,512,0,75,0,
2024-02-01,2347,23,17,492,416986,0,0,75,486,0,75,0,
2024-02-02,2347,48,2,538,416986,0,0,75,492,0,75,0,
2024-02-05,2347,41,24,555,416986,0,0,75,538,0,75,0,
2024-02-15,2347,26,31,550,416986,0,0,75,555,0,75,0,
2024-02-16,2347,208,59,699,416986,0,3,78,550,0,75,0,
2024-02-19,2347,41,13,727,416986,0,11,89,699,0,78,0,
2024-02-20,2347,40,33,734,416986,0,3,92,727,0,89,0,
2024-02-21,2347,9,27,711,416986,0,0,92,734,5,92,0,
2024-02-22,2347,20,52,679,416986,0,0,92,711,0,92,0,
2024-02-23,2347,165,68,775,416986,0,0,92,679,1,92,0,
2024-02-26,2347,9,27,757,416986,0,0,92,775,0,92,0,
2024-02-27,2347,153,21,889,416986,2,1,91,757,0,92,0,
2024-02-29,2347,32,38,882,416986,0,0,91,889,1,91,0,
2024-03-01,2347,169,35,1016,416986,0,0,91,882,0,91,0,
2024-03-04,2347,11,35,992,416986,0,1,92,1016,0,91,0,
2024-03-05,2347,79,75,996,416986,2,1,91,992,0,92,0,
2024-03-06,2347,6,14,988,416986,0,0,91,996,0,91,0,
2024-03-07,2347,7,18,977,416986,0,0,91,988,0,91,0,
2024-03-08,2347,14,29,962,416986,3,0,88,977,0,91,0,
2024-03-11,2347,16,31,947,416986,0,0,88,962,0,88,0,
2024-03-12,2347,31,21,957,416986,0,0,88,947,0,88,0,
2024-03-13,2347,344,93,1208,416986,0,8,96,957,0,88,0,
2024-03-14,2347,480,113,1575,416986,3,1,94,1208,0,96,0,
2024-03-15,2347,133,337,1370,416986,11,16,99,1575,1,94,0,
2024-03-18,2347,352,62,1659,416986,11,0,88,1370,1,99,0,
2024-03-19,2347,389,208,1840,416986,7,0,81,1659,0,88,0,
2024-03-20,2347,242,249,1833,416986,5,0,76,1840,0,81,0,
2024-03-21,2347,166,190,1806,416986,8,0,68,1833,3,76,0,
2024-03-22,2347,148,219,1735,416986,39,0,29,1806,0,68,0,X
2024-03-25,2347,29,155,1609,416986,29,0,0,1735,0,29,0,X
2024-03-26,2347,25,587,1047,416986,0,0,0,1609,0,0,0,X
2024-03-27,2347,28,29,1046,416986,0,0,0,1047,0,0,0,X
2024-03-28,2347,46,15,1077,416986,0,0,0,1046,0,0,0,
2024-03-29,2347,16,57,1036,416986,0,24,24,1077,0,0,0,
2024-04-01,2347,195,45,1186,416986,24,2,2,1036,0,24,0,
2024-04-02,2347,323,107,1402,416986,0,2,4,1186,0,2,0,
2024-04-03,2347,16,12,1406,416986,2,0,2,1402,0,4,0,
2024-04-08,2347,0,15,1391,416986,0,1,3,1406,0,2,0,
2024-04-09,2347,25,50,1366,416986,0,1,4,1391,0,3,0,
2024-04-10,2347,22,57,1331,416986,0,0,4,1366,0,4,0,
2024-04-11,2347,6,13,1324,416986,0,0,4,1331,0,4,0,
2024-04-12,2347,140,19,1445,416986,1,0,3,1324,0,4,0,
2024-04-15,2347,14,43,1416,416986,1,21,23,1445,0,3,0,
2024-04-16,2347,20,128,1308,416986,0,10,33,1416,0,23,0,
2024-04-17,2347,69,14,1363,416986,2,9,40,1308,0,33,0,
2024-04-18,2347,64,79,1348,416986,0,1,41,1363,0,40,0,
2024-04-19,2347,57,332,1073,416986,7,9,43,1348,0,41,0,
2024-04-22,2347,11,235,849,416986,4,9,48,1073,0,43,0,
2024-04-23,2347,42,132,759,416986,4,1,45,849,0,48,0,
2024-04-24,2347,47,27,779,416986,2,1,44,759,0,45,0,
2024-04-25,2347,79,30,828,416986,4,1,41,779,0,44,0,
2024-04-26,2347,89,69,848,416986,1,1,41,828,0,41,0,
2024-04-29,2347,6,114,740,416986,1,1,41,848,0,41,0,
2024-04-30,2347,39,186,593,416986,0,1,42,740,0,41,0,
2024-05-02,2347,528,157,964,416986,0,2,44,593,0,42,0,
2024-05-03,2347,54,16,1002,416986,3,820,861,964,0,44,0,
2024-05-06,2347,39,43,998,416986,23,22,860,1002,0,861,0,
2024-05-07,2347,56,212,842,416986,14,9,35,998,0,860,820,
2024-05-08,2347,26,19,849,416986,0,303,338,842,0,35,0,
2024-05-09,2347,71,18,902,416986,4,0,334,849,0,338,0,
2024-05-10,2347,162,420,644,416986,0,129,163,902,0,334,300,
2024-05-13,2347,63,47,660,416986,0,1,164,644,0,163,0,
2024-05-14,2347,19,27,652,416986,2,0,22,660,0,164,140,
2024-05-15,2347,129,39,742,416986,0,1,23,652,0,22,0,
2024-05-16,2347,50,55,737,416986,0,10,33,742,0,23,0,
2024-05-17,2347,50,75,712,416986,0,0,33,737,0,33,0,
2024-05-20,2347,87,97,702,416986,6,1,28,712,0,33,0,
2024-05-21,2347,21,26,697,416986,0,2,30,702,0,28,0,
2024-05-22,2347,167,110,754,416986,22,0,8,697,0,30,0,
2024-05-23,2347,95,55,794,416986,0,3,11,754,0,8,0,
2024-05-24,2347,79,51,822,416986,0,29,40,794,0,11,0,
2024-05-27,2347,86,107,801,416986,0,19,59,822,0,40,0,
2024-05-28,2347,470,95,1176,416986,1,6,64,801,0,59,0,
2024-05-29,2347,130,91,1215,416986,2,0,62,1176,0,64,0,
2024-05-30,2347,251,94,1372,416986,50,72,84,1215,0,62,0,
2024-05-31,2347,114,74,1412,416986,79,3,8,1372,0,84,0,
2024-06-03,2347,137,382,1167,416986,1,1,8,1412,0,8,0,
2024-06-04,2347,222,45,1344,416986,5,0,3,1167,0,8,0,
2024-06-05,2347,137,40,1441,416986,1,0,2,1344,0,3,0,
2024-06-06,2347,50,236,1255,416986,0,1,3,1441,0,2,0,
2024-06-07,2347,43,93,1195,416986,0,0,3,1255,10,3,0,
2024-06-11,2347,62,121,1136,416986,1,0,2,1195,0,3,0,
2024-06-12,2347,31,21,1146,416986,0,0,2,1136,0,2,0,
2024-06-13,2347,7,35,1118,416986,0,108,110,1146,0,2,0,
2024-06-14,2347,36,20,1134,416986,2,0,108,1118,0,110,0,
2024-06-17,2347,13,70,1075,416986,2,1,1,1134,2,108,106,X
2024-06-18,2347,62,202,935,416986,1,0,0,1075,0,1,0,X
2024-06-19,2347,47,247,734,416986,0,0,0,935,1,0,0,X
2024-06-20,2347,54,138,650,416986,0,0,0,734,0,0,0,X
2024-06-21,2347,126,60,716,416986,0,0,0,650,0,0,0,
2024-06-24,2347,617,32,1301,416986,0,15,15,716,0,0,0,
2024-06-25,2347,49,100,1250,416986,10,4,9,1301,0,15,0,
2024-06-26,2347,216,37,1419,416986,7,2,4,1250,10,9,0,
2024-06-27,2347,96,29,1486,416986,2,7,9,1419,0,4,0,
2024-06-28,2347,243,37,1691,416986,5,0,4,1486,1,9,0,
2024-07-01,2347,284,60,1915,416986,0,1,5,1691,0,4,0,
2024-07-02,2347,18,157,1770,416986,1,2,6,1915,6,5,0,
2024-07-03,2347,305,53,2019,416986,2,1,5,1770,3,6,0,
2024-07-04,2347,65,254,1830,416986,2,0,3,2019,0,5,0,
2024-07-05,2347,247,42,2035,416986,0,1,4,1830,0,3,0,
2024-07-08,2347,14,163,1886,416986,1,0,3,2035,0,4,0,
2024-07-09,2347,61,78,1869,416986,2,1,2,1886,0,3,0,
2024-07-10,2347,17,46,1840,416986,0,1,3,1869,0,2,0,
2024-07-11,2347,42,24,1858,416986,1,148,150,1840,0,3,0,
2024-07-12,2347,55,326,1587,416986,1,3,152,1858,0,150,0,
2024-07-15,2347,165,50,1702,416986,0,0,152,1587,0,152,0,
2024-07-16,2347,37,80,1625,416986,0,0,152,1702,34,152,0,
2024-07-17,2347,36,113,1548,416986,148,0,4,1625,0,152,0,
2024-07-18,2347,176,142,1582,416986,0,0,4,1548,0,4,0,
2024-07-19,2347,18,66,1534,416986,0,0,4,1582,0,4,0,
2024-07-22,2347,6,84,1456,416986,0,0,4,1534,0,4,0,
2024-07-23,2347,19,34,1441,416986,0,0,4,1456,0,4,0,
2024-07-26,2347,66,33,1473,416986,2,0,2,1441,1,4,0,
2024-07-29,2347,52,227,1292,416986,1,13,14,1473,6,2,0,
2024-07-30,2347,32,16,1308,416986,0,1,15,1292,0,14,0,
2024-07-31,2347,21,12,1317,416986,0,0,15,1308,0,15,0,
2024-08-01,2347,2,63,1256,416986,0,1,16,1317,0,15,0,
2024-08-02,2347,4,54,1205,416986,1,0,15,1256,1,16,0,
2024-08-05,2347,37,139,1101,416986,3,5,17,1205,2,15,0,
2024-08-06,2347,11,25,1081,416986,1,1,17,1101,6,17,0,
2024-08-07,2347,26,19,1087,416986,1,0,16,1081,1,17,0,
2024-08-08,2347,6,1,1092,416986,0,1,17,1087,0,16,0,
2024-08-09,2347,46,7,1131,416986,1,0,16,1092,0,17,0,
2024-08-12,2347,4,12,1122,416986,0,4,20,1131,1,16,0,
2024-08-13,2347,0,15,1107,416986,0,0,20,1122,0,20,0,
2024-08-14,2347,5,7,1105,416986,0,0,20,1107,0,20,0,
2024-08-15,2347,7,22,1090,416986,0,1,21,1105,0,20,0,
2024-08-16,2347,58,3,1145,416986,1,0,20,1090,0,21,0,
2024-08-19,2347,5,42,1108,416986,0,75,95,1145,0,20,0,
2024-08-20,2347,19,2,1125,416986,0,0,95,1108,0,95,0,
2024-08-21,2347,9,16,1118,416986,0,0,20,1125,0,95,75,
2024-08-22,2347,83,1,1200,416986,1,0,19,1118,0,20,0,
2024-08-23,2347,11,15,1196,416986,0,0,19,1200,0,19,0,
2024-08-26,2347,2,24,1174,416986,0,0,19,1196,0,19,0,
2024-08-27,2347,35,18,1191,416986,0,0,19,1174,0,19,0,
2024-08-28,2347,11,15,1186,416986,0,0,19,1191,1,19,0,
2024-08-29,2347,32,21,1197,416986,0,0,19,1186,0,19,0,
2024-08-30,2347,63,58,1202,416986,0,0,19,1197,0,19,0,
2024-09-02,2347,70,37,1235,416986,4,0,15,1202,0,19,0,
2024-09-03,2347,82,13,1304,416986,0,0,15,1235,0,15,0,
2024-09-04,2347,83,15,1372,416986,0,0,15,1304,0,15,0,
2024-09-05,2347,84,2,1454,416986,0,0,15,1372,0,15,0,
2024-09-06,2347,52,62,1441,416986,0,78,93,1454,3,15,0,
2024-09-09,2347,61,20,1481,416986,1,0,92,1441,1,93,0,
2024-09-10,2347,69,13,1537,416986,0,0,92,1481,0,92,0,
2024-09-11,2347,125,7,1655,416986,0,4,96,1537,0,92,0,
2024-09-12,2347,47,18,1684,416986,2,0,94,1655,0,96,0,
2024-09-13,2347,56,32,1703,416986,0,0,94,1684,5,94,0,
2024-09-16,2347,58,3,1757,416986,0,0,94,1703,1,94,0,
2024-09-18,2347,80,49,1788,416986,77,1,18,1757,0,94,0,
2024-09-19,2347,77,14,1851,416986,0,0,18,1788,0,18,0,
2024-09-20,2347,101,91,1861,416986,0,1,19,1851,0,18,0,
2024-09-23,2347,116,19,1923,416986,0,0,19,1861,35,19,0,
2024-09-24,2347,143,7,2059,416986,0,0,19,1923,0,19,0,
2024-09-25,2347,21,137,1943,416986,1,1,19,2059,0,19,0,
2024-09-26,2347,84,19,2007,416986,2,0,17,1943,1,19,0,
2024-09-27,2347,340,212,2135,416986,2,5,20,2007,0,17,0,
2024-09-30,2347,167,53,2249,416986,2,0,18,2135,0,20,0,
2024-10-01,2347,258,117,2390,416986,4,0,14,2249,0,18,0,
2024-10-04,2347,22,68,2344,416986,0,12,26,2390,0,14,0,
2024-10-07,2347,18,223,2138,416986,3,6,29,2344,1,26,0,
2024-10-08,2347,26,123,2041,416986,5,1,25,2138,0,29,0,
2024-10-09,2347,30,81,1990,416986,0,1,26,2041,0,25,0,
2024-10-11,2347,38,68,1960,416986,0,1,27,1990,0,26,0,
2024-10-14,2347,6,20,1946,416986,8,0,19,1960,0,27,0,
2024-10-15,2347,14,41,1919,416986,0,0,19,1946,0,19,0,
2024-10-16,2347,11,21,1908,416986,1,0,18,1919,1,19,0,
2024-10-17,2347,5,27,1886,416986,0,0,18,1908,0,18,0,
2024-10-18,2347,4,52,1838,416986,0,1,19,1886,0,18,0,
2024-10-21,2347,49,6,1881,416986,1,0,18,1838,0,19,0,
2024-10-22,2347,1,29,1850,416986,0,0,18,1881,3,18,0,
2024-10-23,2347,54,24,1880,416986,1,0,17,1850,0,18,0,
2024-10-24,2347,16,36,1860,416986,0,1,18,1880,0,17,0,
2024-10-25,2347,8,31,1837,416986,0,0,18,1860,0,18,0,
2024-10-28,2347,2,53,1786,416986,0,0,18,1837,0,18,0,
2024-10-29,2347,13,49,1749,416986,3,0,15,1786,1,18,0,
2024-10-30,2347,9,3,1755,416986,0,0,15,1749,0,15,0,
2024-11-01,2347,6,11,1750,416986,0,0,15,1755,0,15,0,
2024-11-04,2347,6,6,1750,416986,0,0,15,1750,0,15,0,
2024-11-05,2347,27,15,1759,416986,1,1,15,1750,3,15,0,
2024-11-06,2347,5,42,1722,416986,0,0,15,1759,0,15,0,
2024-11-07,2347,21,6,1737,416986,0,0,15,1722,0,15,0,
2024-11-08,2347,178,66,1849,416986,1,0,14,1737,0,15,0,
2024-11-11,2347,4,31,1822,416986,0,0,14,1849,0,14,0,
2024-11-12,2347,1,26,1797,416986,0,0,14,1822,0,14,0,
2024-11-13,2347,357,110,2044,416986,0,0,14,1797,0,14,0,
2024-11-14,2347,79,21,2102,416986,0,0,14,2044,0,14,0,
2024-11-15,2347,294,130,2266,416986,0,0,8,2102,0,14,6,
2024-11-18,2347,41,185,2121,416986,0,0,8,2266,1,8,0,
2024-11-19,2347,106,586,1640,416986,0,18,26,2121,1,8,0,
2024-11-20,2347,83,113,1610,416986,10,2,18,1640,0,26,0,
2024-11-21,2347,131,88,1653,416986,2,2,18,1610,0,18,0,
2024-11-22,2347,112,43,1722,416986,8,0,10,1653,0,18,0,
2024-11-25,2347,60,197,1585,416986,0,0,10,1722,0,10,0,
2024-11-26,2347,12,59,1538,416986,0,4,14,1585,0,10,0,
2024-11-27,2347,14,55,1497,416986,0,3,17,1538,0,14,0,
2024-11-28,2347,73,78,1492,416986,4,0,13,1497,0,17,0,
2024-11-29,2347,21,17,1496,416986,4,6,15,1492,0,13,0,
2024-12-02,2347,167,42,1618,416986,0,0,15,1496,3,15,0,
2024-12-03,2347,93,36,1668,416986,7,1,9,1618,7,15,0,
2024-12-04,2347,196,26,1838,416986,1,5,13,1668,0,9,0,
2024-12-05,2347,32,272,1598,416986,0,7,20,1838,0,13,0,
2024-12-06,2347,10,45,1562,416986,0,0,20,1598,1,20,0,
2024-12-09,2347,32,54,1540,416986,7,1,14,1562,0,20,0,
2024-12-10,2347,47,33,1553,416986,0,0,14,1540,1,14,0,
2024-12-11,2347,24,14,1563,416986,1,1,14,1553,0,14,0,
2024-12-12,2347,44,16,1591,416986,0,0,14,1563,0,14,0,
2024-12-13,2347,81,57,1615,416986,0,0,14,1591,0,14,0,
2024-12-16,2347,64,11,1668,416986,0,10,24,1615,0,14,0,
2024-12-17,2347,19,16,1671,416986,0,2,26,1668,0,24,0,
2024-12-18,2347,3,15,1659,416986,1,0,25,1671,0,26,0,
2024-12-19,2347,20,5,1674,416986,0,0,25,1659,0,25,0,
2024-12-20,2347,2,190,1486,416986,1,25,49,1674,0,25,0,
2024-12-23,2347,2,47,1441,416986,2,9,56,1486,0,49,0,
2024-12-24,2347,24,105,1360,416986,0,2,58,1441,0,56,0,
2024-12-25,2347,28,8,1380,416986,1,2,59,1360,0,58,0,
2024-12-26,2347,13,216,1177,416986,1,2,60,1380,0,59,0,
2024-12-27,2347,22,0,1199,416986,1,0,59,1177,0,60,0,
2024-12-30,2347,5,11,1193,416986,0,1,60,1199,0,59,0,
2024-12-31,2347,55,19,1229,416986,7,1,54,1193,0,60,0,
2025-01-02,2347,5,93,1141,416986,12,5,47,1229,0,54,0,
2025-01-03,2347,4,26,1119,416986,10,0,37,1141,0,47,0,
2025-01-06,2347,6,28,1097,416986,2,0,35,1119,0,37,0,
2025-01-07,2347,6,25,1078,416986,1,1,35,1097,0,35,0,
2025-01-08,2347,5,21,1062,416986,0,0,35,1078,0,35,0,
2025-01-09,2347,8,54,1016,416986,1,1,35,1062,0,35,0,
2025-01-10,2347,5,37,984,416986,1,3,37,1016,0,35,0,
2025-01-13,2347,43,31,996,416986,0,0,37,984,0,37,0,
2025-01-14,2347,10,12,990,416986,0,0,37,996,4,37,0,
2025-01-15,2347,6,13,983,416986,17,0,20,990,0,37,0,
2025-01-16,2347,13,14,982,416986,0,0,20,983,0,20,0,
2025-01-17,2347,9,24,967,416986,0,0,20,982,0,20,0,
2025-01-20,2347,16,14,968,416986,0,1,21,967,1,20,0,
2025-01-21,2347,10,3,975,416986,1,0,20,968,0,21,0,
2025-01-22,2347,3,7,966,416986,0,3,23,975,5,20,0,
2025-02-03,2347,0,21,944,416986,2,3,24,966,1,23,0,
2025-02-04,2347,31,23,952,416986,1,0,23,944,0,24,0,
2025-02-05,2347,3,13,942,416986,0,0,23,952,0,23,0,
2025-02-06,2347,8,2,947,416986,0,1,24,942,1,23,0,
2025-02-07,2347,11,2,956,416986,0,0,24,947,0,24,0,
2025-02-10,2347,5,27,934,416986,1,0,23,956,0,24,0,
2025-02-11,2347,37,1,969,416986,2,0,21,934,1,23,0,
2025-02-12,2347,0,6,963,416986,0,12,33,969,0,21,0,
2025-02-13,2347,36,5,994,416986,0,0,33,963,0,33,0,
2025-02-14,2347,42,1,1035,416986,0,0,33,994,0,33,0,
2025-02-17,2347,3,32,1006,416986,0,0,33,1035,0,33,0,
2025-02-18,2347,19,4,1021,416986,0,0,33,1006,0,33,0,
2025-02-19,2347,13,18,1016,416986,0,0,33,1021,0,33,0,
2025-02-20,2347,14,9,1021,416986,1,0,32,1016,0,33,0,
2025-02-21,2347,0,50,971,416986,0,0,32,1021,0,32,0,
2025-02-24,2347,27,0,998,416986,0,0,32,971,0,32,0,
2025-02-25,2347,12,5,1005,416986,0,1,33,998,0,32,0,
2025-02-26,2347,52,54,1003,416986,0,10,43,1005,0,33,0,
2025-02-27,2347,9,36,976,416986,0,3,46,1003,0,43,0,
2025-03-03,2347,43,35,984,416986,1,3,48,976,0,46,0,
2025-03-04,2347,30,2,1011,416986,0,27,75,984,1,48,0,
2025-03-05,2347,12,13,1003,416986,3,1,73,1011,7,75,0,
2025-03-06,2347,19,5,1017,416986,0,0,73,1003,0,73,0,
2025-03-07,2347,4,12,1009,416986,0,6,79,1017,0,73,0,
2025-03-10,2347,1,15,995,416986,7,1,73,1009,0,79,0,
2025-03-11,2347,8,23,980,416986,28,6,51,995,0,73,0,
2025-03-12,2347,19,3,996,416986,0,0,51,980,0,51,0,
2025-03-13,2347,44,145,895,416986,17,5,39,996,0,51,0,
2025-03-14,2347,10,67,838,416986,11,2,30,895,0,39,0,
2025-03-17,2347,12,29,821,416986,0,10,40,838,0,30,0,
2025-03-18,2347,31,16,836,416986,13,0,27,821,0,40,0,
2025-03-19,2347,8,10,834,416986,1,0,26,836,0,27,0,
2025-03-20,2347,3,17,820,416986,6,0,20,834,0,26,0,X
2025-03-21,2347,5,0,825,416986,19,0,0,820,0,20,1,X
2025-03-24,2347,12,25,812,416986,0,0,0,825,0,0,0,X
2025-03-25,2347,9,14,807,416986,0,0,0,812,0,0,0,X
2025-03-26,2347,10,73,742,416986,0,0,0,807,2,0,0,
2025-03-27,2347,11,4,748,416986,0,19,19,742,1,0,0,
2025-03-28,2347,12,18,741,416986,1,10,28,748,1,19,0,
2025-03-31,2347,25,48,718,416986,3,5,30,741,0,28,0,
2025-04-01,2347,11,19,710,416986,1,0,29,718,0,30,0,
2025-04-02,2347,7,19,698,416986,5,20,44,710,0,29,0,
2025-04-07,2347,11,41,664,416986,2,0,42,698,4,44,0,
2025-04-08,2347,32,103,593,416986,0,0,22,664,0,42,20,
2025-04-09,2347,265,89,768,416986,0,8,30,593,1,22,0,
2025-04-10,2347,38,48,758,416986,6,0,24,768,0,30,0,
2025-04-11,2347,2,214,545,416986,0,0,24,758,1,24,0,
2025-04-14,2347,6,47,504,416986,5,1,20,545,0,24,0,
2025-04-15,2347,10,2,512,416986,0,0,20,504,0,20,0,
2025-04-16,2347,228,3,737,416986,0,0,20,512,0,20,0,
2025-04-17,2347,43,13,762,416986,0,0,20,737,5,20,0,
2025-04-18,2347,7,131,638,416986,0,0,20,762,0,20,0,
2025-04-21,2347,11,143,506,416986,0,5,25,638,0,20,0,
2025-04-22,2347,25,9,522,416986,2,0,23,506,0,25,0,
2025-04-23,2347,15,41,496,416986,0,1,24,522,0,23,0,
2025-04-24,2347,12,18,490,416986,3,41,62,496,0,24,0,
2025-04-25,2347,36,15,511,416986,16,0,46,490,0,62,0,
2025-04-28,2347,12,17,506,416986,0,0,46,511,0,46,0,
2025-04-29,2347,4,38,472,416986,0,0,46,506,0,46,0,
2025-04-30,2347,27,1,498,416986,25,0,21,472,0,46,0,
2025-05-02,2347,1,9,490,416986,0,0,21,498,0,21,0,
2025-05-05,2347,4,4,490,416986,0,0,21,490,0,21,0,
2025-05-06,2347,2,20,472,416986,0,0,21,490,0,21,0,
2025-05-07,2347,11,5,478,416986,1,1,21,472,0,21,0,
2025-05-08,2347,7,2,475,416986,0,0,21,478,8,21,0,
2025-05-09,2347,4,6,473,416986,0,0,21,475,0,21,0,
2025-05-12,2347,7,1,479,416986,0,0,21,473,0,21,0,
2025-05-13,2347,8,2,485,416986,0,0,21,479,0,21,0,
2025-05-14,2347,2,10,477,416986,0,0,21,485,0,21,0,
2025-05-15,2347,24,6,495,416986,0,0,21,477,0,21,0,
2025-05-16,2347,39,24,510,416986,0,0,21,495,0,21,0,
2025-05-19,2347,34,38,506,416986,1,0,20,510,0,21,0,
2025-05-20,2347,1,11,496,416986,0,24,44,506,0,20,0,
2025-05-21,2347,4,16,484,416986,3,5,46,496,0,44,0,
2025-05-22,2347,14,0,498,416986,20,0,26,484,0,46,0,
2025-05-23,2347,4,30,472,416986,6,1,21,498,0,26,0,
2025-05-26,2347,7,2,477,416986,0,0,21,472,0,21,0,
2025-05-27,2347,6,24,459,416986,0,1,22,477,0,21,0,
2025-05-28,2347,13,6,466,416986,2,1,21,459,0,22,0,
2025-05-29,2347,13,0,479,416986,0,0,21,466,0,21,0,
2025-06-02,2347,6,4,481,416986,1,0,20,479,0,21,0,
2025-06-03,2347,16,3,494,416986,0,0,20,481,0,20,0,
2025-06-04,2347,0,8,486,416986,0,0,20,494,0,20,0,
2025-06-05,2347,3,7,482,416986,0,1,21,486,0,20,0,
2025-06-06,2347,0,15,467,416986,0,0,21,482,0,21,0,
2025-06-09,2347,19,13,473,416986,0,0,21,467,0,21,0,
2025-06-10,2347,2,7,468,416986,0,0,21,473,0,21,0,
2025-06-11,2347,2,8,462,416986,3,0,18,468,0,21,0,
2025-06-12,2347,1,15,448,416986,0,1,19,462,0,18,0,
2025-06-13,2347,3,0,451,416986,1,0,18,448,0,19,0,
2025-06-16,2347,2,3,450,416986,1,0,17,451,0,18,0,X
2025-06-17,2347,9,3,456,416986,17,0,0,450,0,17,0,X
2025-06-18,2347,19,20,455,416986,0,0,0,456,0,0,0,X
2025-06-19,2347,21,6,470,416986,0,0,0,455,0,0,0,X
2025-06-20,2347,59,14,515,416986,0,0,0,470,0,0,0,
2025-06-23,2347,293,21,784,416986,0,16,16,515,3,0,0,
2025-06-24,2347,221,107,897,416986,0,3,19,784,1,16,0,
2025-06-25,2347,188,8,1076,416986,1,1,19,897,1,19,0,
2025-06-26,2347,73,26,1123,416986,0,4,23,1076,0,19,0,
2025-06-27,2347,48,23,1148,416986,0,2,25,1123,0,23,0,
2025-06-30,2347,27,24,1151,416986,1,8,32,1148,0,25,0,
2025-07-01,2347,9,29,1131,416986,8,1,25,1151,0,32,0,
2025-07-02,2347,30,8,1153,416986,0,0,25,1131,0,25,0,
2025-07-03,2347,38,117,1074,416986,1,0,24,1153,0,25,0,
2025-07-04,2347,71,13,1132,416986,0,1,25,1074,0,24,0,
2025-07-07,2347,9,126,1015,416986,0,0,25,1132,0,25,0,
2025-07-08,2347,10,2,1023,416986,1,1,25,1015,0,25,0,
2025-07-09,2347,6,31,997,416986,0,76,101,1023,1,25,0,
2025-07-10,2347,0,4,993,416986,56,0,45,997,0,101,0,
2025-07-11,2347,12,66,939,416986,0,1,46,993,0,45,0,
2025-07-14,2347,0,36,903,416986,20,0,26,939,0,46,0,
2025-07-15,2347,0,0,903,416986,0,0,26,903,0,26,0,
2025-07-16,2347,5,17,891,416986,1,3,28,903,0,26,0,
2025-07-17,2347,1,4,888,416986,0,0,28,891,0,28,0,
2025-07-18,2347,2,8,882,416986,3,0,25,888,0,28,0,
2025-07-21,2347,4,240,646,416986,0,3,28,882,0,25,0,
2025-07-22,2347,2,67,531,416986,0,5,33,646,50,28,0,
2025-07-23,2347,1,30,452,416986,0,0,33,531,50,33,0,
2025-07-24,2347,13,2,463,416986,1,0,32,452,0,33,0,
2025-07-25,2347,0,0,463,416986,0,0,32,463,0,32,0,
2025-07-28,2347,8,5,466,416986,0,0,32,463,0,32,0,
2025-07-29,2347,7,4,469,416986,5,0,27,466,0,32,0,
2025-07-30,2347,4,5,468,416986,0,0,27,469,0,27,0,
2025-07-31,2347,5,0,473,416986,3,1,25,468,0,27,0,
2025-08-01,2347,7,2,478,416986,0,0,9,473,0,25,16,
2025-08-04,2347,8,7,479,416986,0,0,9,478,0,9,0,
2025-08-05,2347,0,3,476,416986,0,0,9,479,0,9,0,
2025-08-06,2347,4,1,479,416986,0,0,9,476,0,9,0,
2025-08-07,2347,1,7,473,416986,0,0,9,479,0,9,0,
2025-08-08,2347,59,4,528,416986,3,3,9,473,0,9,0,
2025-08-11,2347,249,4,773,416986,3,26,32,528,0,9,0,
2025-08-12,2347,124,42,855,416986,10,7,29,773,0,32,0,
2025-08-13,2347,34,37,849,416986,5,0,24,855,3,29,0,
2025-08-14,2347,13,12,850,416986,2,0,22,849,0,24,0,
2025-08-15,2347,100,12,938,416986,1,1,22,850,0,22,0,
2025-08-18,2347,77,20,995,416986,1,3,24,938,0,22,0,
2025-08-19,2347,55,16,1034,416986,3,0,21,995,0,24,0,
2025-08-20,2347,109,33,1109,416986,1,11,30,1034,1,21,1,
2025-08-21,2347,37,39,1107,416986,0,0,30,1109,0,30,0,
2025-08-22,2347,36,9,1134,416986,0,1,31,1107,0,30,0,
2025-08-25,2347,46,118,1042,416986,11,1,21,1134,20,31,0,
2025-08-26,2347,67,88,1021,416986,7,0,14,1042,0,21,0,
2025-08-27,2347,25,79,961,416986,0,0,14,1021,6,14,0,
2025-08-28,2347,975,145,1791,416986,0,1,15,961,0,14,0,
2025-08-29,2347,2245,1197,2839,416986,9,3,9,1791,0,15,0,
2025-09-01,2347,450,651,2637,416986,3,3,9,2839,1,9,0,
2025-09-02,2347,217,353,2500,416986,3,1,6,2637,1,9,1,
2025-09-03,2347,150,166,2483,416986,0,1,7,2500,1,6,0,
2025-09-04,2347,167,69,2581,416986,0,0,7,2483,0,7,0,
2025-09-05,2347,76,90,2566,416986,1,0,6,2581,1,7,0,
2025-09-08,2347,42,82,2526,416986,0,0,6,2566,0,6,0,
2025-09-09,2347,96,110,2512,416986,0,0,6,2526,0,6,0,
2025-09-10,2347,795,335,2972,416986,1,0,5,2512,0,6,0,
2025-09-11,2347,617,174,3414,416986,0,2,7,2972,1,5,0,
2025-09-12,2347,36,93,3354,416986,0,1,8,3414,3,7,0,
2025-09-15,2347,33,87,3298,416986,2,0,6,3354,2,8,0,
2025-09-16,2347,48,55,3291,416986,0,0,6,3298,0,6,0,
2025-09-17,2347,59,91,3259,416986,0,1,7,3291,0,6,0,
2025-09-18,2347,92,108,3243,416986,0,0,7,3259,0,7,0,
2025-09-19,2347,44,147,3138,416986,0,1,6,3243,2,7,2,
2025-09-22,2347,38,82,3094,416986,1,1,6,3138,0,6,0,
2025-09-23,2347,15,44,3065,416986,1,0,5,3094,0,6,0,
2025-09-24,2347,22,83,3003,416986,1,0,4,3065,1,5,0,
2025-09-25,2347,37,35,3004,416986,0,0,4,3003,1,4,0,
2025-09-26,2347,5,124,1654,416986,0,0,4,3004,1231,4,0,
2025-09-30,2347,36,17,1673,416986,0,0,4,1654,0,4,0,
2025-10-01,2347,6,60,1614,416986,0,0,4,1673,5,4,0,
2025-10-02,2347,430,20,2022,416986,0,0,4,1614,2,4,0,
2025-10-03,2347,51,67,2006,416986,0,2,6,2022,0,4,0,
2025-10-07,2347,27,14,2018,416986,0,2,8,2006,1,6,0,
2025-10-08,2347,86,32,1675,416986,1,0,7,2018,397,8,0,
2025-10-09,2347,119,18,1776,416986,0,2,9,1675,0,7,0,
2025-10-13,2347,65,46,1793,416986,0,1,10,1776,2,9,0,
2025-10-14,2347,17,64,1746,416986,4,0,6,1793,0,10,0,
2025-10-15,2347,9,58,1697,416986,0,0,6,1746,0,6,0,
2025-10-16,2347,38,9,1726,416986,0,0,6,1697,0,6,0,
2025-10-17,2347,58,29,1732,416986,0,0,6,1726,23,6,0,
2025-10-20,2347,17,26,1723,416986,0,2,8,1732,0,6,0,
2025-10-21,2347,32,23,1732,416986,0,1,9,1723,0,8,0,
2025-10-22,2347,23,38,1717,416986,3,0,6,1732,0,9,0,
2025-10-23,2347,58,11,1764,416986,0,2,8,1717,0,6,0,
2025-10-27,2347,130,39,1855,416986,0,0,8,1764,0,8,0,
2025-10-28,2347,52,40,1867,416986,0,3,11,1855,0,8,0,
2025-10-29,2347,139,13,1993,416986,0,0,11,1867,0,11,0,
2025-10-30,2347,34,10,2017,416986,2,0,9,1993,0,11,0,
2025-10-31,2347,182,13,2186,416986,0,6,15,2017,0,9,0,
2025-11-03,2347,44,12,2218,416986,2,5,18,2186,0,15,0,
2025-11-04,2347,161,139,2240,416986,2,10,26,2218,0,18,0,
2025-11-05,2347,30,77,2193,416986,9,1,18,2240,0,26,0,
2025-11-06,2347,20,138,2075,416986,2,44,60,2193,0,18,0,
2025-11-07,2347,60,117,2018,416986,42,3,21,2075,0,60,0,
2025-11-10,2347,67,49,2034,416986,3,2,20,2018,2,21,0,
2025-11-11,2347,92,110,2016,416986,0,3,23,2034,0,20,0,
2025-11-12,2347,65,303,1777,416986,3,10,30,2016,1,23,0,
2025-11-13,2347,208,23,1949,416986,7,57,80,1777,13,30,0,
2025-11-14,2347,52,87,1911,416986,60,0,20,1949,3,80,0,
2025-11-17,2347,135,145,1900,416986,0,2,22,1911,1,20,0,
2025-11-18,2347,22,143,1779,416986,2,0,20,1900,0,22,0,
2025-11-19,2347,12,96,1692,416986,0,20,40,1779,3,20,0,
2025-11-20,2347,35,142,1580,416986,0,3,43,1692,5,40,0,
2025-11-21,2347,21,56,1545,416986,3,0,40,1580,0,43,0,
2025-11-24,2347,10,16,1539,416986,6,3,37,1545,0,40,0,
2025-11-25,2347,48,88,1499,416986,3,0,34,1539,0,37,0,
2025-11-26,2347,99,96,1497,416986,0,2,36,1499,5,34,0,
2025-11-27,2347,38,48,1487,416986,0,2,38,1497,0,36,0,
2025-11-28,2347,809,35,2261,416986,0,3,41,1487,0,38,0,
2025-12-01,2347,122,829,1553,416986,3,517,555,2261,1,41,0,
2025-12-02,2347,26,73,1506,416986,1,99,653,1553,0,555,0,
2025-12-03,2347,41,3,1544,416986,3,0,195,1506,0,653,455,
2025-12-04,2347,6,43,1506,416986,0,1,166,1544,1,195,30,
2025-12-05,2347,45,18,1533,416986,2,0,164,1506,0,166,0,
2025-12-08,2347,102,16,1619,416986,1,2,165,1533,0,164,0,
2025-12-09,2347,37,53,1603,416986,2,2,165,1619,0,165,0,
2025-12-10,2347,81,31,1652,416986,0,0,165,1603,1,165,0,
2025-12-11,2347,146,52,1746,416986,4,1,162,1652,0,165,0,
2025-12-12,2347,26,7,1765,416986,0,0,162,1746,0,162,0,
2025-12-15,2347,65,19,1811,416986,0,0,162,1765,0,162,0,
2025-12-16,2347,25,102,1734,416986,1,1,162,1811,0,162,0,
2025-12-17,2347,206,14,1926,416986,20,1,143,1734,0,162,0,
2025-12-18,2347,37,70,1892,416986,1,0,142,1926,1,143,0,
2025-12-19,2347,14,46,1857,416986,1,14,155,1892,3,142,0,
2025-12-22,2347,32,25,1860,416986,1,0,154,1857,4,155,0,
2025-12-23,2347,20,30,1849,416986,1,0,153,1860,1,154,0,
2025-12-24,2347,29,24,1848,416986,2,0,22,1849,6,153,129,
2025-12-26,2347,230,13,2053,416986,0,2,24,1848,12,22,0,
2025-12-29,2347,49,87,2015,416986,0,1,25,2053,0,24,0,
2025-12-30,2347,45,30,2029,416986,4,0,21,2015,1,25,0,
2025-12-31,2347,225,10,2243,416986,10,2,13,2029,1,21,0,
2026-01-02,2347,58,83,2218,416986,0,0,13,2243,0,13,0,
2026-01-05,2347,56,301,1973,416986,0,0,13,2218,0,13,0,
2026-01-06,2347,234,233,1974,416986,3,0,10,1973,0,13,0,
2026-01-07,2347,240,62,2152,416986,0,0,10,1974,0,10,0,
2026-01-08,2347,138,239,2050,416986,1,2,11,2152,1,10,0,
2026-01-09,2347,433,244,2239,416986,0,3,14,2050,0,11,0,
2026-01-12,2347,101,425,1915,416986,1,4,17,2239,0,14,0,
2026-01-13,2347,135,171,1878,416986,1,3,19,1915,1,17,0,
2026-01-14,2347,265,271,1872,416986,3,9,25,1878,0,19,0,
2026-01-15,2347,56,159,1769,416986,5,3,23,1872,0,25,0,
2026-01-16,2347,122,160,1730,416986,2,0,21,1769,1,23,0,
2026-01-19,2347,42,150,1622,416986,2,1,20,1730,0,21,0,
2026-01-20,2347,76,55,1636,416986,0,0,20,1622,7,20,0,
2026-01-21,2347,21,89,1566,416986,0,5,25,1636,2,20,0,
2026-01-22,2347,169,184,1551,416986,5,1,21,1566,0,25,0,
2026-01-23,2347,119,202,1468,416986,0,0,21,1551,0,21,0,
2026-01-26,2347,62,58,1461,416986,1,1,21,1468,11,21,0,
2026-01-27,2347,33,39,1455,416986,0,1,22,1461,0,21,0,
2026-01-28,2347,46,60,1441,416986,0,0,22,1455,0,22,0,
2026-01-29,2347,13,86,1368,416986,0,1,23,1441,0,22,0,
2026-01-30,2347,44,36,1376,416986,1,0,21,1368,0,23,1,
2026-02-02,2347,29,76,1329,416986,1,8,28,1376,0,21,0,
2026-02-03,2347,90,58,1361,416986,8,0,20,1329,0,28,0,
2026-02-04,2347,12,141,1231,416986,0,0,20,1361,1,20,0,
2026-02-05,2347,13,28,1216,416986,0,0,20,1231,0,20,0,
2026-02-06,2347,15,30,1201,416986,0,0,20,1216,0,20,0,
2026-02-09,2347,24,42,1181,416986,0,0,20,1201,2,20,0,
2026-02-10,2347,57,101,1137,416986,8,2,14,1181,0,20,0,
2026-02-11,2347,120,318,939,416986,0,1,15,1137,0,14,0,
2026-02-23,2347,30,117,852,416986,0,0,15,939,0,15,0,
2026-02-24,2347,13,51,814,416986,1,0,14,852,0,15,0,
2026-02-25,2347,57,76,795,416986,0,0,14,814,0,14,0,
2026-02-26,2347,43,99,736,416986,0,1,15,795,3,14,0,
2026-03-02,2347,30,49,717,416986,1,0,14,736,0,15,0,
2026-03-03,2347,12,33,694,416986,0,0,14,717,2,14,0,
2026-03-04,2347,28,27,695,416986,2,0,11,694,0,14,1,
2026-03-05,2347,42,37,698,416986,0,1,12,695,2,11,0,
2026-03-06,2347,36,10,724,416986,0,0,12,698,0,12,0,
2026-03-09,2347,25,63,684,416986,0,2,14,724,2,12,0,
2026-03-10,2347,25,8,701,416986,2,2,14,684,0,14,0,
2026-03-11,2347,120,32,787,416986,0,0,14,701,2,14,0,
2026-03-12,2347,20,137,668,416986,0,0,14,787,2,14,0,
2026-03-13,2347,47,19,696,416986,0,0,14,668,0,14,0,
2026-03-16,2347,258,179,775,416986,7,5,12,696,0,14,0,
2026-03-17,2347,338,310,803,416986,5,10,17,775,0,12,0,
2026-03-18,2347,121,59,862,416986,10,0,7,803,3,17,0,
2026-03-19,2347,38,109,791,416986,1,0,6,862,0,7,0,
2026-03-20,2347,23,38,776,416986,1,0,5,791,0,6,0,X
2026-03-23,2347,14,74,716,416986,5,0,0,776,0,5,0,X
2026-03-24,2347,112,84,744,416986,0,0,0,716,0,0,0,X
2026-03-25,2347,64,53,754,416986,0,0,0,744,1,0,0,X
2026-03-26,2347,236,121,869,416986,0,0,0,754,0,0,0,
2026-03-27,2347,51,86,834,416986,0,2,2,869,0,0,0,
2026-03-30,2347,97,221,710,416986,0,2,4,834,0,2,0,
2026-03-31,2347,24,109,625,416986,2,4,6,710,0,4,0,
2026-04-01,2347,13,78,559,416986,1,3,8,625,1,6,0,
2026-04-02,2347,2,53,508,416986,0,0,8,559,0,8,0,
2026-04-07,2347,35,38,505,416986,0,0,8,508,0,8,0,
2026-04-08,2347,103,50,558,416986,1,1,8,505,0,8,0,
2026-04-09,2347,54,40,579,416986,2,0,6,565,0,8,0,
2026-04-10,2347,61,39,601,416986,0,0,6,579,0,6,0,
2026-04-13,2347,74,89,586,416986,0,0,6,601,0,6,0,
2026-04-14,2347,35,76,545,416986,0,0,6,586,0,6,0,
2026-04-15,2347,22,96,471,416986,0,0,6,545,0,6,0,
2026-04-16,2347,31,14,488,416986,0,0,6,471,0,6,0,
2026-04-17,2347,14,67,435,416986,0,2,8,488,0,6,0,
2026-04-20,2347,71,34,467,416986,0,2,9,435,5,8,1,
2026-04-21,2347,15,28,454,416986,0,5,14,467,0,9,0,
2026-04-22,2347,13,6,461,416986,5,0,9,454,0,14,0,
2026-04-23,2347,29,88,402,416986,2,4,11,461,0,9,0,
2026-04-24,2347,14,41,375,416986,0,1,12,402,0,11,0,
2026-04-27,2347,31,15,391,416986,2,0,10,375,0,12,0,
2026-04-28,2347,116,32,475,416986,0,1,11,391,0,10,0,
2026-04-29,2347,32,109,398,416986,0,0,11,475,0,11,0,
2026-04-30,2347,4,19,383,416986,0,0,11,398,0,11,0,
2026-05-04,2347,15,22,376,416986,0,0,11,383,0,11,0,
2026-05-05,2347,7,11,372,416986,1,0,10,376,0,11,0,
2026-05-06,2347,178,41,509,416986,0,0,10,372,0,10,0,
2026-05-07,2347,73,151,431,416986,1,0,9,509,0,10,0,
2026-05-08,2347,57,31,457,416986,0,0,9,431,0,9,0,
2026-05-11,2347,89,66,480,416986,3,0,4,457,0,9,2,
2026-05-12,2347,46,66,460,416986,0,0,4,480,0,4,0,
2026-05-13,2347,12,21,450,416986,0,0,4,460,1,4,0,
2026-05-14,2347,47,16,481,416986,0,0,4,450,0,4,0,
2026-05-15,2347,11,31,461,416986,0,0,4,481,0,4,0,
2026-05-18,2347,200,15,646,416986,0,0,4,461,0,4,0,
2026-05-19,2347,25,22,649,416986,0,0,4,646,0,4,0,
2026-05-20,2347,160,12,797,416986,0,0,4,649,0,4,0,
2026-05-21,2347,174,33,938,416986,0,0,4,797,0,4,0,
2026-05-22,2347,25,25,938,416986,0,0,4,938,0,4,0,
2026-05-25,2347,37,60,914,416986,0,0,4,938,1,4,0,
2026-05-26,2347,148,150,912,416986,0,0,4,914,0,4,0,
2026-05-27,2347,500,99,1303,416986,0,0,4,912,10,4,0,
2026-05-28,2347,177,68,1411,416986,0,0,4,1303,1,4,0,
2026-05-29,2347,42,79,1374,416986,0,0,4,1411,0,4,0,
2026-06-01,2347,86,46,1412,416986,0,0,4,1374,2,4,0,
2026-06-02,2347,1384,319,2477,416986,0,2,6,1412,0,4,0,
2026-06-03,2347,569,421,2625,416986,0,0,6,2477,0,6,0,
2026-06-04,2347,460,505,2580,416986,1,0,5,2625,0,6,0,
2026-06-05,2347,331,279,2632,416986,0,0,5,2580,0,5,0,
2026-06-08,2347,69,327,2374,416986,0,2,7,2632,0,5,0,
2026-06-09,2347,304,59,2609,416986,0,2,9,2374,10,7,0,
2026-06-10,2347,169,196,2582,416986,0,1,10,2609,0,9,0,
2026-06-11,2347,487,62,3007,416986,2,0,8,2582,0,10,0,
2026-06-12,2347,131,85,3045,416986,0,1,9,3007,8,8,0,
2026-06-15,2347,62,97,3010,416986,1,0,8,3045,0,9,0,
2026-06-16,2347,451,502,2959,416986,0,3,11,3010,0,8,0,
2026-06-17,2347,18,59,2918,416986,1,0,10,2959,0,11,0,
2026-06-18,2347,1100,1156,2860,416986,0,0,10,2916,0,10,0,
2026-06-22,2347,30,88,2802,416986,0,0,10,2860,0,10,0,
2026-06-23,2347,25,288,2539,416986,1,0,9,2802,0,10,0,
2026-06-24,2347,37,136,2440,416986,0,1,10,2539,0,9,0,
2026-06-25,2347,456,395,2501,416986,0,1,11,2440,0,10,0,
2026-06-26,2347,25,102,2424,416986,1,1,11,2501,0,11,0,
2026-06-29,2347,37,27,2434,416986,3,0,8,2424,0,11,0,
2026-06-30,2347,42,60,2416,416986,0,0,8,2434,0,8,0,
2026-07-01,2347,70,48,2438,416986,0,0,8,2416,0,8,0,
2026-07-02,2347,3,25,2416,416986,0,0,8,2438,0,8,0,
2026-07-03,2347,98,117,2397,416986,0,0,8,2416,0,8,0,
2026-07-06,2347,28,36,2389,416986,4,0,4,2397,0,8,0,X
2026-07-07,2347,39,90,2338,416986,3,0,0,2389,0,4,1,X
2026-07-08,2347,121,1381,1078,416986,0,0,0,2338,0,0,0,X
2026-07-09,2347,51,60,1069,416986,0,0,0,1078,0,0,0,
2026-07-13,2347,45,67,1047,416986,0,0,0,1069,0,0,0,
2026-07-14,2347,93,329,811,416986,0,0,0,1047,0,0,0,
2026-07-15,2347,23,95,739,416986,0,0,0,811,0,0,0,
2026-07-16,2347,55,42,752,416986,0,0,0,739,0,0,0,
2026-07-17,2347,13,72,681,416986,0,3,3,752,12,0,0,
2026-07-20,2347,31,27,682,416986,1,2,4,681,3,3,0,
2026-07-21,2347,21,32,661,416986,0,0,4,682,10,4,0,
2026-07-22,2347,14,68,607,416986,0,0,4,661,0,4,0,
2026-07-23,2347,2,8,601,416986,0,0,4,607,0,4,0,
2026-07-24,2347,6,39,567,416986,0,5,9,601,1,4,0,
2026-07-27,2347,17,8,576,416986,0,0,9,567,0,9,0,
2026-07-28,2347,13,24,565,416986,4,1,6,576,0,9,0,
2026-07-29,2347,17,15,567,416986,2,0,4,565,0,6,0,
2026-07-30,2347,12,11,568,416986,0,3,7,567,0,4,0,
2026-07-31,2347,177,67,678,416986,0,3,10,568,0,7,0,
2026-08-03,2347,75,51,702,416986,2,0,8,678,0,10,0,
2026-08-04,2347,80,27,755,416986,1,0,7,702,0,8,0,
2026-08-05,2347,444,67,1132,416986,0,1,8,755,0,7,0,
2026-08-06,2347,132,16,1248,416986,1,0,7,1132,0,8,0,
2026-08-07,2347,58,45,1261,416986,0,0,7,1248,0,7,0,
2026-08-10,2347,101,55,1307,416986,0,0,7,1261,0,7,0,
2026-08-11,2347,46,44,1309,416986,0,0,7,1307,0,7,0,
2026-08-12,2347,31,37,1302,416986,0,0,7,1309,1,7,0,
2026-08-13,2347,14,29,1287,416986,0,0,7,1302,0,7,0,
2026-08-14,2347,21,50,1258,416986,0,1,8,1287,0,7,0,
2026-08-17,2347,49,183,1124,416986,0,1,9,1258,0,8,0,
2026-08-18,2347,102,25,1201,416986,0,0,9,1124,0,9,0,
2026-08-19,2347,36,412,825,416986,0,1,10,1201,0,9,0,
2026-08-20,2347,12,20,817,416986,0,0,10,825,0,10,0,
2026-08-21,2347,9,29,794,416986,0,1,11,817,3,10,0,
2026-08-24,2347,6,28,772,416986,0,0,11,794,0,11,0,
2026-08-25,2347,25,6,791,416986,1,0,10,772,0,11,0,
2026-08-26,2347,15,9,797,416986,0,0,10,791,0,10,0,
2026-08-27,2347,16,12,801,416986,0,0,10,797,0,10,0,
2026-08-28,2347,26,26,801,416986,0,0,10,801,0,10,0,
2026-08-31,2347,22,8,815,416986,1,0,9,801,0,10,0,
2026-09-01,2347,81,10,886,416986,0,0,9,815,0,9,0,
2026-09-02,2347,19,58,847,416986,0,3,12,886,0,9,0,
2026-09-03,2347,28,7,868,416986,2,0,10,847,0,12,0,
2026-09-04,2347,11,51,828,416986,0,0,10,868,0,10,0,
2026-09-07,2347,71,43,855,416986,0,0,10,828,1,10,0,
2026-09-08,2347,34,28,861,416986,0,0,10,855,0,10,0,
2026-09-09,2347,25,6,880,416986,0,0,10,861,0,10,0,
2026-09-10,2347,5,32,852,416986,0,0,10,880,1,10,0,
2026-09-11,2347,19,46,825,416986,0,2,12,852,0,10,0,
2026-09-14,2347,17,97,745,416986,0,1,13,825,0,12,0,
2026-09-15,2347,3,106,642,416986,0,3,16,745,0,13,0,
2026-09-16,2347,0,28,614,416986,2,0,14,642,0,16,0,
2026-09-17,2347,4,20,598,416986,1,0,13,614,0,14,0,
2026-09-18,2347,12,21,589,416986,0,0,13,598,0,13,0,
2026-09-21,2347,19,11,597,416986,0,0,13,589,0,13,0,
2026-09-22,2347,4,17,582,416986,0,0,13,597,2,13,0,
2026-09-23,2347,49,87,543,416986,0,0,13,582,1,13,0,
2026-09-24,2347,44,23,564,416986,0,0,13,543,0,13,0,
2026-09-29,2347,52,24,592,416986,0,0,13,564,0,13,0,
2026-09-30,2347,21,25,588,416986,0,0,13,592,0,13,0,
2026-10-01,2347,10,17,581,416986,0,0,13,588,0,13,0,
2026-10-02,2347,25,6,600,416986,3,0,10,581,0,13,0,
2026-10-05,2347,22,44,578,416986,0,0,10,600,0,10,0,
2026-10-06,2347,23,14,587,416986,1,0,9,578,0,10,0,
2026-10-07,2347,6,19,574,416986,0,0,9,587,0,9,0,
2026-10-08,2347,1,9,566,416986,2,0,7,574,0,9,0,
